GPS Time, Device Time, Longitude, Latitude,GPS Speed (Meters/second), Horizontal Dilution of Precision, Altitude, Bearing, G(x), G(y), G(z), G(calibrated), Absolute Throttle Position B(%),Barometric pressure (from vehicle)(psi),EGR Commanded(%),EGR Error(%),Engine Coolant Temperature(°C),Engine Load(%),Engine RPM(rpm),Fuel Trim Bank 1 Long Term(%),Fuel Trim Bank 1 Short Term(%),Fuel trim Bank 1 Sensor 1(%),Fuel trim Bank 1 Sensor 2(%),Intake Air Temperature(°C),Intake Manifold Pressure(psi),Mass Air Flow Rate(g/s),O2 Bank 1 Sensor 1 Voltage(V),O2 Bank 1 Sensor 2 Voltage(V),Relative Throttle Position(%),Throttle Position(Manifold)(%),Timing Advance(°),Voltage (Control Module)(V)
Fri Jul 24 18:49:11 GMT+05:00 2026,24-Jul-2026 18:49:11.603,74.33263192,31.60926525,21.190000534057617,3.7900924682617188,172.693603515625,267.70001220703125,-0.15672988,8.89651489,6.34068108,0.1327582,38.82352829,14.06866059,0,0,87,83.52941132,1536,-,-3.125,-,-2.34375,39,13.05339642,12.60999966,-,0.63,15.68627453,23.13725471,20,11.97500038
Fri Jul 24 18:49:12 GMT+05:00 2026,24-Jul-2026 18:49:12.602,74.33240426,31.60926678,21.209999084472656,3.7900924682617188,172.77734375,268.8999938964844,-0.82821572,8.59711266,3.8545382,-0.01688188,38.82352829,14.06866059,0,0,87,83.52941132,1536,-,-3.125,-,-2.34375,39,13.05339642,12.60999966,-,0.63,15.68627453,23.13725471,20.5,12.05000019
Fri Jul 24 18:49:13 GMT+05:00 2026,24-Jul-2026 18:49:13.602,74.33217815,31.60927338,21.40999984741211,3.7900924682617188,172.54296875,271.79998779296875,-0.23330021,8.88215733,4.27836704,0.02426201,37.25490189,14.06866059,0,0,87,83.52941132,1556,-,-3.125,-,-2.34375,39,12.47324547,12.35999966,-,0.63,14.11764717,23.13725471,20.5,12.05000019
Fri Jul 24 18:49:14 GMT+05:00 2026,24-Jul-2026 18:49:14.602,74.33195227,31.60928281,21.5,3.7900924682617188,172.4510498046875,273.20001220703125,-0.2958127,8.89053249,4.52602386,0.03639847,37.25490189,14.06866059,0,0,87,83.52941132,1556,-,-3.125,-,-3.125,39,12.47324547,12.35999966,-,0.63,14.11764717,23.13725471,20.5,12.05000019
Fri Jul 24 18:49:15 GMT+05:00 2026,24-Jul-2026 18:49:15.602,74.33172384,31.60929019,21.6200008392334,3.7900924682617188,172.32843017578125,273.0,-0.10289137,9.20159912,4.55354166,0.06560224,37.25490189,14.06866059,0,0,87,83.52941132,1572,-,-3.125,-,-3.125,39,12.47324547,12.52999973,-,0.63,13.72549057,23.13725471,20.5,12.05000019
Fri Jul 24 18:49:16 GMT+05:00 2026,24-Jul-2026 18:49:16.601,74.33149843,31.60929911,21.709999084472656,3.7900924682617188,172.312255859375,272.5,-0.31016964,9.14895725,5.76969337,0.12203425,37.25490189,14.06866059,0,0,87,83.52941132,1572,-,-3.125,-,-3.125,39,12.47324547,12.52999973,-,0.63,13.72549057,21.56862831,21,12.05000019
Fri Jul 24 18:49:17 GMT+05:00 2026,24-Jul-2026 18:49:17.601,74.33126994,31.6093026,21.81999969482422,3.7900924682617188,172.19415283203125,273.0,0.71216387,9.9583292,5.88454914,0.2003389,37.25490189,14.06866059,0,0,87,83.52941132,1572,-,-3.125,-,-3.125,39,12.47324547,12.52999973,-,0.63,13.72549057,21.56862831,21.5,12.05000019
Fri Jul 24 18:49:18 GMT+05:00 2026,24-Jul-2026 18:49:18.603,74.33103884,31.60931192,21.93000030517578,3.7900924682617188,172.16748046875,274.70001220703125,-0.40229329,8.4020977,3.51924396,-0.05151659,36.86274338,14.06866059,0,0,87,83.52941132,1572,-,-3.125,-,-3.125,39,12.47324547,12.52999973,-,0.63,13.33333302,21.56862831,21.5,12.05000019
Fri Jul 24 18:49:19 GMT+05:00 2026,24-Jul-2026 18:49:19.602,74.33080672,31.60931663,21.989999771118164,3.7900924682617188,172.14984130859375,271.3999938964844,-0.51236314,7.9567337,4.31186628,-0.05699867,36.86274338,14.06866059,0,0,87,81.96078491,1599,-,-3.90625,-,-3.125,39,12.18316999,12.69999981,-,0.63,13.33333302,21.56862831,21.5,12.05000019
Fri Jul 24 18:49:20 GMT+05:00 2026,24-Jul-2026 18:49:20.602,74.33057251,31.60932303,22.190000534057617,3.7900924682617188,171.9400634765625,272.70001220703125,-0.22253251,8.94676399,3.99691105,0.01813352,36.86274338,14.06866059,0,0,87,81.96078491,1599,-,-3.90625,-,-3.125,39,12.18316999,12.69999981,-,0.63,13.33333302,20.3921566,21.5,12.10000038
Fri Jul 24 18:49:21 GMT+05:00 2026,24-Jul-2026 18:49:21.602,74.33034179,31.60932746,22.149999618530273,3.7900924682617188,172.2388916015625,271.6000061035156,0.84287179,8.7912302,4.8972106,0.04840428,36.86274338,14.06866059,0,0,88,36.07843018,1589,-,0,-,-3.125,39,3.48090571,3.25999999,-,0.63,3.13725495,20.3921566,21.5,12.10000038
Fri Jul 24 18:49:22 GMT+05:00 2026,24-Jul-2026 18:49:22.602,74.33011381,31.60933023,21.739999771118164,3.7900924682617188,172.14483642578125,272.0,0.09810573,7.20389175,3.95862603,-0.14302993,36.86274338,14.06866059,0,0,88,36.07843018,1589,-,0,-,0,39,3.48090571,3.25999999,-,0.06,7.05882359,20.3921566,21.5,12.125
Fri Jul 24 18:49:23 GMT+05:00 2026,24-Jul-2026 18:49:23.601,74.32988702,31.60933554,21.59000015258789,3.7900924682617188,172.07080078125,275.29998779296875,0.03708875,8.76012325,4.58105898,0.02671748,36.86274338,14.06866059,0,0,88,49.80392075,1551,-,-3.90625,-,0,39,5.36639631,7.40999985,-,0.06,7.05882359,20.3921566,21.5,12.125
Fri Jul 24 18:49:24 GMT+05:00 2026,24-Jul-2026 18:49:24.601,74.32966346,31.60933866,21.389999389648438,3.7900924682617188,172.2569580078125,270.8999938964844,-0.28983065,7.84068155,4.57507706,-0.05516011,36.86274338,14.06866059,0,0,88,49.80392075,1551,-,-3.90625,-,-12.5,39,5.36639631,7.40999985,-,0.85000002,14.11764717,18.03921509,21.5,12.125
Fri Jul 24 18:49:25 GMT+05:00 2026,24-Jul-2026 18:49:25.601,74.32943849,31.60934493,21.399999618530273,3.7900924682617188,172.0447998046875,269.5,-0.30179477,7.71386194,5.15443897,-0.03478169,36.86274338,14.06866059,0,0,88,80.78431702,1546,-,-2.34375,-,-12.5,39,5.36639631,12.44999981,-,0.85000002,14.11764717,18.03921509,21.5,12.125
Fri Jul 24 18:49:26 GMT+05:00 2026,24-Jul-2026 18:49:26.602,74.3292147,31.60935431,21.34000015258789,3.7900924682617188,172.2081298828125,272.29998779296875,-0.40109691,8.87737179,4.29750967,0.02522093,36.86274338,14.06866059,0,0,88,80.78431702,1546,-,-2.34375,-,-12.5,39,5.36639631,12.44999981,-,0.85000002,12.15686321,20.7843132,21,12.05000019
Fri Jul 24 18:49:27 GMT+05:00 2026,24-Jul-2026 18:49:27.601,74.32899043,31.60936104,21.469999313354492,3.7900924682617188,172.5753173828125,272.20001220703125,-0.3484548,8.98983479,4.89362144,0.06297451,36.47058868,14.06866059,0,0,88,77.2549057,1560,-,-2.34375,-,-12.5,39,12.03813225,12.44999981,-,0.85000002,12.15686321,20.7843132,21,12.05000019
Fri Jul 24 18:49:28 GMT+05:00 2026,24-Jul-2026 18:49:28.602,74.32876317,31.60936582,21.59000015258789,3.7900924682617188,172.6346435546875,272.6000061035156,0.40947178,9.13699341,4.79192638,0.07154304,36.47058868,14.06866059,0,0,88,77.2549057,1560,-,-2.34375,-,-2.34375,39,12.03813225,12.44999981,-,0.61500001,12.15686321,20.7843132,21,12.07499981
Fri Jul 24 18:49:29 GMT+05:00 2026,24-Jul-2026 18:49:29.602,74.32853303,31.60937012,21.690000534057617,3.7900924682617188,171.8873291015625,271.70001220703125,0.45134616,8.31954479,4.62891531,-0.00941133,36.47058868,14.06866059,0,0,88,79.60784149,1560,-,-2.34375,-,-2.34375,39,11.89309452,11.77999973,-,0.61500001,12.15686321,20.7843132,21,12.07499981
Fri Jul 24 18:49:30 GMT+05:00 2026,24-Jul-2026 18:49:30.602,74.3283049,31.60937889,21.93000030517578,3.7900924682617188,171.81500244140625,272.0,0.20219351,8.7349987,5.44187689,0.06828123,36.47058868,14.06866059,0,0,88,79.60784149,1560,-,-2.34375,-,-2.34375,39,11.89309452,11.77999973,-,0.63499999,16.07843208,21.96078491,21,12.07499981
Fri Jul 24 18:49:31 GMT+05:00 2026,24-Jul-2026 18:49:31.602,74.32807111,31.6093857,21.920000076293945,3.7900924682617188,171.88995361328125,272.1000061035156,-1.14077818,8.93719292,5.38085985,0.08874613,38.4313736,14.06866059,0,0,88,85.49019623,1560,-,-2.34375,-,-2.34375,39,12.90835868,11.77999973,-,0.63499999,16.07843208,21.96078491,21,12.07499981
Fri Jul 24 18:49:32 GMT+05:00 2026,24-Jul-2026 18:49:32.601,74.32784039,31.60939145,22.049999237060547,3.7900924682617188,172.12225341796875,270.8999938964844,0.18544376,8.0440712,5.22742033,-0.00289857,38.4313736,14.06866059,0,0,88,85.49019623,1560,-,-2.34375,-,-2.34375,39,12.90835868,11.77999973,-,0.62,16.07843208,23.13725471,21,12
Fri Jul 24 18:49:33 GMT+05:00 2026,24-Jul-2026 18:49:33.601,74.32760299,31.60939577,22.18000030517578,3.7900924682617188,171.51214599609375,270.6000061035156,0.98285192,9.02572727,6.33589506,0.14757115,38.4313736,14.06866059,0,0,88,85.09803772,1560,-,-2.34375,-,-2.34375,39,12.90835868,13.19999981,-,0.62,16.07843208,23.13725471,21,12
Fri Jul 24 18:49:34 GMT+05:00 2026,24-Jul-2026 18:49:34.602,74.32736811,31.60940316,22.31999969482422,3.7900924682617188,171.33441162109375,269.6000061035156,-0.67268229,8.63779068,6.14686251,0.10187322,38.4313736,14.06866059,0,0,88,85.09803772,1560,-,-2.34375,-,-2.34375,39,12.90835868,13.19999981,-,0.62,16.07843208,23.13725471,21,11.97500038
Fri Jul 24 18:49:35 GMT+05:00 2026,24-Jul-2026 18:49:35.602,74.32712811,31.60941113,22.440000534057617,3.7900924682617188,171.95074462890625,272.0,-0.38673997,7.06032228,4.91515684,-0.10317987,38.4313736,14.06866059,0,0,88,82.35294342,1630,-,-2.34375,-,-2.34375,39,12.76332094,13.27999973,-,0.62,15.68627453,23.13725471,21,11.97500038
Fri Jul 24 18:49:36 GMT+05:00 2026,24-Jul-2026 18:49:36.602,74.32688948,31.60941607,22.56999969482422,3.7900924682617188,171.6275634765625,270.8999938964844,-0.2213361,7.31037235,3.62093878,-0.149095,38.4313736,14.06866059,0,0,88,82.35294342,1630,-,-2.34375,-,-2.34375,39,12.76332094,13.27999973,-,0.64499998,17.64705849,24.70588303,20.5,12.02499962
Fri Jul 24 18:49:37 GMT+05:00 2026,24-Jul-2026 18:49:37.602,74.32664855,31.60942167,22.65999984741211,3.7900924682617188,171.54150390625,271.1000061035156,0.33888352,7.96630478,5.71346235,0.01891893,39.2156868,14.06866059,0,0,88,84.70587921,1643,-,-2.34375,-,-2.34375,39,12.76332094,13.78999996,-,0.64499998,17.64705849,24.70588303,20.5,12.02499962
Fri Jul 24 18:49:38 GMT+05:00 2026,24-Jul-2026 18:49:38.602,74.32640516,31.60942737,22.719999313354492,3.7900924682617188,171.6077880859375,271.70001220703125,-0.22731815,7.43838835,5.29561567,-0.04993784,39.2156868,14.06866059,0,0,88,84.70587921,1643,-,-2.34375,-,-2.34375,39,12.76332094,13.78999996,-,0.61500001,17.64705849,24.70588303,20.5,12.10000038
Fri Jul 24 18:49:39 GMT+05:00 2026,24-Jul-2026 18:49:39.602,74.32616383,31.60943566,22.829999923706055,3.7900924682617188,171.7021484375,271.1000061035156,-0.3699902,7.78205729,5.48494768,-0.00975066,36.47058868,14.06866059,0,0,88,93.72548676,1654,-,-2.34375,-,-2.34375,39,12.76332094,15.15999985,-,0.61500001,11.76470566,24.70588303,20.5,12.10000038
Fri Jul 24 18:49:40 GMT+05:00 2026,24-Jul-2026 18:49:40.601,74.32592174,31.60944073,22.950000762939453,3.7900924682617188,171.665283203125,271.70001220703125,-0.14835501,8.33509827,2.5785656,-0.09148902,36.47058868,14.06866059,26.66666603,0,88,93.72548676,1654,-,-2.34375,-,-2.34375,39,12.76332094,15.15999985,-,0.61500001,12.15686321,20.7843132,20.5,12.07499981
Fri Jul 24 18:49:41 GMT+05:00 2026,24-Jul-2026 18:49:41.601,74.32567902,31.60944567,23.0,3.7900924682617188,171.69921875,276.70001220703125,-2.2791636,7.74377251,5.96979332,0.04243237,36.47058868,14.06866059,26.66666603,0,88,100,1679,-,-2.34375,-,-2.34375,39,10.58775487,15.15999985,-,0.61500001,12.15686321,20.7843132,20.5,12.07499981
Fri Jul 24 18:49:42 GMT+05:00 2026,24-Jul-2026 18:49:42.602,74.32543509,31.60945116,23.200000762939453,3.7900924682617188,171.59002685546875,274.6000061035156,-1.71774757,7.69113016,5.38803816,-0.0078634,36.47058868,14.06866059,26.66666603,0,88,100,1679,-,-2.34375,-,-2.34375,39,10.58775487,15.15999985,-,0.61500001,12.15686321,24.31372643,22,12.17500019
Fri Jul 24 18:49:43 GMT+05:00 2026,24-Jul-2026 18:49:43.602,74.32518812,31.60945595,23.43000030517578,3.7900924682617188,171.5523681640625,272.3999938964844,-2.449054,9.26411152,6.19232607,0.18200248,39.2156868,14.06866059,26.66666603,0,88,100,1704,-,-2.34375,-,-2.34375,39,12.47324547,18.06999969,-,0.61500001,17.64705849,24.31372643,21.5,12.17500019
Fri Jul 24 18:49:44 GMT+05:00 2026,24-Jul-2026 18:49:44.602,74.32493976,31.60946432,23.700000762939453,3.7900924682617188,171.55419921875,273.1000061035156,-1.78713942,8.36979485,4.26879549,-0.00607729,39.2156868,14.06866059,33.33333206,0,88,100,1704,-,-2.34375,-,-2.34375,39,12.47324547,18.06999969,-,0.61500001,17.64705849,24.70588303,21.5,12.05000019
Fri Jul 24 18:49:45 GMT+05:00 2026,24-Jul-2026 18:49:45.602,74.32468841,31.60947327,23.8799991607666,3.7900924682617188,171.39630126953125,278.70001220703125,0.82223368,8.15444088,7.25892639,0.13502401,39.2156868,14.06866059,33.33333206,0,88,100,1738,-,-2.34375,-,-2.34375,39,12.47324547,18.53000069,-,0.61500001,17.64705849,24.70588303,21.5,12.05000019
Fri Jul 24 18:49:46 GMT+05:00 2026,24-Jul-2026 18:49:46.602,74.32443494,31.60948156,24.049999237060547,3.7900924682617188,171.6732177734375,293.20001220703125,-0.16390835,7.71505833,6.34905577,0.0376516,39.2156868,14.06866059,33.33333206,-0.78125,88,100,1738,-,-2.34375,-,-2.34375,39,12.47324547,18.53000069,-,0.65499997,17.64705849,24.70588303,21.5,12.125
Fri Jul 24 18:49:47 GMT+05:00 2026,24-Jul-2026 18:49:47.601,74.32417948,31.60948731,24.329999923706055,3.7900924682617188,171.56719970703125,275.20001220703125,-0.21655045,8.48704243,5.18434954,0.03302401,39.2156868,14.06866059,33.33333206,-0.78125,88,100,1738,-,-2.34375,-,-2.34375,39,12.47324547,18.87000084,-,0.65499997,17.64705849,24.70588303,22,12.125
Fri Jul 24 18:49:48 GMT+05:00 2026,24-Jul-2026 18:49:48.602,74.32391947,31.609494,24.559999465942383,3.7900924682617188,171.654052734375,273.8999938964844,-0.6655038,7.65404129,4.52243471,-0.07221955,39.2156868,14.06866059,33.72549057,-0.78125,88,100,1738,-,-2.34375,-,-2.34375,39,12.47324547,18.87000084,-,0.65499997,17.64705849,24.31372643,22,12.14999962
Fri Jul 24 18:49:49 GMT+05:00 2026,24-Jul-2026 18:49:49.602,74.32365575,31.60950299,24.780000686645508,3.7900924682617188,171.6102294921875,272.1000061035156,-0.51116675,7.49342299,5.18913507,-0.05041254,39.2156868,14.06866059,33.72549057,-0.78125,88,100,1795,-,-2.34375,-,-2.34375,39,12.18316999,18.53000069,-,0.65499997,17.64705849,24.31372643,22.5,12.14999962
Fri Jul 24 18:49:50 GMT+05:00 2026,24-Jul-2026 18:49:50.602,74.32339349,31.60951092,24.969999313354492,3.7900924682617188,171.72314453125,272.0,0.06819545,7.95194769,5.74097967,0.01879662,39.60784149,14.06866059,34.11764526,-0.78125,88,100,1795,-,-2.34375,-,-2.34375,39,12.32820773,18.53000069,-,0.65499997,18.03921509,24.31372643,22.5,12.14999962
Fri Jul 24 18:49:51 GMT+05:00 2026,24-Jul-2026 18:49:51.602,74.32312931,31.60951674,25.100000381469727,3.7900924682617188,171.5919189453125,268.29998779296875,3.41515613,4.62054062,9.39691353,0.14176184,39.60784149,14.06866059,34.11764526,-0.78125,88,100,1795,-,-2.34375,-,-2.34375,39,12.32820773,19.55999947,-,0.65499997,18.03921509,24.31372643,22.5,12.14999962
Fri Jul 24 18:49:52 GMT+05:00 2026,24-Jul-2026 18:49:52.601,74.32286508,31.60952265,25.190000534057617,3.7900924682617188,171.2186279296875,271.6000061035156,-1.12402844,3.20099854,8.95154953,-0.00517112,39.60784149,14.06866059,34.11764526,5.46875,88,100,1795,-,-2.34375,-,-2.34375,39,9.42745297,13.61999989,-,0.65499997,10.98039246,24.31372643,22.5,12.14999962
Fri Jul 24 18:49:53 GMT+05:00 2026,24-Jul-2026 18:49:53.601,74.32260061,31.60952162,25.059999465942383,3.7900924682617188,171.13525390625,270.8999938964844,-0.76480591,3.26201558,8.57079124,-0.04293698,39.60784149,14.06866059,21.1764698,5.46875,88,100,1795,-,-3.90625,-,-3.125,39,9.42745297,13.61999989,-,0.64999998,10.98039246,19.6078434,29,12.14999962
Fri Jul 24 18:49:54 GMT+05:00 2026,24-Jul-2026 18:49:54.601,74.32232756,31.60952855,25.3799991607666,3.7900924682617188,171.01617431640625,271.8999938964844,-0.74087769,3.70020103,9.21834946,0.0343762,39.60784149,14.06866059,21.1764698,5.46875,88,100,1821,-,-3.90625,-,-3.125,39,9.42745297,13.61999989,-,0.64999998,13.72549057,19.6078434,29,12.14999962
Fri Jul 24 18:49:55 GMT+05:00 2026,24-Jul-2026 18:49:55.601,74.32205626,31.60953397,25.15999984741211,3.7900924682617188,171.1138916015625,271.70001220703125,-0.89431745,3.79711032,8.72064209,-0.00715703,39.60784149,14.06866059,0,5.46875,88,70.98039246,1821,-,-3.90625,-,-3.125,39,9.42745297,13.61999989,-,0.64999998,13.72549057,20.7843132,24.5,12.14999962
Fri Jul 24 18:49:56 GMT+05:00 2026,24-Jul-2026 18:49:56.601,74.32180087,31.60954632,25.1299991607666,3.7900924682617188,170.4222412109375,272.0,-0.64277196,3.54795766,8.6150589,-0.02899331,36.47058868,14.06866059,0,0,88,70.98039246,1821,-,-3.90625,-,-3.125,39,11.31294356,13.27999973,-,0.64999998,12.54901981,20.7843132,24.5,12.14999962
Fri Jul 24 18:49:57 GMT+05:00 2026,24-Jul-2026 18:49:57.602,74.32153535,31.60955194,25.110000610351562,3.7900924682617188,169.846923828125,272.0,-0.69900334,3.53718996,8.83310509,-0.00845641,36.47058868,14.06866059,0,0,88,70.98039246,1821,-,-3.125,-,-3.125,39,11.31294356,13.27999973,-,0.61000001,12.54901981,20.7843132,24.5,12.14999962
Fri Jul 24 18:49:58 GMT+05:00 2026,24-Jul-2026 18:49:58.602,74.3212805,31.60955851,25.18000030517578,3.7900924682617188,169.31451416015625,271.70001220703125,-0.70977104,3.90359116,9.20399189,0.04068571,36.47058868,14.06866059,0,0,88,70.98039246,1816,-,-3.125,-,-3.125,39,10.58775487,12.52999973,-,0.61000001,10.98039246,20.7843132,24.5,12.14999962
Fri Jul 24 18:49:59 GMT+05:00 2026,24-Jul-2026 18:49:59.602,74.3210053,31.60956926,25.18000030517578,3.7900924682617188,168.61883544921875,271.6000061035156,-0.29940194,3.2787652,8.09671402,-0.09001923,36.47058868,14.06866059,0,0,88,68.23529053,1816,-,-3.90625,-,-3.90625,39,10.58775487,12.52999973,-,0.63999999,10.98039246,19.6078434,24.5,12.14999962
Fri Jul 24 18:50:00 GMT+05:00 2026,24-Jul-2026 18:50:00.601,74.32074536,31.60957502,25.15999984741211,3.7900924682617188,168.1141357421875,271.5,-0.48245287,3.71455812,8.62702274,-0.02227253,37.64706039,14.06866059,0,0,88,68.23529053,1819,-,-3.90625,-,-3.90625,39,12.03813225,12.52999973,-,0.63999999,13.72549057,19.6078434,24.5,12.14999962
Fri Jul 24 18:50:01 GMT+05:00 2026,24-Jul-2026 18:50:01.602,74.32047675,31.60957789,25.190000534057617,3.7900924682617188,168.5067138671875,271.3999938964844,-0.36759737,3.51086903,8.85464001,0.01427805,37.64706039,14.06866059,0,0,88,68.23529053,1819,-,-3.125,-,-1.5625,39,12.03813225,12.52999973,-,0.60500002,14.50980377,22.35294151,24.5,12.14999962
Fri Jul 24 18:50:02 GMT+05:00 2026,24-Jul-2026 18:50:02.602,74.32021033,31.60958685,25.219999313354492,3.7900924682617188,169.32177734375,271.5,-0.76839519,3.67148733,8.98265648,0.01129264,37.64706039,14.06866059,0,0,88,79.21568298,1822,-,-3.125,-,-1.5625,39,12.18316999,12.52999973,-,0.60500002,14.50980377,22.35294151,24.5,12.14999962
Fri Jul 24 18:50:03 GMT+05:00 2026,24-Jul-2026 18:50:03.602,74.31994163,31.60959595,25.290000915527344,3.7900924682617188,168.906982421875,271.20001220703125,-0.32093734,3.68225503,8.46191788,-0.03971952,37.64706039,14.06866059,29.80392075,0,88,79.21568298,1822,-,-3.125,-,2.34375,39,12.18316999,12.52999973,-,0.115,14.50980377,22.35294151,15,11.94999981
Fri Jul 24 18:50:04 GMT+05:00 2026,24-Jul-2026 18:50:04.601,74.31967608,31.60959916,25.329999923706055,3.7900924682617188,168.8092041015625,271.0,-0.59611195,3.76121807,9.26171875,0.0398019,37.64706039,14.06866059,29.80392075,0,88,79.21568298,1822,-,-3.125,-,2.34375,39,10.73279261,16.32999992,-,0.115,13.72549057,22.35294151,15,11.94999981
Fri Jul 24 18:50:05 GMT+05:00 2026,24-Jul-2026 18:50:05.601,74.31940864,31.60960546,25.43000030517578,3.7900924682617188,168.8944091796875,270.79998779296875,-0.66789663,3.46181607,8.95154953,-0.00028276,37.64706039,14.06866059,31.37254906,0,88,79.21568298,1822,-,-3.125,-,2.34375,39,10.73279261,16.32999992,-,0.115,14.50980377,22.35294151,26.5,11.94999981
Fri Jul 24 18:50:06 GMT+05:00 2026,24-Jul-2026 18:50:06.601,74.31914219,31.60960626,25.479999542236328,3.7900924682617188,170.3609619140625,270.6000061035156,-1.61724901,3.81386018,10.09472084,0.13130003,37.64706039,14.06866059,31.37254906,0,88,90.58823395,1843,-,-3.125,-,2.34375,39,11.31294356,16.92000008,-,0.115,14.50980377,22.35294151,26.5,11.94999981
Fri Jul 24 18:50:07 GMT+05:00 2026,24-Jul-2026 18:50:07.602,74.31887395,31.60961023,25.549999237060547,3.7900924682617188,170.0953369140625,270.1000061035156,-0.67866433,3.38285303,9.21954536,0.02246565,37.25490189,14.06866059,31.37254906,0,88,90.58823395,1843,-,-3.125,-,2.34375,39,11.31294356,16.92000008,-,0.115,14.11764717,22.35294151,25.5,12.07499981
Fri Jul 24 18:50:08 GMT+05:00 2026,24-Jul-2026 18:50:08.602,74.31860924,31.6096124,25.6200008392334,3.7900924682617188,170.55303955078125,269.3999938964844,-0.39272201,3.83180642,9.60508919,0.07390898,37.25490189,14.06866059,31.37254906,0,88,90.58823395,1852,-,-3.125,-,2.34375,39,11.02286809,16.92000008,-,0.115,14.11764717,22.35294151,25.5,12.07499981
Fri Jul 24 18:50:09 GMT+05:00 2026,24-Jul-2026 18:50:09.601,74.31833795,31.60961109,25.639999389648438,3.7900924682617188,171.1868896484375,269.5,-1.12043917,3.75045037,9.25184917,0.04303604,37.25490189,14.06866059,31.37254906,5.46875,88,90.58823395,1852,-,-3.125,-,-3.125,39,11.02286809,16.92000008,-,0.64999998,10.5882349,20,25.5,12.05000019
Fri Jul 24 18:50:10 GMT+05:00 2026,24-Jul-2026 18:50:10.602,74.31806616,31.6096074,25.670000076293945,3.8679933547973633,170.517333984375,268.5,-0.9589237,3.61136746,9.64337444,0.07322651,37.25490189,14.06866059,31.37254906,5.46875,88,90.58823395,1852,-,-3.90625,-,-3.125,39,8.99233976,16.92000008,-,0.64999998,10.5882349,20,25.5,12.05000019
Fri Jul 24 18:50:11 GMT+05:00 2026,24-Jul-2026 18:50:11.602,74.3177995,31.60959865,25.540000915527344,3.7900924682617188,170.8763427734375,268.29998779296875,-0.94695956,3.50129771,9.45075226,0.05089313,37.25490189,14.06866059,0,0,88,90.58823395,1852,-,-3.90625,-,-3.90625,39,8.99233976,16.92000008,-,0.74000001,13.33333302,24.70588303,29.5,12
Fri Jul 24 18:50:12 GMT+05:00 2026,24-Jul-2026 18:50:12.601,74.31752056,31.60958616,25.559999465942383,3.8115782737731934,171.72430419921875,267.8999938964844,-0.14476576,3.2572298,8.54805946,-0.04840463,36.86274338,14.06866059,0,0,88,79.60784149,1845,-,-3.90625,-,-3.90625,39,8.99233976,15.26000023,-,0.74000001,13.33333302,24.70588303,29.5,12
Fri Jul 24 18:50:13 GMT+05:00 2026,24-Jul-2026 18:50:13.602,74.31725797,31.6095838,25.59000015258789,3.7900924682617188,170.33624267578125,267.8999938964844,-0.26679972,3.63051009,8.64975452,-0.02436763,38.03921509,14.06866059,5.88235283,0,88,79.60784149,1845,-,-3.90625,-,-3.90625,39,8.99233976,15.26000023,-,0.61000001,14.90196037,24.70588303,23.5,11.97500038
Fri Jul 24 18:50:14 GMT+05:00 2026,24-Jul-2026 18:50:14.601,74.31699001,31.60956927,25.68000030517578,3.7900924682617188,170.2686767578125,267.70001220703125,-0.64037913,3.84137774,9.32512856,0.04913825,38.03921509,14.06866059,5.88235283,0,88,77.64705658,1848,-,-3.125,-,-3.90625,39,12.32820773,14.22000027,-,0.61000001,14.90196037,24.70588303,23.5,11.97500038
Fri Jul 24 18:50:15 GMT+05:00 2026,24-Jul-2026 18:50:15.602,74.31671911,31.60955454,25.670000076293945,3.8044419288635254,170.6046142578125,267.8999938964844,-0.47048876,3.54197574,8.6844511,-0.02373457,38.03921509,14.06866059,5.88235283,-9.375,88,77.64705658,1848,-,-3.125,-,-3.90625,39,12.32820773,14.22000027,-,0.61000001,14.90196037,22.35294151,23.5,12
Fri Jul 24 18:50:16 GMT+05:00 2026,24-Jul-2026 18:50:16.602,74.31644678,31.60955097,25.729999542236328,3.7900924682617188,170.2830810546875,267.8999938964844,0.05503492,3.41395974,9.51655483,0.04963571,37.64706039,14.06866059,5.88235283,-9.375,88,76.47058868,1848,-,-3.125,-,-3.90625,39,12.32820773,14.57999992,-,0.61000001,14.90196037,22.35294151,23.5,12
Fri Jul 24 18:50:17 GMT+05:00 2026,24-Jul-2026 18:50:17.601,74.31617106,31.60955149,25.709999084472656,3.9149622917175293,171.42584228515625,268.3999938964844,-0.06460621,3.41635251,8.65454006,-0.03251278,37.64706039,14.06866059,5.88235283,-9.375,88,76.47058868,1848,-,-3.125,-,-3.125,39,12.32820773,14.57999992,-,0.63,14.90196037,22.35294151,24,11.97500038
Fri Jul 24 18:50:18 GMT+05:00 2026,24-Jul-2026 18:50:18.601,74.31589954,31.60954437,25.979999542236328,3.9772939682006836,171.278564453125,268.0,-0.61645091,3.51445818,9.79172897,0.08134276,37.64706039,14.06866059,5.49019623,0,88,76.47058868,1848,-,-3.125,-,-3.125,39,12.32820773,14.57999992,-,0.63,14.50980377,22.35294151,24,11.97500038
Fri Jul 24 18:50:19 GMT+05:00 2026,24-Jul-2026 18:50:19.602,74.31563389,31.60953747,25.68000030517578,3.8951473236083984,170.705322265625,268.29998779296875,-0.948156,3.81625295,9.74147987,0.08986634,37.64706039,14.06866059,5.49019623,0,88,76.07843018,1865,-,-3.125,-,-3.125,39,12.18316999,14.47999954,-,0.63,14.50980377,22.35294151,24,11.97500038
Fri Jul 24 18:50:20 GMT+05:00 2026,24-Jul-2026 18:50:20.601,74.31535444,31.60952957,25.8700008392334,4.52280855178833,170.45782470703125,268.3999938964844,-0.69541407,3.45822692,9.32632542,0.03542429,37.64706039,14.06866059,5.49019623,0,88,76.07843018,1865,-,-3.125,-,-3.125,39,12.18316999,14.47999954,-,0.63499999,14.50980377,23.52941132,23,11.94999981
Fri Jul 24 18:50:21 GMT+05:00 2026,24-Jul-2026 18:50:21.601,74.31508833,31.60952813,25.809999465942383,4.174658298492432,169.99505615234375,269.0,-0.57098728,3.49531579,10.16291618,0.11607915,38.4313736,14.06866059,6.27450991,0,88,76.07843018,1865,-,-3.125,-,-3.125,39,12.18316999,14.47999954,-,0.63499999,16.07843208,23.52941132,23,11.94999981
Fri Jul 24 18:50:22 GMT+05:00 2026,24-Jul-2026 18:50:22.601,74.31481514,31.60952102,25.829999923706055,4.694520473480225,169.7012939453125,269.3999938964844,-0.75284183,3.23689079,9.40289593,0.03560525,38.4313736,14.06866059,6.27450991,0,88,80.39215851,1861,-,-3.125,-,-3.125,39,12.47324547,15.15999985,-,0.63499999,16.07843208,23.52941132,23,11.94999981
Fri Jul 24 18:50:23 GMT+05:00 2026,24-Jul-2026 18:50:23.602,74.31453062,31.60951755,25.8700008392334,4.274158477783203,169.3079833984375,269.29998779296875,-0.58414781,3.61256409,9.61585712,0.06779319,38.4313736,14.06866059,6.27450991,0,88,80.39215851,1861,-,-3.125,-,-3.125,39,12.47324547,15.15999985,-,0.63499999,16.07843208,23.13725471,23.5,12.02499962
Fri Jul 24 18:50:24 GMT+05:00 2026,24-Jul-2026 18:50:24.602,74.31426553,31.60951623,26.020000457763672,4.40523624420166,169.6322021484375,269.79998779296875,-0.26081768,3.27158666,8.69043255,-0.03405756,38.4313736,14.06866059,6.27450991,2.34375,88,80.39215851,1861,-,-3.125,-,-3.125,39,12.47324547,15.15999985,-,0.63499999,12.54901981,23.13725471,23.5,12.02499962
Fri Jul 24 18:50:25 GMT+05:00 2026,24-Jul-2026 18:50:25.602,74.31399578,31.60951643,26.079999923706055,4.724599838256836,169.486328125,270.5,-0.09332009,3.45583415,9.05204773,0.00674105,35.68627548,14.06866059,6.27450991,2.34375,88,80.39215851,1866,-,-3.125,-,-3.125,39,10.44271714,12.27999973,-,0.63499999,12.54901981,23.13725471,23.5,12.02499962
Fri Jul 24 18:50:26 GMT+05:00 2026,24-Jul-2026 18:50:26.602,74.31373776,31.60952079,25.68000030517578,5.0405802726745605,169.9354248046875,271.29998779296875,-1.10010016,2.81066918,9.43041325,0.02834302,35.68627548,14.06866059,6.27450991,2.34375,88,46.66666794,1866,-,-7.03125,-,-3.125,39,10.44271714,12.27999973,-,0.63499999,12.54901981,23.13725471,23.5,12.02499962
Fri Jul 24 18:50:27 GMT+05:00 2026,24-Jul-2026 18:50:27.602,74.3134595,31.60953577,25.649999618530273,4.507433891296387,169.35205078125,271.8999938964844,-0.42382872,3.36729956,9.99063301,0.09457129,35.68627548,14.06866059,6.27450991,2.34375,88,46.66666794,1866,-,-7.03125,-,-3.125,39,10.44271714,12.27999973,-,0.63499999,12.54901981,23.13725471,23.5,12.02499962
Fri Jul 24 18:50:28 GMT+05:00 2026,24-Jul-2026 18:50:28.602,74.31319463,31.60955193,25.40999984741211,4.496096134185791,168.97802734375,272.1000061035156,-0.67268229,2.88245392,8.99581718,-0.01563233,35.68627548,14.06866059,6.27450991,2.34375,88,46.66666794,1866,-,-7.03125,-,-3.125,39,10.44271714,12.27999973,-,0.63499999,12.54901981,23.13725471,23.5,12.02499962
Fri Jul 24 18:50:29 GMT+05:00 2026,24-Jul-2026 18:50:29.602,74.31294545,31.60956396,24.6200008392334,4.120944023132324,167.7005615234375,272.1000061035156,-0.70618176,2.77597332,8.01775074,-0.11310506,35.68627548,14.06866059,6.27450991,2.34375,88,46.66666794,1866,-,-7.03125,-,-3.125,39,10.44271714,12.27999973,-,0.63499999,12.54901981,23.13725471,23.5,12.02499962
Fri Jul 24 18:50:30 GMT+05:00 2026,24-Jul-2026 18:50:30.602,74.31268293,31.60957071,24.559999465942383,4.04325008392334,168.18768310546875,272.29998779296875,-0.82582289,3.28833652,9.28804016,0.02690095,35.68627548,14.06866059,0,2.34375,88,46.66666794,1866,-,-7.03125,-,-3.125,39,10.44271714,12.27999973,-,0.63499999,12.54901981,23.13725471,23.5,12.22500038
Fri Jul 24 18:50:31 GMT+05:00 2026,24-Jul-2026 18:50:31.601,74.31245619,31.60957357,24.0,3.871352195739746,166.41497802734375,272.20001220703125,-0.63559353,3.04516602,8.74815941,-0.03453839,31.37254906,14.06866059,0,2.34375,88,46.66666794,1866,-,0,-,-3.125,39,2.90075476,12.27999973,-,0.63499999,3.52941179,23.13725471,23.5,12.22500038
Fri Jul 24 18:50:32 GMT+05:00 2026,24-Jul-2026 18:50:32.601,74.31219202,31.60957822,24.06999969482422,4.133458137512207,167.921875,272.3999938964844,-1.01874423,3.08853579,9.37657452,0.03067857,31.37254906,14.06866059,100,-19.53125,88,46.66666794,1866,-,0,-,-3.125,39,2.90075476,12.27999973,-,0.63499999,3.52941179,23.13725471,-12.5,12.72500038
Fri Jul 24 18:50:33 GMT+05:00 2026,24-Jul-2026 18:50:33.601,74.31195252,31.60958098,23.40999984741211,4.286890506744385,168.25115966796875,272.5,-0.58295143,3.12083888,9.88056278,0.07691044,31.37254906,14.06866059,100,-19.53125,88,20,1657,-,0,-,-3.125,39,5.80150952,3.28999996,-,0.63499999,3.52941179,23.13725471,-12.5,12.72500038
Fri Jul 24 18:50:34 GMT+05:00 2026,24-Jul-2026 18:50:34.602,74.31171871,31.6095946,22.8700008392334,4.633481979370117,167.73748779296875,272.79998779296875,0.78753775,3.85573459,9.50339413,0.06751996,31.37254906,14.06866059,100,-19.53125,88,20,1657,-,0,-,-3.125,39,5.80150952,3.28999996,-,0.63499999,15.29411793,14.11764717,-13,13.30000019
Fri Jul 24 18:50:35 GMT+05:00 2026,24-Jul-2026 18:50:35.602,74.31147738,31.6096055,22.65999984741211,4.304633140563965,168.8433837890625,273.0,0.01794617,3.73130774,8.58514881,-0.02677274,31.37254906,14.06866059,100,-19.53125,88,20,1657,-,1.5625,-,-3.125,39,12.90835868,18.75,-,0.63499999,15.29411793,14.11764717,-13,13.30000019
Fri Jul 24 18:50:36 GMT+05:00 2026,24-Jul-2026 18:50:36.602,74.31124671,31.60961781,22.780000686645508,3.9041452407836914,168.6453857421875,273.6000061035156,-0.06580263,3.67507648,8.7338028,-0.01507246,31.37254906,14.06866059,100,0,88,20,1657,-,1.5625,-,0,39,12.90835868,18.75,-,0.74000001,15.29411793,14.11764717,17,12.77499962
Fri Jul 24 18:50:37 GMT+05:00 2026,24-Jul-2026 18:50:37.602,74.31099951,31.60963441,22.979999542236328,3.7900924682617188,169.22052001953125,274.3999938964844,-0.06699903,3.83180642,8.42004395,-0.03796417,31.37254906,14.06866059,100,0,88,100,1685,-,1.5625,-,0,39,13.05339642,18.75,-,0.74000001,21.1764698,14.11764717,17,12.77499962
Fri Jul 24 18:50:38 GMT+05:00 2026,24-Jul-2026 18:50:38.602,74.31076121,31.60965382,23.030000686645508,4.0119500160217285,169.2879638671875,274.70001220703125,0.22372891,4.31425905,7.95912647,-0.05786353,31.37254906,14.06866059,34.50980377,0,88,100,1685,-,-0.78125,-,-0.78125,39,13.05339642,18.75,-,0.67500001,23.13725471,14.11764717,14.5,12.77499962
Fri Jul 24 18:50:39 GMT+05:00 2026,24-Jul-2026 18:50:39.602,74.3105043,31.60968117,23.520000457763672,4.439329624176025,167.8050537109375,274.5,-0.77557361,3.87966275,8.12662411,-0.05963957,31.37254906,14.06866059,34.50980377,0,87,100,1701,-,-0.78125,-,-0.78125,39,13.05339642,20.81999969,-,0.67500001,23.13725471,14.11764717,15,12.77499962
Fri Jul 24 18:50:40 GMT+05:00 2026,24-Jul-2026 18:50:40.602,74.31025632,31.60969074,23.559999465942383,4.766839981079102,168.2916259765625,273.20001220703125,-0.60448682,3.08105826,9.1166544,0.00189334,31.37254906,14.06866059,34.90196228,0,87,100,1701,-,-0.78125,-,-1.5625,39,13.05339642,20.81999969,-,0.66000003,22.74509811,28.62745094,15,12.77499962
Fri Jul 24 18:50:41 GMT+05:00 2026,24-Jul-2026 18:50:41.603,74.30999652,31.60970598,23.780000686645508,4.33113956451416,168.0953369140625,272.3999938964844,-0.65952176,3.78275347,9.49143028,0.0627026,31.37254906,14.06866059,34.90196228,0,87,100,1726,-,-0.78125,-,-1.5625,39,13.05339642,20.81999969,-,0.64999998,22.74509811,28.23529434,15.5,12.77499962
Fri Jul 24 18:50:42 GMT+05:00 2026,24-Jul-2026 18:50:42.602,74.30973366,31.60971833,24.020000457763672,4.402417182922363,167.23675537109375,272.1000061035156,-0.55543393,3.69780827,8.3949194,-0.04419607,42.35293961,14.06866059,34.90196228,0,87,100,1726,-,-0.78125,-,-1.5625,39,13.05339642,20.81999969,-,0.64999998,22.74509811,28.23529434,15.5,12.77499962
Fri Jul 24 18:50:43 GMT+05:00 2026,24-Jul-2026 18:50:43.602,74.3094804,31.60971912,24.1299991607666,4.423824310302734,168.0758056640625,272.5,-1.01994061,3.62931371,9.36102104,0.04770797,42.35293961,14.06866059,34.90196228,0,87,100,1726,-,-2.34375,-,-2.34375,39,13.05339642,20.81999969,-,0.63,22.74509811,28.23529434,15.5,12.17500019
Fri Jul 24 18:50:44 GMT+05:00 2026,24-Jul-2026 18:50:44.603,74.30923116,31.6097189,24.170000076293945,3.9496843814849854,169.36065673828125,271.70001220703125,-0.68225354,4.00887537,8.2262249,-0.04558158,42.35293961,14.06866059,34.90196228,0,87,100,1758,-,-2.34375,-,-2.34375,39,13.05339642,20.81999969,-,0.63,23.13725471,28.23529434,15.5,12.17500019
Fri Jul 24 18:50:45 GMT+05:00 2026,24-Jul-2026 18:50:45.602,74.30897721,31.60972487,24.239999771118164,3.9012858867645264,170.0404052734375,271.20001220703125,-0.76360953,3.98494697,10.36271667,0.15342778,42.35293961,14.06866059,34.90196228,0,87,100,1758,-,-2.34375,-,-2.34375,39,13.05339642,20.81999969,-,0.64499998,23.13725471,28.23529434,15.5,12.14999962
Fri Jul 24 18:50:46 GMT+05:00 2026,24-Jul-2026 18:50:46.602,74.30872444,31.60973532,24.280000686645508,3.9769628047943115,168.45660400390625,271.20001220703125,-0.17108682,3.54317212,7.89571667,-0.09863895,42.35293961,14.06866059,34.90196228,0,87,100,1758,-,-2.34375,-,-2.34375,39,13.19843416,20.81999969,-,0.64499998,22.74509811,28.23529434,15.5,12.14999962
Fri Jul 24 18:50:47 GMT+05:00 2026,24-Jul-2026 18:50:47.602,74.3084576,31.60974407,24.239999771118164,3.900247573852539,166.88861083984375,271.70001220703125,-0.45852464,3.27278328,8.79242706,-0.02350944,42.35293961,14.06866059,27.05882263,0,87,100,1758,-,-2.34375,-,-3.125,39,13.19843416,20.81999969,-,0.72500002,12.54901981,20.7843132,18.5,12.14999962
Fri Jul 24 18:50:48 GMT+05:00 2026,24-Jul-2026 18:50:48.601,74.30819251,31.60975038,24.030000686645508,3.8363969326019287,168.481201171875,272.20001220703125,-0.62841505,3.52761889,8.70628548,-0.02128577,36.47058868,14.06866059,27.05882263,0,87,87.84313965,1758,-,-4.6875,-,-3.125,39,10.58775487,20.81999969,-,0.72500002,12.54901981,20.7843132,18.5,12.14999962
Fri Jul 24 18:50:49 GMT+05:00 2026,24-Jul-2026 18:50:49.602,74.30793425,31.60976583,23.969999313354492,3.7900924682617188,168.413330078125,272.29998779296875,-0.96131653,3.62572455,9.81326485,0.08991951,36.47058868,14.06866059,27.45098114,0,87,87.84313965,1758,-,-4.6875,-,-3.90625,39,10.58775487,20.81999969,-,0.63999999,12.54901981,20.7843132,18.5,12.19999981
Fri Jul 24 18:50:50 GMT+05:00 2026,24-Jul-2026 18:50:50.601,74.30768452,31.60976995,23.700000762939453,3.7900924682617188,169.160400390625,272.1000061035156,-0.62004018,3.6089747,9.42682362,0.0498938,38.03921509,14.06866059,27.45098114,0,88,99.60784149,1712,-,-4.6875,-,-3.90625,39,10.58775487,20.81999969,-,0.63999999,14.11764717,20.7843132,18.5,12.19999981
Fri Jul 24 18:50:51 GMT+05:00 2026,24-Jul-2026 18:50:51.601,74.3074377,31.60977992,23.6200008392334,3.7900924682617188,168.602783203125,272.29998779296875,-0.44297129,3.35772848,8.22143936,-0.0746069,38.03921509,14.06866059,31.76470566,0,88,99.60784149,1712,-,-3.125,-,-3.90625,39,10.58775487,20.81999969,-,0.63999999,14.11764717,20.7843132,23,12.07499981
Fri Jul 24 18:50:52 GMT+05:00 2026,24-Jul-2026 18:50:52.602,74.30718656,31.60979229,23.670000076293945,3.7900924682617188,168.97900390625,272.5,-0.55663037,3.6631124,8.78883743,-0.00873512,38.03921509,14.06866059,31.76470566,0,88,99.60784149,1696,-,-3.125,-,-3.90625,39,10.58775487,17.21999931,-,0.63999999,15.68627453,20.7843132,23,12.07499981
Fri Jul 24 18:50:53 GMT+05:00 2026,24-Jul-2026 18:50:53.602,74.30693528,31.60979931,23.450000762939453,9.935046195983887,171.3231201171875,272.8999938964844,-1.14556384,3.62931371,9.22552776,0.03629953,38.03921509,14.06866059,31.76470566,0,88,100,1696,-,-3.125,-,-3.90625,39,10.58775487,17.21999931,-,0.63999999,15.68627453,20.3921566,23,12.17500019
Fri Jul 24 18:50:54 GMT+05:00 2026,24-Jul-2026 18:50:54.602,74.30668824,31.60981287,23.479999542236328,9.935046195983887,171.65185546875,272.8999938964844,-0.86799639,3.73848629,9.1166544,0.0273146,38.03921509,14.06866059,22.35294151,0,88,100,1696,-,-3.125,-,-3.90625,39,9.86256618,13.53999996,-,0.63999999,11.37254906,20.3921566,23,12.17500019
Fri Jul 24 18:50:55 GMT+05:00 2026,24-Jul-2026 18:50:55.602,74.30644311,31.60981659,23.34000015258789,9.935046195983887,173.0438232421875,272.0,-0.3999005,3.51206541,9.4686985,0.04927176,38.03921509,14.06866059,20.3921566,0,88,100,1696,-,-4.6875,-,-3.90625,39,9.86256618,13.53999996,-,0.63999999,11.37254906,20.3921566,23,12.125
Fri Jul 24 18:50:56 GMT+05:00 2026,24-Jul-2026 18:50:56.602,74.30620545,31.60982157,23.149999618530273,9.935046195983887,173.2803955078125,272.3999938964844,-1.34057891,3.80428886,9.62303543,0.08262914,38.03921509,14.06866059,20.3921566,0,88,100,1671,-,-4.6875,-,-3.90625,39,10.2976794,14.13000011,-,0.63999999,11.76470566,20.3921566,23,12.125
Fri Jul 24 18:50:57 GMT+05:00 2026,24-Jul-2026 18:50:57.602,74.30596165,31.60982756,23.170000076293945,10.281615257263184,174.43365478515625,272.3999938964844,0.56380886,4.21376085,8.97188854,0.03104526,38.03921509,14.06866059,20.3921566,0,88,86.66666412,1671,-,-3.90625,-,-3.90625,39,10.2976794,14.13000011,-,0.64499998,11.76470566,20.3921566,23,12.125
Fri Jul 24 18:50:58 GMT+05:00 2026,24-Jul-2026 18:50:58.602,74.30572277,31.60982755,23.0,10.116395950317383,174.72186279296875,267.79998779296875,0.45972106,3.77677155,8.85942554,0.00185663,36.86274338,14.06866059,20.3921566,1.5625,88,86.66666412,1676,-,-3.90625,-,-3.90625,39,11.02286809,14.13000011,-,0.64499998,12.94117641,20.3921566,23,12.125
Fri Jul 24 18:50:59 GMT+05:00 2026,24-Jul-2026 18:50:59.601,74.30548125,31.60981836,23.260000228881836,9.99358081817627,175.8126220703125,264.70001220703125,-0.57338011,4.53439903,9.95474052,0.13559836,36.86274338,14.06866059,28.62745094,1.5625,88,90.19607544,1676,-,-3.90625,-,-3.90625,39,11.02286809,14.13000011,-,0.64499998,12.94117641,21.1764698,25,12.125
Fri Jul 24 18:51:00 GMT+05:00 2026,24-Jul-2026 18:51:00.601,74.30525683,31.6098069,22.309999465942383,10.128029823303223,175.4150390625,262.20001220703125,-1.19700956,4.26161718,9.36819935,0.07520181,36.86274338,14.06866059,28.62745094,1.5625,88,90.19607544,1683,-,-3.90625,-,-3.90625,39,10.87783035,15.26000023,-,0.64499998,12.94117641,21.1764698,25,12.125
Fri Jul 24 18:51:01 GMT+05:00 2026,24-Jul-2026 18:51:01.601,74.30501655,31.60977851,22.920000076293945,10.24899673461914,175.6383056640625,259.5,-1.30109727,4.32502699,8.81396198,0.02855843,36.86274338,14.06866059,28.23529434,1.5625,88,90.19607544,1683,-,-3.90625,-,-3.90625,39,10.87783035,15.26000023,-,0.64999998,12.94117641,21.1764698,25,12.17500019
Fri Jul 24 18:51:02 GMT+05:00 2026,24-Jul-2026 18:51:02.602,74.30479055,31.60974136,22.760000228881836,10.294485092163086,175.5587158203125,257.29998779296875,-1.31545424,3.07986188,8.3398838,-0.06487441,36.86274338,14.06866059,28.23529434,2.34375,88,91.76470947,1680,-,-3.90625,-,-3.90625,39,10.87783035,15.26000023,-,0.64999998,12.94117641,21.1764698,25,12.17500019
Fri Jul 24 18:51:03 GMT+05:00 2026,24-Jul-2026 18:51:03.602,74.30455127,31.60969305,23.239999771118164,10.623655319213867,175.8416748046875,253.5,-0.76360953,4.89960337,10.35434151,0.18928415,36.86274338,14.06866059,28.23529434,2.34375,88,91.76470947,1680,-,-3.90625,-,-3.90625,39,10.87783035,15.26000023,-,0.64999998,12.94117641,21.1764698,27,12.10000038
Fri Jul 24 18:51:04 GMT+05:00 2026,24-Jul-2026 18:51:04.602,74.30431267,31.60962891,23.290000915527344,11.107779502868652,176.01873779296875,251.3000030517578,-0.5913263,4.33100891,9.27368355,0.06408089,36.47058868,14.06866059,28.23529434,1.5625,88,91.76470947,1714,-,-3.90625,-,-3.90625,39,10.44271714,15.26000023,-,0.64999998,12.15686321,21.1764698,27,12.10000038
Fri Jul 24 18:51:05 GMT+05:00 2026,24-Jul-2026 18:51:05.601,74.3040872,31.60954348,23.559999465942383,10.900217056274414,176.7181396484375,247.39999389648438,-0.71455663,4.04117823,8.78165913,0.00709963,36.47058868,14.06866059,28.23529434,0,88,91.76470947,1714,-,-3.90625,-,-3.90625,39,10.44271714,15.26000023,-,0.63499999,12.54901981,21.1764698,27,12.14999962
Fri Jul 24 18:51:06 GMT+05:00 2026,24-Jul-2026 18:51:06.602,74.30384323,31.60946617,24.059999465942383,10.903227806091309,177.4522705078125,245.0,-0.5805586,4.06989241,9.03410149,0.03077632,36.47058868,14.06866059,28.23529434,0,88,91.76470947,1753,-,-3.125,-,-3.90625,39,10.2976794,15.26000023,-,0.63499999,12.54901981,21.1764698,26.5,12.14999962
Fri Jul 24 18:51:07 GMT+05:00 2026,24-Jul-2026 18:51:07.602,74.30359413,31.60940188,24.059999465942383,10.866044998168945,175.5560302734375,242.3000030517578,-0.46809593,4.01007175,9.07477951,0.03147107,36.07843018,14.06866059,24.70588303,3.125,88,91.76470947,1753,-,-3.125,-,-3.90625,39,10.2976794,15.26000023,-,0.63499999,11.76470566,21.1764698,26.5,12.125
Fri Jul 24 18:51:08 GMT+05:00 2026,24-Jul-2026 18:51:08.601,74.30337153,31.60929323,24.489999771118164,10.734437942504883,175.3287353515625,239.39999389648438,-0.4848457,3.93230486,9.00299549,0.02167684,36.07843018,14.06866059,24.70588303,3.125,88,79.21568298,1763,-,-3.125,-,-3.90625,39,10.2976794,13.88000011,-,0.63499999,11.76470566,21.1764698,26.5,12.125
Fri Jul 24 18:51:09 GMT+05:00 2026,24-Jul-2026 18:51:09.602,74.30315666,31.60919204,24.229999542236328,10.50654411315918,174.80615234375,237.3000030517578,-0.93738824,4.16799784,9.73310566,0.10252744,36.07843018,14.06866059,24.70588303,-2.34375,88,79.21568298,1763,-,-3.125,-,-3.90625,39,10.2976794,13.88000011,-,0.64499998,11.37254906,20,26.5,12.125
Fri Jul 24 18:51:10 GMT+05:00 2026,24-Jul-2026 18:51:10.602,74.30293781,31.60907959,24.3799991607666,10.405264854431152,173.76953125,233.8000030517578,-1.24965167,4.16560507,10.1772728,0.14719111,36.07843018,14.06866059,24.70588303,-2.34375,88,78.8235321,1785,-,-3.90625,-,-3.90625,39,9.86256618,13.88000011,-,0.64499998,11.37254906,20,26.5,12.125
Fri Jul 24 18:51:11 GMT+05:00 2026,24-Jul-2026 18:51:11.601,74.30272582,31.60894043,24.6299991607666,10.537004470825195,174.81396484375,231.3000030517578,0.00358923,3.41037059,8.32791996,-0.06365442,36.07843018,14.06866059,20,-2.34375,88,78.8235321,1785,-,-3.90625,-,-3.90625,39,9.86256618,13.88000011,-,0.64499998,11.37254906,20,29,12.17500019
Fri Jul 24 18:51:12 GMT+05:00 2026,24-Jul-2026 18:51:12.601,74.30252823,31.60881411,24.510000228881836,11.009051322937012,173.601318359375,229.6999969482422,-1.10129666,4.40159702,9.15135002,0.060224,35.29411697,14.06866059,20,-2.34375,88,72.54901886,1808,-,-3.90625,-,-3.90625,39,8.99233976,13.88000011,-,0.64499998,10.5882349,20,29,12.17500019
Fri Jul 24 18:51:13 GMT+05:00 2026,24-Jul-2026 18:51:13.603,74.30233058,31.6086644,25.15999984741211,11.036195755004883,172.78729248046875,226.39999389648438,-0.43818563,3.93709064,9.04247665,0.02533394,35.29411697,14.06866059,20,-7.8125,88,72.54901886,1808,-,-3.90625,-,-10.9375,39,8.99233976,13.88000011,-,0.77499998,13.33333302,21.56862831,24,12.07499981
Fri Jul 24 18:51:14 GMT+05:00 2026,24-Jul-2026 18:51:14.602,74.30214554,31.60850876,25.1200008392334,11.266033172607422,172.5126953125,224.1999969482422,-1.16829562,4.16081953,10.1844511,0.14677471,35.29411697,14.06866059,20,-7.8125,88,88.62744904,1851,-,0.78125,-,-10.9375,39,8.99233976,16.03000069,-,0.77499998,13.33333302,21.56862831,24,12.07499981
Fri Jul 24 18:51:15 GMT+05:00 2026,24-Jul-2026 18:51:15.602,74.30195145,31.60835866,25.15999984741211,11.794986724853516,171.5003662109375,223.0,2.96500635,4.98694134,6.2114687,-0.11457807,35.29411697,14.06866059,30.19607925,-7.8125,88,88.62744904,1851,-,0.78125,-,-10.9375,39,8.99233976,16.03000069,-,0.77499998,13.72549057,21.56862831,26.5,12.125
Fri Jul 24 18:51:16 GMT+05:00 2026,24-Jul-2026 18:51:16.602,74.30181096,31.60813478,25.8700008392334,10.354516983032227,170.53216552734375,220.39999389648438,11.62702465,4.15005159,4.02562523,0.34267312,35.29411697,14.06866059,30.19607925,-7.8125,88,81.5686264,1851,-,0.78125,-,-10.9375,39,10.58775487,16.62999916,-,0.77499998,13.72549057,21.56862831,26.5,12.125
Fri Jul 24 18:51:17 GMT+05:00 2026,24-Jul-2026 18:51:17.602,74.30161551,31.60792637,26.940000534057617,9.935046195983887,171.40081787109375,216.10000610351562,10.60588741,4.63250446,4.76650286,0.29489893,35.29411697,14.06866059,30.19607925,-7.8125,88,81.5686264,1851,-,0.78125,-,-3.90625,39,10.58775487,16.62999916,-,0.63499999,10.98039246,21.1764698,28,12.14999962
Fri Jul 24 18:51:18 GMT+05:00 2026,24-Jul-2026 18:51:18.602,74.30144506,31.60772768,26.549999237060547,9.935046195983887,172.3870849609375,216.5,0.40707895,7.01097012,6.98106003,0.02840394,35.29411697,14.06866059,30.19607925,-7.8125,88,81.5686264,1851,-,0.78125,-,-3.90625,39,10.58775487,13.44999981,-,0.63499999,10.98039246,21.1764698,28,12.14999962
Fri Jul 24 18:51:19 GMT+05:00 2026,24-Jul-2026 18:51:19.602,74.30126238,31.60752891,26.709999084472656,9.935046195983887,171.2110595703125,216.3000030517578,0.57577294,6.36341286,5.89920521,-0.09452981,35.29411697,14.06866059,0,0,88,81.5686264,1851,-,0.78125,-,-3.90625,39,10.58775487,13.44999981,-,0.63999999,10.1960783,18.8235302,28,12.14999962
Fri Jul 24 18:51:20 GMT+05:00 2026,24-Jul-2026 18:51:20.602,74.30109387,31.60733484,26.75,3.7900924682617188,170.813720703125,216.6999969482422,-0.21774685,6.97507811,7.08425045,0.03267282,35.29411697,14.06866059,0,0,88,81.5686264,1876,-,0,-,-3.90625,39,8.26715107,13.44999981,-,0.63999999,10.1960783,18.8235302,28,12.14999962
Fri Jul 24 18:51:21 GMT+05:00 2026,24-Jul-2026 18:51:21.601,74.30092579,31.60713974,26.43000030517578,3.7900924682617188,171.24151611328125,216.8000030517578,-0.28145576,6.69033194,7.2505517,0.02508181,35.29411697,14.06866059,0,0,88,81.5686264,1876,-,0,-,0,39,8.26715107,13.44999981,-,0.02,7.05882359,15.29411793,3.5,12.14999962
Fri Jul 24 18:51:22 GMT+05:00 2026,24-Jul-2026 18:51:22.601,74.30075754,31.60694124,26.020000457763672,3.7900924682617188,171.968505859375,216.6999969482422,-0.08015956,6.41844749,7.1153574,-0.00415397,35.29411697,14.06866059,0,0,88,36.47058868,1883,-,-2.34375,-,0,39,8.26715107,13.44999981,-,0.02,7.05882359,15.29411793,3.5,12.14999962
Fri Jul 24 18:51:23 GMT+05:00 2026,24-Jul-2026 18:51:23.601,74.30059193,31.60675567,25.68000030517578,3.7900924682617188,171.80419921875,216.89999389648438,-0.26679972,8.50020313,8.81156921,0.26733404,35.29411697,14.06866059,0,0,88,36.47058868,1883,-,-2.34375,-,-4.6875,39,8.26715107,13.44999981,-,0.13,4.31372547,16.47058868,40.5,12.14999962
Fri Jul 24 18:51:24 GMT+05:00 2026,24-Jul-2026 18:51:24.602,74.30042937,31.60657407,25.09000015258789,3.7900924682617188,172.2799072265625,216.89999389648438,0.01316052,6.940382,8.10867786,0.10700387,35.29411697,14.06866059,0,0,88,22.74509811,1883,-,0,-,-4.6875,39,8.26715107,13.44999981,-,0.13,4.31372547,16.47058868,40.5,12.14999962
Fri Jul 24 18:51:25 GMT+05:00 2026,24-Jul-2026 18:51:25.602,74.30027601,31.60639679,24.3700008392334,3.7900924682617188,171.78759765625,216.3000030517578,-0.01435694,6.34785938,8.25493908,0.08051175,31.76470566,14.06866059,0,0,87,22.74509811,1883,-,0,-,0,39,8.26715107,13.44999981,-,0,4.31372547,14.90196037,40.5,12.14999962
Fri Jul 24 18:51:26 GMT+05:00 2026,24-Jul-2026 18:51:26.602,74.30012516,31.60622549,23.690000534057617,3.7900924682617188,172.19342041015625,216.6999969482422,-0.83659059,6.38494825,7.63011312,0.03676671,31.76470566,14.06866059,0,0,87,22.74509811,1883,-,0,-,0,39,3.33586797,13.44999981,-,0,4.31372547,14.11764717,40.5,12.14999962
Fri Jul 24 18:51:27 GMT+05:00 2026,24-Jul-2026 18:51:27.602,74.29998663,31.60606136,22.389999389648438,3.7900924682617188,172.43206787109375,216.10000610351562,0.18783657,7.14167833,7.76171827,0.09433955,31.37254906,14.06866059,0,0,87,22.74509811,1883,-,0,-,0,39,3.33586797,13.44999981,-,0,3.13725495,14.11764717,40.5,13.22500038
Fri Jul 24 18:51:28 GMT+05:00 2026,24-Jul-2026 18:51:28.602,74.29985057,31.60590385,21.489999771118164,3.7900924682617188,172.8328857421875,215.8000030517578,0.10648061,6.68793917,7.68155909,0.05728632,31.37254906,14.06866059,0,0,87,21.1764698,1547,-,0,-,0,39,3.33586797,13.44999981,-,0,3.13725495,14.50980377,40.5,13.22500038
Fri Jul 24 18:51:29 GMT+05:00 2026,24-Jul-2026 18:51:29.602,74.29972504,31.60575133,21.1200008392334,3.7900924682617188,173.1959228515625,215.3000030517578,-0.6870392,5.67158794,8.41765118,0.05603236,30.98039246,14.06866059,0,0,87,21.1764698,1461,-,0,-,0,39,3.0457925,3.20000005,-,0.03,3.13725495,14.50980377,40.5,13.22500038
Fri Jul 24 18:51:30 GMT+05:00 2026,24-Jul-2026 18:51:30.601,74.29960209,31.60559997,20.34000015258789,3.7900924682617188,173.46832275390625,215.39999389648438,-0.47886363,5.38325262,8.67607594,0.06096667,30.98039246,14.06866059,0,0,87,23.52941132,1461,-,0,-,0,40,3.0457925,3.20000005,-,0.03,3.13725495,14.11764717,-13,13.22500038
Fri Jul 24 18:51:31 GMT+05:00 2026,24-Jul-2026 18:51:31.602,74.2994943,31.60546659,18.170000076293945,3.7900924682617188,173.5699462890625,215.5,0.28265217,5.99611425,7.57238626,0.00401914,31.37254906,14.06866059,0,0,87,23.52941132,1461,-,0,-,0,40,3.0457925,3.20000005,-,0,3.52941179,14.11764717,-13,13.82499981
Fri Jul 24 18:51:32 GMT+05:00 2026,24-Jul-2026 18:51:32.603,74.29939589,31.60534963,15.949999809265137,3.7900924682617188,174.3472900390625,216.10000610351562,0.44775695,6.37657309,6.83988333,-0.02667791,31.37254906,14.06866059,0,0,87,28.62745094,1113,-,0,-,0,40,3.62594345,3.20000005,-,0,3.52941179,14.11764717,-13,13.82499981
Fri Jul 24 18:51:33 GMT+05:00 2026,24-Jul-2026 18:51:33.603,74.29929663,31.60523904,15.25,3.7900924682617188,174.32861328125,216.39999389648438,-0.2009971,7.5894351,6.84347296,0.06091696,31.37254906,14.06866059,0,0,87,28.62745094,1113,-,0,-,0,40,3.62594345,3.20000005,-,0,7.05882359,14.11764717,-13,13.82499981
Fri Jul 24 18:51:34 GMT+05:00 2026,24-Jul-2026 18:51:34.602,74.29920495,31.60512483,15.100000381469727,3.7900924682617188,174.51263427734375,215.60000610351562,0.25962126,7.43838835,6.72143888,0.0412932,31.37254906,14.06866059,0,0,87,28.62745094,1113,-,4.6875,-,0,40,7.97707559,11.94999981,-,0,7.05882359,14.11764717,27,13.82499981
Fri Jul 24 18:51:35 GMT+05:00 2026,24-Jul-2026 18:51:35.601,74.29912041,31.6050101,15.199999809265137,3.7900924682617188,174.84051513671875,213.6999969482422,0.00358923,7.62293482,6.27009249,0.02514869,37.64706039,14.06866059,0,-0.78125,87,28.62745094,1113,-,4.6875,-,2.34375,40,11.16790583,11.94999981,-,0.76499999,14.90196037,14.11764717,27,13.82499981
Fri Jul 24 18:51:36 GMT+05:00 2026,24-Jul-2026 18:51:36.602,74.29903298,31.60489327,15.670000076293945,3.7900924682617188,175.1419677734375,211.6999969482422,0.5697909,7.30797958,6.8901329,0.04449207,37.64706039,14.06866059,0,-0.78125,87,28.62745094,1788,-,4.6875,-,-1.5625,40,11.16790583,17.72999954,-,0.65499997,14.90196037,14.11764717,23,13.82499981
Fri Jul 24 18:51:37 GMT+05:00 2026,24-Jul-2026 18:51:37.602,74.29894702,31.60476827,16.06999969482422,3.7900924682617188,175.3184814453125,210.5,0.4872385,8.32313442,7.29481888,0.14827543,39.2156868,14.06866059,0,0,87,28.62745094,1720,-,4.6875,-,-1.5625,40,11.16790583,17.72999954,-,0.65499997,16.86274529,14.11764717,23,13.82499981
Fri Jul 24 18:51:38 GMT+05:00 2026,24-Jul-2026 18:51:38.601,74.29885777,31.60464027,16.520000457763672,3.7900924682617188,175.8988037109375,209.89999389648438,0.5805586,6.90448952,5.84626389,-0.05686647,39.2156868,14.06866059,32.54901886,0,87,28.62745094,1720,-,-2.34375,-,-2.34375,39,11.16790583,17.72999954,-,0.67000002,16.86274529,23.92156792,22,13.82499981
Fri Jul 24 18:51:39 GMT+05:00 2026,24-Jul-2026 18:51:39.602,74.29877018,31.6045086,16.959999084472656,3.7900924682617188,175.8507080078125,210.0,-0.1160519,7.43479919,6.73699236,0.04181153,38.82352829,14.06866059,32.54901886,0,87,28.62745094,1720,-,-2.34375,-,-2.34375,39,11.16790583,18.53000069,-,0.67000002,16.86274529,23.92156792,22,13.82499981
Fri Jul 24 18:51:40 GMT+05:00 2026,24-Jul-2026 18:51:40.601,74.29868022,31.60436986,17.459999084472656,3.7900924682617188,176.22552490234375,209.10000610351562,0.19860429,6.94277477,7.17278481,0.03678876,38.82352829,14.06866059,33.72549057,0,87,28.62745094,1720,-,-3.125,-,-3.125,39,11.16790583,18.53000069,-,0.66500002,16.86274529,23.92156792,23,12.27499962
Fri Jul 24 18:51:41 GMT+05:00 2026,24-Jul-2026 18:51:41.601,74.29859026,31.60422804,17.950000762939453,3.7900924682617188,175.9635009765625,208.0,0.3400799,7.39531755,6.52642393,0.02503186,38.82352829,14.06866059,33.72549057,0,87,28.62745094,1843,-,-3.125,-,-3.125,39,11.89309452,18.53000069,-,0.66500002,16.86274529,23.92156792,23,12.27499962
Fri Jul 24 18:51:42 GMT+05:00 2026,24-Jul-2026 18:51:42.601,74.29849965,31.60408034,18.31999969482422,3.7900924682617188,175.88458251953125,207.0,0.73369926,7.31037235,6.70947456,0.0332424,38.82352829,14.06866059,31.76470566,0,87,28.62745094,1843,-,-3.125,-,-3.125,39,11.89309452,18.53000069,-,0.66500002,16.86274529,23.92156792,22.5,12.19999981
Fri Jul 24 18:51:43 GMT+05:00 2026,24-Jul-2026 18:51:43.602,74.29841041,31.60392996,18.729999542236328,3.7900924682617188,175.63031005859375,207.10000610351562,0.27517462,7.093822,6.51445961,0.00117683,38.4313736,14.06866059,31.76470566,0,87,100,1487,-,-3.125,-,-3.125,39,11.89309452,16.03000069,-,0.66500002,16.07843208,23.92156792,22.5,12.19999981
Fri Jul 24 18:51:44 GMT+05:00 2026,24-Jul-2026 18:51:44.602,74.29831714,31.60377562,19.149999618530273,3.7900924682617188,175.21484375,207.3000030517578,0.00837488,6.81116962,6.55274487,-0.01754594,38.4313736,14.06866059,5.49019623,0,87,100,1487,-,-3.90625,-,-7.03125,39,11.89309452,16.03000069,-,0.77999997,16.07843208,23.92156792,13,12.05000019
Fri Jul 24 18:51:45 GMT+05:00 2026,24-Jul-2026 18:51:45.601,74.29822501,31.60362098,19.389999389648438,3.7900924682617188,175.005126953125,206.60000610351562,-0.46689951,7.0806613,7.36780024,0.06174034,33.33333206,14.06866059,5.49019623,-3.90625,87,100,1405,-,-3.90625,-,-7.03125,39,6.23662273,7.23000002,-,0.77999997,7.05882359,23.92156792,13,12.05000019
Fri Jul 24 18:51:46 GMT+05:00 2026,24-Jul-2026 18:51:46.602,74.29813581,31.60346283,19.459999084472656,3.7900924682617188,174.83270263671875,204.39999389648438,-0.9314062,6.91047192,6.48095989,-0.01059073,33.33333206,14.06866059,5.49019623,-3.90625,87,53.33333206,1405,-,-4.6875,-,-8.59375,39,6.23662273,7.23000002,-,0.85000002,7.05882359,23.92156792,27.5,12.10000038
Fri Jul 24 18:51:47 GMT+05:00 2026,24-Jul-2026 18:51:47.603,74.29805759,31.60330134,19.6299991607666,3.7900924682617188,174.5208740234375,201.8000030517578,-0.09092726,6.56231594,6.68793917,-0.0258311,33.33333206,14.06866059,5.49019623,0,87,53.33333206,1405,-,-4.6875,-,-8.59375,39,9.86256618,8.47000027,-,0.85000002,8.23529434,23.92156792,27.5,12.10000038
Fri Jul 24 18:51:48 GMT+05:00 2026,24-Jul-2026 18:51:48.602,74.29798566,31.60313487,19.809999465942383,3.7900924682617188,174.0418701171875,200.0,0.1052842,7.36899662,7.44915581,0.08716494,33.33333206,14.06866059,5.49019623,0,87,61.5686264,1405,-,-5.46875,-,0,39,9.86256618,8.47000027,-,0.66500002,8.23529434,14.11764717,27.5,12.10000038
Fri Jul 24 18:51:49 GMT+05:00 2026,24-Jul-2026 18:51:49.602,74.29791751,31.6029669,19.790000915527344,3.7900924682617188,173.66546630859375,198.8000030517578,-0.19501504,6.57308388,6.67836809,-0.02559572,30.98039246,14.06866059,0,0,87,61.5686264,1419,-,-5.46875,-,0,39,9.86256618,8.47000027,-,0.66500002,3.13725495,14.11764717,27.5,12.10000038
Fri Jul 24 18:51:50 GMT+05:00 2026,24-Jul-2026 18:51:50.601,74.29785202,31.60279755,19.68000030517578,3.7900924682617188,173.463134765625,198.10000610351562,0.17706887,5.89202642,6.34307384,-0.09830791,30.98039246,14.06866059,0,0,87,23.13725471,1419,-,0,-,0,39,9.86256618,8.47000027,-,0,3.13725495,14.11764717,-13,12.10000038
Fri Jul 24 18:51:51 GMT+05:00 2026,24-Jul-2026 18:51:51.601,74.29779085,31.60263314,19.520000457763672,3.7900924682617188,173.181396484375,197.5,-0.2105684,6.18275452,7.70429087,0.0262,30.98039246,14.06866059,0,0,88,23.13725471,1389,-,0,-,0,39,9.86256618,3.31999993,-,0,3.13725495,14.11764717,-13,12.10000038
Fri Jul 24 18:51:52 GMT+05:00 2026,24-Jul-2026 18:51:52.601,74.29773145,31.60246956,19.200000762939453,3.7900924682617188,173.2733154296875,197.1999969482422,-0.56261241,6.22821808,7.36899662,0.00420392,30.98039246,14.06866059,0,0,88,23.13725471,1389,-,0,-,0,39,9.86256618,3.31999993,-,0,3.13725495,14.11764717,-13,13.39999962
Fri Jul 24 18:51:53 GMT+05:00 2026,24-Jul-2026 18:51:53.601,74.29767691,31.6023094,18.360000610351562,3.7900924682617188,173.429931640625,196.8000030517578,0.22013968,6.98704195,7.39053202,0.05598921,30.98039246,14.06866059,0,0,88,25.88235283,1274,-,0,-,0,39,9.86256618,3.31999993,-,0,3.13725495,14.11764717,-13,13.39999962
Fri Jul 24 18:51:54 GMT+05:00 2026,24-Jul-2026 18:51:54.601,74.29762835,31.60215475,17.729999542236328,3.7900924682617188,172.83251953125,196.89999389648438,0.16630118,6.2964139,7.88614511,0.04782337,30.98039246,14.06866059,0,0,88,25.88235283,1274,-,0,-,0,39,9.86256618,3.31999993,-,0,3.13725495,14.11764717,-13,13.875
Fri Jul 24 18:51:55 GMT+05:00 2026,24-Jul-2026 18:51:55.602,74.29758021,31.60200455,17.329999923706055,3.7900924682617188,172.664306640625,196.6999969482422,0.13280165,7.08305407,7.10578585,0.04182535,30.98039246,14.06866059,0,0,88,25.88235283,1220,-,0,-,0,39,9.86256618,3.25999999,-,0,3.52941179,14.11764717,-13,13.875
Fri Jul 24 18:51:56 GMT+05:00 2026,24-Jul-2026 18:51:56.602,74.29753173,31.60185956,16.670000076293945,3.7900924682617188,172.4224853515625,196.10000610351562,-0.65353966,6.24616432,7.86460972,0.04494089,32.15686417,14.06866059,0,0,88,25.88235283,1220,-,0,-,0,39,9.86256618,3.25999999,-,0,4.31372547,14.11764717,-13,13.875
Fri Jul 24 18:51:57 GMT+05:00 2026,24-Jul-2026 18:51:57.602,74.29748681,31.6017159,16.200000762939453,3.7900924682617188,172.32470703125,195.6999969482422,-0.35682967,5.79960394,8.40688324,0.06074423,32.15686417,14.06866059,0,0,88,31.76470566,1537,-,0,-,0,40,3.62594345,4.59000015,-,0,4.31372547,14.11764717,-13,13.875
Fri Jul 24 18:51:58 GMT+05:00 2026,24-Jul-2026 18:51:58.602,74.29744185,31.60158535,15.0600004196167,3.7900924682617188,172.28863525390625,195.89999389648438,0.20458634,6.32632399,7.48026276,0.01786906,32.15686417,14.06866059,0,0,88,31.76470566,1537,-,0,-,0,40,3.62594345,4.59000015,-,0,4.31372547,14.90196037,-13,13.875
Fri Jul 24 18:51:59 GMT+05:00 2026,24-Jul-2026 18:51:59.602,74.29739916,31.60146349,14.289999961853027,3.7900924682617188,172.1068115234375,195.6999969482422,0.04546363,5.84387112,8.18435097,0.04414409,31.76470566,14.06866059,0,0,88,30.58823586,1537,-,0,-,0,40,3.62594345,4.59000015,-,0,4.31372547,14.90196037,-13,13.875
Fri Jul 24 18:52:00 GMT+05:00 2026,24-Jul-2026 18:52:00.603,74.2973632,31.6013444,13.369999885559082,3.7900924682617188,171.864013671875,194.60000610351562,-0.50638109,6.09541655,8.82114029,0.1132099,31.76470566,14.06866059,0,0,88,30.58823586,1537,-,0,-,1.5625,40,3.62594345,4.59000015,-,0.05,4.31372547,14.90196037,2,13.625
Fri Jul 24 18:52:01 GMT+05:00 2026,24-Jul-2026 18:52:01.602,74.29733547,31.60123901,11.9399995803833,3.7900924682617188,171.7431640625,193.39999389648438,-0.42143589,6.36700201,7.82273531,0.04806453,31.76470566,14.06866059,0,0,88,33.33333206,1240,-,-3.90625,-,1.5625,40,3.62594345,4.15999985,-,0.05,4.31372547,14.90196037,2,13.625
Fri Jul 24 18:52:02 GMT+05:00 2026,24-Jul-2026 18:52:02.603,74.2973115,31.60114798,10.550000190734863,3.7900924682617188,171.28369140625,192.60000610351562,-0.37238303,5.83669281,7.25414085,-0.03113604,31.76470566,14.06866059,0,0,88,33.33333206,1240,-,-3.90625,-,-4.6875,40,3.62594345,4.15999985,-,0.79500002,3.13725495,14.90196037,2,13.625
Fri Jul 24 18:52:03 GMT+05:00 2026,24-Jul-2026 18:52:03.602,74.29729145,31.60105947,9.899999618530273,3.7900924682617188,171.021484375,191.60000610351562,-1.72492599,6.35862684,-1.26999056,-0.29703236,31.76470566,14.06866059,0,0,87,27.45098114,1106,-,-3.90625,-,-4.6875,40,3.62594345,4.15999985,-,0.79500002,3.13725495,14.90196037,2,13.625
Fri Jul 24 18:52:04 GMT+05:00 2026,24-Jul-2026 18:52:04.602,74.29727379,31.6009778,9.260000228881836,3.7900924682617188,170.8043212890625,190.8000030517578,-0.44775695,5.84746027,7.8873415,0.02090663,31.76470566,14.06866059,0,0,87,27.45098114,1106,-,-3.90625,-,-4.6875,40,3.62594345,4.15999985,-,0.76999998,3.13725495,14.90196037,1,12.52499962
Fri Jul 24 18:52:05 GMT+05:00 2026,24-Jul-2026 18:52:05.602,74.29726019,31.60090309,8.520000457763672,3.7900924682617188,170.8902587890625,190.10000610351562,0.2213361,6.94995356,7.25653362,0.04349333,31.76470566,14.06866059,0,0,87,28.62745094,1018,-,-3.90625,-,-4.6875,40,3.62594345,3.23000002,-,0.76999998,3.13725495,14.90196037,1,12.52499962
Fri Jul 24 18:52:06 GMT+05:00 2026,24-Jul-2026 18:52:06.602,74.29724779,31.60083482,8.130000114440918,3.7900924682617188,170.91900634765625,189.5,0.93738824,6.68195724,7.02323341,0.01178825,31.76470566,14.06866059,0,99.21875,87,28.62745094,1018,-,-3.90625,-,-7.03125,40,3.62594345,3.23000002,-,0.70499998,4.70588255,14.11764717,1,12.52499962
Fri Jul 24 18:52:07 GMT+05:00 2026,24-Jul-2026 18:52:07.602,74.29722944,31.6007622,8.130000114440918,3.7900924682617188,170.69952392578125,191.0,2.52203512,6.9116683,7.06271505,0.05862421,31.76470566,14.06866059,0,99.21875,87,28.62745094,1018,-,0,-,-7.03125,40,4.49616988,4.63000011,-,0.70499998,4.70588255,15.68627453,25.5,12.52499962
Fri Jul 24 18:52:08 GMT+05:00 2026,24-Jul-2026 18:52:08.602,74.2972002,31.60069208,8.220000267028809,3.7900924682617188,170.39178466796875,201.6999969482422,0.13399807,6.96670294,6.76450968,0.00895005,33.72549057,14.06866059,0,99.21875,87,28.62745094,1018,-,0,-,0,40,4.49616988,4.63000011,-,0.68000001,7.05882359,15.68627453,25.5,12.52499962
Fri Jul 24 18:52:09 GMT+05:00 2026,24-Jul-2026 18:52:09.603,74.29715443,31.60062582,8.470000267028809,3.7900924682617188,170.21710205078125,210.89999389648438,-2.28035998,7.84666348,6.19830799,0.06448191,33.72549057,14.06866059,0,99.21875,87,94.11764526,1018,-,0,-,0,41,4.49616988,10.11999989,-,0.68000001,7.05882359,19.6078434,25.5,12.52499962
Fri Jul 24 18:52:10 GMT+05:00 2026,24-Jul-2026 18:52:10.602,74.29711796,31.60055096,8.960000038146973,3.7900924682617188,170.30010986328125,199.39999389648438,0.75403821,7.74855804,6.88893652,0.07868272,33.72549057,14.06866059,26.66666603,-3.90625,87,94.11764526,1018,-,0,-,0,41,11.31294356,14.77000046,-,0.68000001,13.33333302,19.6078434,25.5,12.27499962
Fri Jul 24 18:52:11 GMT+05:00 2026,24-Jul-2026 18:52:11.602,74.29709028,31.60046229,9.8100004196167,3.7900924682617188,170.3511962890625,197.0,1.53350019,6.64008284,5.96022224,-0.05811125,33.72549057,14.06866059,26.66666603,-3.90625,87,94.11764526,1562,-,0,-,-2.34375,41,11.31294356,14.77000046,-,0.69499999,13.33333302,21.56862831,23.5,12.27499962
Fri Jul 24 18:52:12 GMT+05:00 2026,24-Jul-2026 18:52:12.602,74.29704717,31.60037562,10.609999656677246,3.7900924682617188,170.327880859375,203.10000610351562,0.09810573,7.52811909,5.89441967,-0.00630945,37.25490189,14.06866059,29.01960754,0,87,94.11764526,1562,-,0,-,-2.34375,41,11.31294356,14.77000046,-,0.69499999,13.72549057,21.56862831,23.5,12.27499962
Fri Jul 24 18:52:13 GMT+05:00 2026,24-Jul-2026 18:52:13.602,74.29700059,31.60028232,11.34000015258789,3.7900924682617188,170.63348388671875,203.8000030517578,-0.70259255,7.34626484,6.37657309,0.01319438,37.25490189,14.06866059,29.01960754,0,87,94.11764526,1787,-,-2.34375,-,-3.125,40,11.31294356,17.21999931,-,0.64999998,13.72549057,22.35294151,23.5,12.27499962
Fri Jul 24 18:52:14 GMT+05:00 2026,24-Jul-2026 18:52:14.602,74.29695536,31.60017861,11.979999542236328,3.7900924682617188,170.68585205078125,201.0,-0.17587246,7.02921581,6.38375187,-0.01290584,37.25490189,14.06866059,30.98039246,0,87,94.11764526,1787,-,-2.34375,-,-3.125,40,11.4579813,18.06999969,-,0.64999998,14.90196037,22.35294151,23.5,12.27499962
Fri Jul 24 18:52:15 GMT+05:00 2026,24-Jul-2026 18:52:15.602,74.29691141,31.60007036,12.59000015258789,3.7900924682617188,171.0390625,198.3000030517578,0.41545382,7.26131964,6.41605473,0.00765616,37.25490189,14.06866059,30.98039246,0,87,94.11764526,1787,-,-2.34375,-,-3.125,40,11.4579813,18.06999969,-,0.65499997,14.90196037,23.13725471,23.5,12.27499962
Fri Jul 24 18:52:16 GMT+05:00 2026,24-Jul-2026 18:52:16.601,74.29686967,31.59995593,13.220000267028809,3.7900924682617188,170.8602294921875,197.3000030517578,0.90508515,7.77846813,6.88654375,0.08202153,38.82352829,14.06866059,30.98039246,0,87,94.11764526,1787,-,-2.34375,-,-3.125,40,11.4579813,18.06999969,-,0.65499997,16.86274529,23.13725471,23.5,12.27499962
Fri Jul 24 18:52:17 GMT+05:00 2026,24-Jul-2026 18:52:17.601,74.2968238,31.59983924,13.739999771118164,3.7900924682617188,170.70697021484375,197.10000610351562,0.27278179,7.86460972,7.07467937,0.09768969,38.82352829,14.06866059,30.98039246,0,87,100,1672,-,-2.34375,-,-3.125,39,12.18316999,17.72999954,-,0.65499997,16.86274529,23.13725471,19,12.27499962
Fri Jul 24 18:52:18 GMT+05:00 2026,24-Jul-2026 18:52:18.601,74.29678384,31.5997188,14.220000267028809,3.7900924682617188,170.7218017578125,197.10000610351562,0.30658039,7.29122972,6.30000305,0.00175774,41.17647171,14.06866059,33.33333206,0,87,100,1672,-,-2.34375,-,-3.125,39,12.18316999,17.72999954,-,0.65499997,20.7843132,23.13725471,19,12.19999981
Fri Jul 24 18:52:19 GMT+05:00 2026,24-Jul-2026 18:52:19.602,74.29674013,31.59959012,14.75,3.7900924682617188,171.079833984375,197.10000610351562,0.1052842,7.47906637,6.46301413,0.02667016,41.17647171,14.06866059,33.33333206,0,87,100,1672,-,-2.34375,-,-3.125,39,12.18316999,18.87000084,-,0.65499997,20.7843132,23.13725471,19,12.19999981
Fri Jul 24 18:52:20 GMT+05:00 2026,24-Jul-2026 18:52:20.602,74.29669295,31.59945706,15.279999732971191,3.7900924682617188,171.1856689453125,197.0,0.27756742,7.44437027,6.64845753,0.03682595,41.17647171,14.06866059,33.72549057,0,87,100,1672,-,-2.34375,-,-3.125,39,12.18316999,18.87000084,-,0.65499997,20.7843132,26.66666603,19,12.19999981
Fri Jul 24 18:52:21 GMT+05:00 2026,24-Jul-2026 18:52:21.601,74.29664591,31.59932121,15.770000457763672,3.7900924682617188,171.21759033203125,196.6999969482422,0.43220359,7.33669329,6.66281462,0.03021592,41.17647171,14.06866059,33.72549057,0,87,100,1672,-,-2.34375,-,-3.125,39,13.05339642,19.20999908,-,0.65499997,20.7843132,26.66666603,19,12.19999981
Fri Jul 24 18:52:22 GMT+05:00 2026,24-Jul-2026 18:52:22.603,74.29659875,31.59918042,16.209999084472656,3.7900924682617188,171.51116943359375,196.5,0.51954162,7.07467937,6.61615467,0.00781065,41.17647171,14.06866059,34.11764526,0,87,100,1672,-,-2.34375,-,-2.34375,39,13.05339642,19.20999908,-,0.63999999,20.7843132,26.66666603,16.5,12.19999981
Fri Jul 24 18:52:23 GMT+05:00 2026,24-Jul-2026 18:52:23.602,74.29654664,31.59903966,16.299999237060547,3.7900924682617188,171.88726806640625,196.60000610351562,0.63559353,7.55444002,6.38973379,0.02967769,41.17647171,14.06866059,34.11764526,0,88,100,1725,-,-2.34375,-,-2.34375,39,13.05339642,20.19000053,-,0.63999999,20.7843132,26.66666603,16.5,12.19999981
Fri Jul 24 18:52:24 GMT+05:00 2026,24-Jul-2026 18:52:24.602,74.29649515,31.59889213,16.950000762939453,3.7900924682617188,171.91558837890625,196.3000030517578,0.53868419,7.34267521,6.66999292,0.03168887,41.17647171,14.06866059,34.90196228,0,88,100,1725,-,-2.34375,-,-2.34375,39,13.05339642,20.19000053,-,0.64499998,20.7843132,26.66666603,16.5,12.17500019
Fri Jul 24 18:52:25 GMT+05:00 2026,24-Jul-2026 18:52:25.601,74.29644108,31.59874124,17.360000610351562,3.7900924682617188,172.3133544921875,196.1999969482422,0.64995044,7.43360281,6.74417067,0.04428715,41.17647171,14.06866059,34.90196228,0,88,100,1801,-,-3.125,-,-2.34375,39,13.05339642,20.19000053,-,0.64499998,20.7843132,26.66666603,18.5,12.17500019
Fri Jul 24 18:52:26 GMT+05:00 2026,24-Jul-2026 18:52:26.602,74.29638641,31.59858984,17.739999771118164,3.7900924682617188,172.61700439453125,196.1999969482422,0.12442677,7.43958473,7.07109022,0.06534642,41.17647171,14.06866059,36.47058868,0,88,100,1801,-,-3.125,-,-2.34375,39,12.76332094,20.19000053,-,0.625,20.7843132,26.66666603,18.5,12.17500019
Fri Jul 24 18:52:27 GMT+05:00 2026,24-Jul-2026 18:52:27.602,74.29633459,31.59843177,18.079999923706055,3.7900924682617188,173.297119140625,196.1999969482422,-0.08614162,7.0878396,6.1552372,-0.02403206,41.17647171,14.06866059,36.47058868,0,88,100,1801,-,-3.125,-,-2.34375,39,12.76332094,20.19000053,-,0.625,20.7843132,26.66666603,20,12.17500019
Fri Jul 24 18:52:28 GMT+05:00 2026,24-Jul-2026 18:52:28.603,74.29628111,31.59826925,18.5,3.7900924682617188,173.798828125,196.3000030517578,0.01196411,6.79561615,6.67358255,-0.01009685,41.17647171,14.06866059,37.64706039,-0.78125,88,100,1801,-,-3.125,-,-3.125,39,12.76332094,20.19000053,-,0.625,21.56862831,26.66666603,20,12.17500019
Fri Jul 24 18:52:29 GMT+05:00 2026,24-Jul-2026 18:52:29.602,74.29622665,31.59810589,18.799999237060547,3.7900924682617188,174.384521484375,196.3000030517578,0.3376871,7.20269537,6.11695194,-0.01711792,41.17647171,14.06866059,37.64706039,-0.78125,88,100,1801,-,-3.125,-,-3.125,39,12.76332094,21.95999908,-,0.625,21.56862831,27.05882263,21,12.17500019
Fri Jul 24 18:52:30 GMT+05:00 2026,24-Jul-2026 18:52:30.602,74.29617206,31.59794282,19.09000015258789,3.7900924682617188,174.25067138671875,196.5,0.32093734,7.43838835,6.36341286,0.01738566,41.5686264,14.06866059,40,-0.78125,88,100,1801,-,-3.125,-,-3.125,39,12.90835868,22.35000038,-,0.625,21.56862831,27.05882263,21,12.17500019
Fri Jul 24 18:52:31 GMT+05:00 2026,24-Jul-2026 18:52:31.602,74.29611568,31.59777555,19.399999618530273,3.7900924682617188,174.361572265625,196.8000030517578,0.27278179,7.49461985,6.71665335,0.04526192,41.5686264,14.06866059,40,-0.78125,88,100,1975,-,-3.125,-,-3.125,39,12.90835868,22.35000038,-,0.62,21.56862831,27.05882263,21,12.125
Fri Jul 24 18:52:32 GMT+05:00 2026,24-Jul-2026 18:52:32.601,74.29605329,31.59760369,19.719999313354492,3.7900924682617188,174.53125,196.89999389648438,0.27278179,7.35105038,6.47138882,0.0177269,41.5686264,14.06866059,40,-0.78125,88,100,1975,-,-3.125,-,-3.125,39,12.90835868,22.35000038,-,0.62,21.1764698,27.05882263,21,12.125
Fri Jul 24 18:52:33 GMT+05:00 2026,24-Jul-2026 18:52:33.602,74.29599278,31.5974282,20.09000015258789,3.7900924682617188,174.74176025390625,196.6999969482422,0.25363919,6.95593548,6.61017275,-0.00249302,41.5686264,14.06866059,40,-0.78125,88,100,1996,-,-3.125,-,-3.125,39,12.90835868,22.35000038,-,0.62,21.1764698,27.05882263,21,12.25
Fri Jul 24 18:52:34 GMT+05:00 2026,24-Jul-2026 18:52:34.603,74.29593138,31.59725136,20.459999084472656,3.7900924682617188,175.16375732421875,196.39999389648438,-0.23449662,7.08903599,6.31316328,-0.01305419,41.5686264,14.06866059,40,-1.5625,88,100,1996,-,-3.125,-,-3.125,39,13.19843416,22.35000038,-,0.62,20.7843132,27.05882263,21,12.25
Fri Jul 24 18:52:35 GMT+05:00 2026,24-Jul-2026 18:52:35.602,74.2958692,31.59707034,20.809999465942383,3.7900924682617188,174.95635986328125,196.1999969482422,0.60448682,6.68913555,6.44237566,-0.03230768,41.5686264,14.06866059,40,-1.5625,88,100,1996,-,-3.125,-,-3.125,39,13.19843416,22.35000038,-,0.62,20.7843132,20.7843132,21,12.125
Fri Jul 24 18:52:36 GMT+05:00 2026,24-Jul-2026 18:52:36.602,74.29580258,31.59688646,21.100000381469727,3.7900924682617188,174.76416015625,196.8000030517578,0.36520454,6.72861719,6.68913555,-0.0131253,41.5686264,14.06866059,0,0,88,100,1528,-,-3.125,-,-3.90625,39,3.77098119,22.35000038,-,0.76999998,3.13725495,20.7843132,21,12.125
Fri Jul 24 18:52:37 GMT+05:00 2026,24-Jul-2026 18:52:37.602,74.29573931,31.59670592,20.940000534057617,3.7900924682617188,174.63031005859375,196.6999969482422,-0.0741775,7.04955482,6.71665335,0.01158988,41.5686264,14.06866059,0,0,88,52.15686417,1528,-,-3.125,-,0,39,3.77098119,22.35000038,-,0.41,3.13725495,20.7843132,13,12.125
Fri Jul 24 18:52:38 GMT+05:00 2026,24-Jul-2026 18:52:38.602,74.29567944,31.59652394,21.1200008392334,3.7900924682617188,174.38104248046875,195.89999389648438,0.49800622,7.22781992,6.89611483,0.03860134,42.35293961,14.06866059,32.54901886,0,88,52.15686417,1528,-,-3.125,-,0,39,3.77098119,22.35000038,-,0.41,22.35294151,20.7843132,13,12.125
Fri Jul 24 18:52:39 GMT+05:00 2026,24-Jul-2026 18:52:39.601,74.29561931,31.59633556,21.59000015258789,3.7900924682617188,174.4234619140625,195.1999969482422,-0.28265217,6.96550655,7.39531755,0.05499536,42.35293961,14.06866059,32.54901886,0,88,52.15686417,1566,-,-0.78125,-,0,39,3.77098119,22.35000038,-,0.41,22.35294151,34.11764526,13,12.14999962
Fri Jul 24 18:52:40 GMT+05:00 2026,24-Jul-2026 18:52:40.601,74.29555791,31.59614302,22.09000015258789,3.7900924682617188,174.20355224609375,195.0,-0.00957129,7.0806613,6.35743046,-0.01097739,42.35293961,14.06866059,32.54901886,0,88,52.15686417,1566,-,-0.78125,-,0,39,3.77098119,22.87000084,-,0.41,35.68627548,34.11764526,13,12.14999962
Fri Jul 24 18:52:41 GMT+05:00 2026,24-Jul-2026 18:52:41.602,74.29549431,31.59594536,22.59000015258789,3.7900924682617188,174.14312744140625,194.89999389648438,0.19501504,6.63410091,5.55912542,-0.09847695,42.35293961,14.06866059,32.54901886,0,88,100,1638,-,1.5625,-,0,39,3.77098119,22.87000084,-,0.41,35.68627548,43.13725662,13,12.19999981
Fri Jul 24 18:52:42 GMT+05:00 2026,24-Jul-2026 18:52:42.601,74.29543118,31.59574399,23.09000015258789,3.7900924682617188,173.503662109375,195.0,0.05503492,6.84347296,6.61735106,-0.01058805,54.11764526,14.06866059,32.54901886,0,88,100,1638,-,1.5625,-,2.34375,39,3.77098119,23.94000053,-,0.63499999,43.52941132,43.13725662,13,12.19999981
Fri Jul 24 18:52:43 GMT+05:00 2026,24-Jul-2026 18:52:43.603,74.29536504,31.59554215,23.5,3.7900924682617188,173.34271240234375,195.39999389648438,0.41665024,6.99422073,6.46421051,-0.00923306,54.11764526,14.06866059,32.54901886,0,88,100,1638,-,0.78125,-,0.78125,39,3.77098119,23.94000053,-,0.65499997,43.52941132,43.13725662,8,12.22500038
Fri Jul 24 18:52:44 GMT+05:00 2026,24-Jul-2026 18:52:44.602,74.29529923,31.59533246,24.040000915527344,3.7900924682617188,172.9876708984375,196.0,0.80189466,7.1440711,7.37138939,0.06859344,60.7843132,14.06866059,32.54901886,0,88,100,1638,-,0.78125,-,0.78125,39,3.77098119,24.22999954,-,0.65499997,52.15686417,43.13725662,8,12.22500038
Fri Jul 24 18:52:45 GMT+05:00 2026,24-Jul-2026 18:52:45.601,74.29522859,31.59511999,24.389999389648438,3.7900924682617188,172.84814453125,196.5,0.89431745,7.59661388,6.88654375,0.06817096,60.7843132,14.06866059,32.54901886,0,88,100,1775,-,0.78125,-,0.78125,39,3.77098119,24.22999954,-,0.435,52.15686417,43.13725662,8.5,12.25
Fri Jul 24 18:52:46 GMT+05:00 2026,24-Jul-2026 18:52:46.601,74.29515456,31.59490835,24.6299991607666,3.7900924682617188,172.751220703125,197.0,0.27517462,7.13330317,6.60419035,0.01033241,60.7843132,14.06866059,0,0,88,100,1775,-,0.78125,-,0.78125,39,3.77098119,24.22999954,-,0.435,70.58823395,43.13725662,8.5,12.25
Fri Jul 24 18:52:47 GMT+05:00 2026,24-Jul-2026 18:52:47.601,74.29507856,31.59469405,24.84000015258789,3.7900924682617188,173.05035400390625,197.0,-0.2117648,6.59701204,5.50289392,-0.105012,60.7843132,14.06866059,0,0,88,100,1775,-,0.78125,-,-1.5625,40,3.77098119,24.22999954,-,0.69499999,70.58823395,60.39215851,8.5,12.25
Fri Jul 24 18:52:48 GMT+05:00 2026,24-Jul-2026 18:52:48.602,74.29500113,31.59447995,25.25,3.7900924682617188,173.377197265625,196.5,1.10488582,7.72462988,7.12492847,0.09613615,67.45098114,14.06866059,0,0,88,100,2911,-,0.78125,-,-1.5625,40,13.63354737,36.11999893,-,0.69499999,66.66666412,60.39215851,8.5,12.25
Fri Jul 24 18:52:49 GMT+05:00 2026,24-Jul-2026 18:52:49.602,74.29492424,31.59425913,25.649999618530273,3.7900924682617188,173.91796875,196.6999969482422,1.00797653,7.62054205,6.54795933,0.04833168,67.45098114,14.06866059,0,0,88,100,2911,-,-2.34375,-,-1.5625,40,13.63354737,36.11999893,-,0.61500001,66.66666412,60,15.5,12.25
Fri Jul 24 18:52:50 GMT+05:00 2026,24-Jul-2026 18:52:50.603,74.29484203,31.59403485,26.049999237060547,3.7900924682617188,174.53607177734375,197.8000030517578,1.44855499,7.54486895,6.23300409,0.02747232,67.45098114,14.06866059,0,0,88,100,2972,-,-1.5625,-,-1.5625,39,13.92362285,45.68000031,-,0.61500001,66.66666412,60,15.5,12.25
Fri Jul 24 18:52:51 GMT+05:00 2026,24-Jul-2026 18:52:51.602,74.29474755,31.5938077,26.440000534057617,3.7900924682617188,175.18548583984375,199.39999389648438,-0.55304116,5.50887585,7.39890671,-0.03899485,31.76470566,14.06866059,0,0,88,100,2972,-,-1.5625,-,-1.5625,39,13.92362285,45.68000031,-,0.61500001,4.31372547,60,16,12.25
Fri Jul 24 18:52:52 GMT+05:00 2026,24-Jul-2026 18:52:52.601,74.29465272,31.59358359,26.350000381469727,3.7900924682617188,175.91363525390625,199.8000030517578,-0.9589237,5.6189456,8.26211739,0.04220718,31.76470566,14.06866059,0,0,87,23.13725471,2972,-,-1.5625,-,0,39,13.92362285,3.52999997,-,0.745,4.31372547,60,16,12.39999962
Fri Jul 24 18:52:53 GMT+05:00 2026,24-Jul-2026 18:52:53.601,74.29457007,31.59337539,24.469999313354492,3.7900924682617188,176.276123046875,198.5,-0.61166531,5.29202652,8.85822964,0.07269269,30.98039246,14.06866059,0,0,86,23.13725471,2972,-,-1.5625,-,0,39,3.91601893,3.31999993,-,0.745,3.13725495,60,16,12.39999962
Fri Jul 24 18:52:54 GMT+05:00 2026,24-Jul-2026 18:52:54.601,74.29449931,31.59318626,22.1200008392334,3.7900924682617188,176.80609130859375,197.6999969482422,-1.09770739,5.51126862,7.65404129,-0.01306522,30.98039246,14.06866059,0,0,86,28.23529434,909,-,0,-,0,40,3.91601893,3.31999993,-,0.745,3.13725495,14.11764717,1,12.42500019
Fri Jul 24 18:52:55 GMT+05:00 2026,24-Jul-2026 18:52:55.601,74.29443465,31.59301434,19.8700008392334,3.7900924682617188,177.507080078125,196.8000030517578,-0.60209399,6.70588541,7.81794977,0.07073754,30.98039246,14.06866059,0,0,86,28.23529434,909,-,0,-,0,40,3.33586797,3.23000002,-,0.745,3.13725495,14.11764717,1,12.42500019
Fri Jul 24 18:52:56 GMT+05:00 2026,24-Jul-2026 18:52:56.602,74.29438238,31.5928559,18.15999984741211,3.7900924682617188,177.7369384765625,195.6999969482422,0.30179477,6.49531698,6.56829834,-0.0388549,30.98039246,14.06866059,0,0,86,28.23529434,909,-,-8.59375,-,-8.59375,40,3.33586797,3.23000002,-,0.30500001,3.13725495,14.11764717,1,12.19999981
Fri Jul 24 18:52:57 GMT+05:00 2026,24-Jul-2026 18:52:57.602,74.29432849,31.59270631,17.56999969482422,3.7900924682617188,177.9970703125,195.8000030517578,0.28265217,6.63649368,6.24137878,-0.05187672,30.98039246,14.06866059,0,0,86,28.23529434,1566,-,-8.59375,-,-8.59375,40,6.23662273,7.88999987,-,0.30500001,3.13725495,14.11764717,1,12.19999981
Fri Jul 24 18:52:58 GMT+05:00 2026,24-Jul-2026 18:52:58.602,74.2942767,31.59255507,17.34000015258789,3.7900924682617188,178.2545166015625,196.5,0.61764735,6.51206684,7.35224676,0.02215356,30.98039246,14.06866059,0,0,86,100,1566,-,0,-,0,40,6.23662273,7.88999987,-,0.88499999,3.13725495,14.11764717,1,12.17500019
Fri Jul 24 18:52:59 GMT+05:00 2026,24-Jul-2026 18:52:59.601,74.29422438,31.59240172,17.6200008392334,3.7900924682617188,178.41851806640625,196.1999969482422,0.40109691,7.95912647,5.77687216,0.02234405,82.35294342,14.06866059,0,0,86,96.86274719,1566,-,0,-,0,40,13.77858511,7.88999987,-,0.88499999,92.15686035,14.11764717,1,12.17500019
Fri Jul 24 18:53:00 GMT+05:00 2026,24-Jul-2026 18:53:00.603,74.29417131,31.59223626,18.979999542236328,3.7900924682617188,178.7130126953125,195.89999389648438,0.83180499,8.27049255,5.97338247,0.06241781,82.35294342,14.06866059,0,99.21875,86,96.86274719,1566,-,0,-,0,40,13.77858511,7.88999987,-,0.89499998,91.37255096,77.64705658,1,12.17500019
Fri Jul 24 18:53:01 GMT+05:00 2026,24-Jul-2026 18:53:01.602,74.29411006,31.59205538,20.799999237060547,3.7900924682617188,178.5732421875,196.1999969482422,1.43898368,8.48704243,5.58305359,0.06488866,82.35294342,14.06866059,0,99.21875,86,96.07843018,4882,-,0,-,0,40,13.63354737,75.18000031,-,0.89499998,91.37255096,77.64705658,1,12.17500019
Fri Jul 24 18:53:02 GMT+05:00 2026,24-Jul-2026 18:53:02.602,74.29403988,31.59185955,22.56999969482422,3.7900924682617188,178.773681640625,196.89999389648438,2.36650157,7.85384226,6.41366196,0.08040744,81.5686264,14.06866059,0,99.21875,86,96.07843018,4882,-,0,-,0,40,13.63354737,75.18000031,-,0.88999999,91.37255096,77.64705658,1,14.02499962
Fri Jul 24 18:53:03 GMT+05:00 2026,24-Jul-2026 18:53:03.602,74.29395523,31.59165471,24.15999984741211,3.7900924682617188,178.5609130859375,200.6999969482422,-1.0845468,8.20349312,5.57228565,0.03593844,81.5686264,14.06866059,0,99.21875,86,98.4313736,5551,-,0,-,0,40,13.63354737,75.18000031,-,0.88999999,91.37255096,77.64705658,21.5,14.02499962
Fri Jul 24 18:53:04 GMT+05:00 2026,24-Jul-2026 18:53:04.601,74.29386078,31.59143484,25.75,3.7900924682617188,178.4329833984375,198.89999389648438,0.02512464,7.36421061,5.47776937,-0.04541022,81.5686264,14.06866059,0,99.21875,85,98.4313736,5551,-,0,-,0,40,13.3434719,75.18000031,-,0.88,91.37255096,77.64705658,21.5,13.97500038
Fri Jul 24 18:53:05 GMT+05:00 2026,24-Jul-2026 18:53:05.601,74.29377939,31.59119663,27.34000015258789,3.7900924682617188,177.8232421875,197.1999969482422,0.70019972,7.51495838,6.83031225,0.05664474,81.5686264,14.06866059,0,99.21875,85,97.64705658,6067,-,0,-,0,39,13.3434719,89.30999756,-,0.88,91.37255096,77.64705658,-10,13.94999981
Fri Jul 24 18:53:06 GMT+05:00 2026,24-Jul-2026 18:53:06.601,74.2936904,31.59095296,28.3799991607666,3.7900924682617188,177.118408203125,197.0,0.73489565,6.90329313,6.43519735,-0.01605481,45.49019623,14.06866059,0,-0.78125,85,97.64705658,3171,-,0,-,0,39,10.15264166,41.79999924,-,0.88,28.62745094,77.64705658,-10,13.94999981
Fri Jul 24 18:53:07 GMT+05:00 2026,24-Jul-2026 18:53:07.602,74.29360044,31.59070135,29.100000381469727,3.7900924682617188,176.41644287109375,197.10000610351562,-0.00478565,6.84586573,7.10698223,0.02490026,45.49019623,14.06866059,53.72549057,-0.78125,85,92.94117737,3171,-,0,-,0,39,10.15264166,41.79999924,-,0.88,28.62745094,31.37254906,26,13.94999981
Fri Jul 24 18:53:08 GMT+05:00 2026,24-Jul-2026 18:53:08.602,74.29350708,31.59044642,29.729999542236328,3.7900924682617188,175.7613525390625,197.0,0.19381863,7.41087103,7.03878689,0.06106681,44.70588303,14.06866059,53.72549057,-0.78125,85,92.94117737,2175,-,0,-,0,39,13.19843416,41.79999924,-,0.88,27.45098114,31.37254906,26,13.94999981
Fri Jul 24 18:53:09 GMT+05:00 2026,24-Jul-2026 18:53:09.602,74.29341406,31.59018463,30.15999984741211,3.7900924682617188,174.9119873046875,196.89999389648438,0.34127632,7.07587576,7.07348299,0.0394817,44.70588303,14.06866059,53.72549057,-0.78125,85,100,2175,-,-3.125,-,-2.34375,39,13.19843416,41.79999924,-,0.61500001,27.45098114,30.98039246,19.5,13.17500019
Fri Jul 24 18:53:10 GMT+05:00 2026,24-Jul-2026 18:53:10.602,74.29332525,31.5899202,30.579999923706055,3.7900924682617188,174.76812744140625,196.8000030517578,-0.1794617,6.68195724,5.82233572,-0.07737559,44.70588303,14.06866059,53.72549057,-0.78125,85,100,2225,-,-1.5625,-,-2.34375,39,13.19843416,27.05999947,-,0.61500001,26.66666603,30.98039246,19.5,13.17500019
Fri Jul 24 18:53:11 GMT+05:00 2026,24-Jul-2026 18:53:11.602,74.29322984,31.58965346,30.920000076293945,3.7900924682617188,174.33349609375,196.8000030517578,0.28624141,7.03280497,7.33071136,0.05495876,44.70588303,14.06866059,44.31372452,-0.78125,85,100,2225,-,-1.5625,-,-1.5625,39,13.19843416,27.05999947,-,0.625,26.66666603,30.98039246,19.5,12.77499962
Fri Jul 24 18:53:12 GMT+05:00 2026,24-Jul-2026 18:53:12.602,74.29313506,31.58937917,31.200000762939453,3.7900924682617188,174.243408203125,196.89999389648438,0.08853444,7.59661388,8.00817871,0.14422387,44.70588303,14.06866059,44.31372452,-0.78125,86,100,2266,-,-1.5625,-,-1.5625,39,13.05339642,27.36000061,-,0.625,26.66666603,30.98039246,19.5,12.77499962
Fri Jul 24 18:53:13 GMT+05:00 2026,24-Jul-2026 18:53:13.601,74.29303552,31.58911118,31.43000030517578,3.7900924682617188,173.888916015625,197.10000610351562,0.60568321,6.44476891,5.74815798,-0.09853572,44.70588303,14.06866059,44.70588303,0.78125,86,100,2266,-,-1.5625,-,-1.5625,39,13.05339642,27.36000061,-,0.625,26.66666603,30.98039246,19.5,12.27499962
Fri Jul 24 18:53:14 GMT+05:00 2026,24-Jul-2026 18:53:14.602,74.29293885,31.58883742,31.639999389648438,3.7900924682617188,173.57568359375,196.8000030517578,0.15433706,6.73220634,7.00618458,0.00958776,44.70588303,14.06866059,44.70588303,0.78125,87,100,2266,-,-1.5625,-,-1.5625,39,13.05339642,27.20999908,-,0.625,26.66666603,30.98039246,19.5,12.27499962
Fri Jul 24 18:53:15 GMT+05:00 2026,24-Jul-2026 18:53:15.602,74.29284438,31.58856214,31.8700008392334,3.7900924682617188,173.36138916015625,196.6999969482422,1.09890378,8.02851772,7.02323341,0.11210519,44.70588303,14.06866059,44.70588303,0,87,100,2266,-,-1.5625,-,-1.5625,39,12.90835868,27.20999908,-,0.625,26.66666603,30.98039246,19.5,12.27499962
Fri Jul 24 18:53:16 GMT+05:00 2026,24-Jul-2026 18:53:16.602,74.29274954,31.5882843,32.09000015258789,3.7900924682617188,173.41729736328125,196.6999969482422,0.03828516,6.38734102,5.88335276,-0.09577161,44.70588303,14.06866059,44.70588303,0,87,100,2318,-,-2.34375,-,-1.5625,39,12.90835868,27.20999908,-,0.625,26.66666603,30.98039246,21,12.14999962
Fri Jul 24 18:53:17 GMT+05:00 2026,24-Jul-2026 18:53:17.602,74.2926497,31.58800641,32.2599983215332,3.7900924682617188,173.7144775390625,196.6999969482422,0.15194423,7.71864748,7.36899662,0.10692269,44.70588303,14.06866059,44.70588303,0,87,100,2318,-,-2.34375,-,-2.34375,39,12.90835868,28.28000069,-,0.625,26.66666603,30.98039246,21,12.14999962
Fri Jul 24 18:53:18 GMT+05:00 2026,24-Jul-2026 18:53:18.602,74.29255125,31.58772531,32.45000076293945,3.7900924682617188,173.77801513671875,196.6999969482422,-0.0837488,7.92443037,7.32353258,0.11896247,44.70588303,14.06866059,45.09803772,0,87,100,2349,-,-2.34375,-,-2.34375,39,12.90835868,28.28000069,-,0.62,26.66666603,30.98039246,21,12.17500019
Fri Jul 24 18:53:19 GMT+05:00 2026,24-Jul-2026 18:53:19.602,74.29245105,31.5874468,32.709999084472656,3.7900924682617188,173.851318359375,196.60000610351562,0.27278179,6.8482585,6.56829834,-0.01332182,44.70588303,14.06866059,45.09803772,0,87,100,2349,-,-2.34375,-,-2.34375,39,12.90835868,28.44000053,-,0.62,26.66666603,30.98039246,21,12.17500019
Fri Jul 24 18:53:20 GMT+05:00 2026,24-Jul-2026 18:53:20.601,74.29235552,31.58716077,32.84000015258789,3.7900924682617188,173.8668212890625,196.5,0.30418757,6.64127922,6.72622442,-0.01694942,44.70588303,14.06866059,45.49019623,0,87,100,2349,-,-2.34375,-,-2.34375,39,12.90835868,28.44000053,-,0.63999999,27.45098114,31.76470566,21,12.17500019
Fri Jul 24 18:53:21 GMT+05:00 2026,24-Jul-2026 18:53:21.602,74.29225646,31.58687486,32.88999938964844,3.7900924682617188,174.38836669921875,196.39999389648438,0.56859446,7.21226645,7.07587576,0.05056864,44.70588303,14.06866059,45.49019623,0,87,100,2371,-,-2.34375,-,-2.34375,39,12.90835868,28.44000053,-,0.63999999,27.45098114,31.76470566,20.5,12.17500019
Fri Jul 24 18:53:22 GMT+05:00 2026,24-Jul-2026 18:53:22.602,74.29215884,31.58659159,32.880001068115234,3.7900924682617188,174.8487548828125,196.5,0.34725839,7.34267521,7.10817862,0.06135875,45.09803772,14.06866059,45.49019623,0,87,100,2371,-,-2.34375,-,-2.34375,39,12.90835868,28.44000053,-,0.63999999,27.45098114,31.37254906,20.5,12.17500019
Fri Jul 24 18:53:23 GMT+05:00 2026,24-Jul-2026 18:53:23.601,74.29206068,31.58630639,32.90999984741211,3.7900924682617188,175.0916748046875,196.60000610351562,0.1794617,5.94347239,5.91834784,-0.12580001,45.09803772,14.06866059,45.49019623,0,87,100,2371,-,-2.34375,-,-2.34375,39,12.90835868,28.44000053,-,0.63999999,27.45098114,31.37254906,21,12.17500019
Fri Jul 24 18:53:24 GMT+05:00 2026,24-Jul-2026 18:53:24.602,74.29195978,31.58602125,32.97999954223633,3.7900924682617188,175.5081787109375,196.6999969482422,0.54346985,6.0140605,5.36650276,-0.15749431,45.09803772,14.06866059,45.49019623,0,87,100,2371,-,-2.34375,-,-2.34375,39,12.90835868,28.44000053,-,0.62,27.45098114,31.37254906,21,12.19999981
Fri Jul 24 18:53:25 GMT+05:00 2026,24-Jul-2026 18:53:25.603,74.29185781,31.58573554,33.08000183105469,3.7900924682617188,175.3521728515625,197.3000030517578,0.32452658,6.28086042,6.04038143,-0.09209752,44.70588303,14.06866059,45.49019623,0,87,100,2393,-,-2.34375,-,-2.34375,39,13.05339642,28.89999962,-,0.62,27.05882263,31.37254906,21,12.19999981
Fri Jul 24 18:53:26 GMT+05:00 2026,24-Jul-2026 18:53:26.602,74.29174947,31.58544999,33.20000076293945,3.7900924682617188,175.57861328125,198.1999969482422,0.14117654,6.5443697,6.64367199,-0.03026748,44.70588303,14.06866059,45.49019623,0.78125,87,100,2393,-,-2.34375,-,-2.34375,39,13.05339642,28.89999962,-,0.62,27.05882263,31.37254906,21,12.14999962
Fri Jul 24 18:53:27 GMT+05:00 2026,24-Jul-2026 18:53:27.602,74.29163576,31.58516292,33.5099983215332,3.7900924682617188,175.4150390625,199.0,0.61046886,7.6743803,6.59103012,0.05209035,44.70588303,14.06866059,45.49019623,0.78125,87,100,2393,-,-2.34375,-,-2.34375,39,13.05339642,28.89999962,-,0.62,27.05882263,31.37254906,21,12.14999962
Fri Jul 24 18:53:28 GMT+05:00 2026,24-Jul-2026 18:53:28.601,74.29151935,31.5848714,33.880001068115234,3.7900924682617188,174.6798095703125,199.8000030517578,-0.48604211,6.09063101,7.34028244,-0.00745416,44.70588303,14.06866059,45.88235474,0.78125,87,100,2393,-,-2.34375,-,-2.34375,39,13.05339642,28.89999962,-,0.62,7.45098019,30.98039246,21,12.125
Fri Jul 24 18:53:29 GMT+05:00 2026,24-Jul-2026 18:53:29.602,74.29139232,31.58458656,34.150001525878906,3.7900924682617188,174.45855712890625,200.5,0.37238303,6.37178755,7.38096046,0.01369065,44.70588303,14.06866059,45.88235474,0.78125,87,17.25490189,2448,-,-2.34375,-,-2.34375,39,3.62594345,4.30999994,-,0.62,7.45098019,30.98039246,21,12.125
Fri Jul 24 18:53:30 GMT+05:00 2026,24-Jul-2026 18:53:30.602,74.29125754,31.58430315,33.77000045776367,3.7900924682617188,173.58154296875,201.6999969482422,-0.29341987,6.65443993,7.59781027,0.04898733,44.70588303,14.06866059,0,0,87,17.25490189,2448,-,-2.34375,-,0,39,3.62594345,4.30999994,-,0,7.45098019,30.98039246,-11,12.44999981
Fri Jul 24 18:53:31 GMT+05:00 2026,24-Jul-2026 18:53:31.603,74.29112125,31.58402443,33.439998626708984,3.7900924682617188,173.7010498046875,202.89999389648438,0.04426722,6.56949472,6.91645384,-0.00859803,31.76470566,14.06866059,0,0,86,17.25490189,2374,-,-2.34375,-,0,39,2.61067928,4.11999989,-,0,4.31372547,30.98039246,-11,12.44999981
Fri Jul 24 18:53:32 GMT+05:00 2026,24-Jul-2026 18:53:32.602,74.29098887,31.58375364,32.86000061035156,3.7900924682617188,173.470703125,203.60000610351562,0.13758731,7.3917284,8.28724194,0.15107208,31.76470566,14.06866059,0,0,86,17.25490189,2374,-,0,-,0,40,2.61067928,4.11999989,-,0,4.31372547,14.90196037,-11,12.44999981
Fri Jul 24 18:53:33 GMT+05:00 2026,24-Jul-2026 18:53:33.601,74.29084815,31.58348854,32.36000061035156,3.7900924682617188,173.2203369140625,204.39999389648438,0.13878371,6.15643358,7.17398119,-0.01724195,31.76470566,14.06866059,0,0,86,17.25490189,2374,-,0,-,0,40,2.61067928,4.11999989,-,0,3.92156863,14.90196037,-11,12.44999981
Fri Jul 24 18:53:34 GMT+05:00 2026,24-Jul-2026 18:53:34.602,74.2907077,31.58322726,31.860000610351562,3.7900924682617188,172.9033203125,204.60000610351562,0.05503492,6.97507811,8.54327393,0.14327675,31.76470566,14.06866059,0,0,86,17.25490189,2374,-,0,-,0,40,2.61067928,4.11999989,-,0,3.92156863,14.90196037,-11,12.44999981
Fri Jul 24 18:53:35 GMT+05:00 2026,24-Jul-2026 18:53:35.601,74.29056835,31.58297248,31.309999465942383,3.7900924682617188,172.8668212890625,204.6999969482422,-0.18424734,7.2792654,8.0129652,0.12269479,31.76470566,14.06866059,0,0,86,15.68627453,2374,-,0,-,0,40,2.61067928,3.77999997,-,0,3.92156863,14.90196037,-11,12.44999981
Fri Jul 24 18:53:36 GMT+05:00 2026,24-Jul-2026 18:53:36.602,74.29043242,31.58272224,30.459999084472656,3.7900924682617188,172.909912109375,204.60000610351562,0.43579283,7.24217701,7.26490879,0.0656181,31.76470566,14.06866059,0,0,86,15.68627453,2374,-,0,-,0,40,2.61067928,3.77999997,-,0,3.92156863,14.90196037,-11,12.44999981
Fri Jul 24 18:53:37 GMT+05:00 2026,24-Jul-2026 18:53:37.602,74.29030007,31.58247582,30.020000457763672,3.7900924682617188,172.92486572265625,204.60000610351562,0.07776674,6.66879654,6.46062136,-0.03447682,31.76470566,14.06866059,0,0,86,15.68627453,2374,-,0,-,0,40,2.61067928,3.77999997,-,0,3.92156863,14.90196037,-11,12.44999981
Fri Jul 24 18:53:38 GMT+05:00 2026,24-Jul-2026 18:53:38.602,74.29016486,31.58222813,30.15999984741211,3.7900924682617188,172.6136474609375,204.89999389648438,0.60927248,7.11057138,7.11176777,0.04602867,31.76470566,14.06866059,0,0,86,15.68627453,2374,-,0,-,0,40,2.61067928,3.77999997,-,0,3.92156863,14.90196037,-11,12.44999981
Fri Jul 24 18:53:39 GMT+05:00 2026,24-Jul-2026 18:53:39.601,74.29002737,31.5819785,30.360000610351562,3.7900924682617188,172.3233642578125,205.1999969482422,0.07776674,7.35105038,6.98943472,0.05302399,31.76470566,14.06866059,0,0,86,15.68627453,2213,-,0,-,0,40,2.61067928,3.77999997,-,0,34.90196228,14.90196037,-11,12.44999981
Fri Jul 24 18:53:40 GMT+05:00 2026,24-Jul-2026 18:53:40.602,74.28989041,31.58172903,30.540000915527344,3.7900924682617188,171.8975830078125,205.3000030517578,-0.25842485,6.50369215,6.65802908,-0.03186965,31.76470566,14.06866059,0,0,86,100,2213,-,-1.5625,-,0,40,2.61067928,3.77999997,-,0,34.90196228,14.90196037,24.5,12.85000038
Fri Jul 24 18:53:41 GMT+05:00 2026,24-Jul-2026 18:53:41.603,74.28975205,31.58147823,30.709999084472656,3.7900924682617188,171.8118896484375,205.10000610351562,0.41784665,7.22781992,7.51615524,0.08280486,31.76470566,14.06866059,0,0,86,100,2213,-,-1.5625,-,0,40,2.61067928,23.64999962,-,0,18.8235302,14.90196037,24.5,12.85000038
Fri Jul 24 18:53:42 GMT+05:00 2026,24-Jul-2026 18:53:42.602,74.28961509,31.58122732,30.81999969482422,3.7900924682617188,171.7657470703125,204.89999389648438,-0.32811579,7.37617493,6.78006315,0.04083627,31.76470566,14.06866059,40.7843132,0,86,100,2213,-,-2.34375,-,0,40,2.61067928,23.64999962,-,0,18.8235302,25.49019623,25.5,12.32499981
Fri Jul 24 18:53:43 GMT+05:00 2026,24-Jul-2026 18:53:43.602,74.28948209,31.5809737,30.940000534057617,3.7900924682617188,172.0269775390625,204.39999389648438,-0.05742774,7.9938221,7.76052189,0.15471584,40.39215851,14.06866059,40.7843132,0,85,100,2213,-,-2.34375,-,0,40,11.89309452,23.64999962,-,0,19.6078434,25.49019623,25.5,12.32499981
Fri Jul 24 18:53:44 GMT+05:00 2026,24-Jul-2026 18:53:44.602,74.28934801,31.58071558,31.0,3.7900924682617188,172.04345703125,203.89999389648438,0.48364928,6.86381197,6.57667303,-0.01073271,40.39215851,14.06866059,40.7843132,0,85,100,2213,-,-2.34375,-,-2.34375,40,11.89309452,23.64999962,-,0.64999998,19.6078434,25.88235283,25,12.32499981
Fri Jul 24 18:53:45 GMT+05:00 2026,24-Jul-2026 18:53:45.602,74.28921771,31.58045818,31.020000457763672,3.7900924682617188,172.374267578125,204.0,1.03549397,7.76889706,7.36780024,0.1155315,40.39215851,14.06866059,40.7843132,0,85,100,2235,-,-2.34375,-,-2.34375,40,12.03813225,23.64999962,-,0.64999998,20.3921566,25.88235283,25,12.32499981
Fri Jul 24 18:53:46 GMT+05:00 2026,24-Jul-2026 18:53:46.601,74.28908453,31.58020298,30.950000762939453,3.7900924682617188,172.808349609375,204.60000610351562,0.39391842,7.54367256,6.99302435,0.06832808,40.39215851,14.06866059,41.17647171,0,85,100,2235,-,-2.34375,-,-2.34375,40,12.03813225,23.64999962,-,0.64999998,20.3921566,26.27450943,25,12.14999962
Fri Jul 24 18:53:47 GMT+05:00 2026,24-Jul-2026 18:53:47.602,74.28894549,31.57994954,30.969999313354492,3.7900924682617188,173.802978515625,205.10000610351562,0.08733802,6.45344257,6.4028945,-0.05426276,40.7843132,14.06866059,41.17647171,0,85,100,2235,-,-2.34375,-,-2.34375,40,12.03813225,24.37999916,-,0.64999998,20.3921566,26.27450943,25,12.14999962
Fri Jul 24 18:53:48 GMT+05:00 2026,24-Jul-2026 18:53:48.602,74.28881127,31.57969691,30.780000686645508,3.7900924682617188,174.54730224609375,205.3000030517578,-0.17467605,6.39571571,6.27846766,-0.06722975,40.7843132,14.06866059,41.17647171,0,85,100,2235,-,-2.34375,-,-2.34375,40,12.03813225,24.37999916,-,0.625,20.3921566,26.27450943,24.5,12.19999981
Fri Jul 24 18:53:49 GMT+05:00 2026,24-Jul-2026 18:53:49.602,74.28867221,31.57944973,30.709999084472656,3.7900924682617188,175.06805419921875,205.5,0.14596218,6.91286469,7.9507513,0.09308416,40.7843132,14.06866059,41.17647171,0,86,100,2220,-,-2.34375,-,-2.34375,40,12.18316999,24.07999992,-,0.625,20,26.27450943,24.5,12.19999981
Fri Jul 24 18:53:50 GMT+05:00 2026,24-Jul-2026 18:53:50.602,74.288533,31.57920098,30.709999084472656,3.7900924682617188,175.5777587890625,205.39999389648438,-0.22971097,7.05194759,6.97627449,0.03044277,40.7843132,14.06866059,41.17647171,0,86,100,2220,-,-2.34375,-,-2.34375,40,12.18316999,24.07999992,-,0.625,20,26.27450943,24.5,12.19999981
Fri Jul 24 18:53:51 GMT+05:00 2026,24-Jul-2026 18:53:51.602,74.28838374,31.57895069,30.760000228881836,3.7900924682617188,176.467041015625,205.5,0.64277196,7.74257565,7.10817862,0.09242314,40.7843132,14.06866059,41.17647171,0.78125,86,100,2220,-,-2.34375,-,-3.125,40,12.03813225,24.07999992,-,0.63,20,26.27450943,24.5,12.19999981
Fri Jul 24 18:53:52 GMT+05:00 2026,24-Jul-2026 18:53:52.602,74.2882439,31.57870087,30.850000381469727,3.7900924682617188,176.55517578125,205.5,-0.0107677,7.96271563,7.8083787,0.15583855,40.7843132,14.06866059,41.17647171,0.78125,86,100,2228,-,-2.34375,-,-2.34375,40,12.03813225,24.07999992,-,0.61500001,20,26.27450943,24.5,12.17500019
Fri Jul 24 18:53:53 GMT+05:00 2026,24-Jul-2026 18:53:53.601,74.28810514,31.57845136,30.940000534057617,3.7900924682617188,176.64697265625,205.5,0.07178468,7.32592583,6.97747087,0.05032355,40.7843132,14.06866059,41.5686264,0.78125,86,100,2228,-,-2.34375,-,-2.34375,40,12.18316999,24.37999916,-,0.61500001,20.3921566,26.27450943,24.5,12.17500019
Fri Jul 24 18:53:54 GMT+05:00 2026,24-Jul-2026 18:53:54.602,74.28796337,31.57820163,31.110000610351562,3.7900924682617188,176.5140380859375,205.6999969482422,0.04067798,6.97866726,6.792027,0.01169419,40.7843132,14.06866059,41.5686264,0.78125,86,100,2248,-,-2.34375,-,-2.34375,40,12.18316999,24.37999916,-,0.63,20.3921566,26.27450943,24.5,12.125
Fri Jul 24 18:53:55 GMT+05:00 2026,24-Jul-2026 18:53:55.602,74.28782075,31.5779474,31.360000610351562,3.7900924682617188,176.2254638671875,205.8000030517578,0.16510476,6.90329313,7.13808918,0.03138703,40,14.06866059,40.39215851,1.5625,86,100,2248,-,-2.34375,-,-2.34375,40,11.74805678,24.37999916,-,0.63,18.43137169,26.27450943,24.5,12.125
Fri Jul 24 18:53:56 GMT+05:00 2026,24-Jul-2026 18:53:56.602,74.28767764,31.57768549,31.6200008392334,3.7900924682617188,175.57080078125,205.60000610351562,0.60568321,7.50897646,7.00498819,0.06761914,40,14.06866059,40.39215851,1.5625,86,94.11764526,2248,-,-3.125,-,-2.34375,40,11.74805678,24.37999916,-,0.63,18.43137169,25.09803963,26.5,12.10000038
Fri Jul 24 18:53:57 GMT+05:00 2026,24-Jul-2026 18:53:57.601,74.28753219,31.57742667,31.90999984741211,3.7900924682617188,174.712158203125,205.39999389648438,-0.11724831,7.18594551,7.55444002,0.08188909,40,14.06866059,40.7843132,0,86,94.11764526,2248,-,-3.125,-,-3.125,40,11.60301904,24.37999916,-,0.62,18.43137169,25.09803963,26.5,12.10000038
Fri Jul 24 18:53:58 GMT+05:00 2026,24-Jul-2026 18:53:58.601,74.28738591,31.57716449,32.209999084472656,3.7900924682617188,174.069091796875,205.10000610351562,-0.04307081,6.346663,5.84985304,-0.10113269,40,14.06866059,40.7843132,0,86,92.15686035,2248,-,-3.125,-,-3.125,40,11.60301904,24.37999916,-,0.62,18.43137169,25.09803963,26.5,12.17500019
Fri Jul 24 18:53:59 GMT+05:00 2026,24-Jul-2026 18:53:59.602,74.28724005,31.57689968,32.529998779296875,3.7900924682617188,173.57000732421875,205.39999389648438,0.68105716,6.00807858,6.82193756,-0.05175412,40,14.06866059,40.7843132,0,86,92.15686035,2248,-,-3.125,-,-3.125,40,11.60301904,24.37999916,-,0.62,18.43137169,25.09803963,26.5,12.17500019
Fri Jul 24 18:54:00 GMT+05:00 2026,24-Jul-2026 18:54:00.602,74.28708989,31.57663094,32.81999969482422,3.7900924682617188,172.84100341796875,205.89999389648438,0.27278179,6.91525745,6.39810848,-0.02024376,40,14.06866059,40.7843132,0,86,92.94117737,2366,-,-3.125,-,-3.125,40,11.60301904,24.37999916,-,0.62,18.43137169,24.70588303,28,12.125
Fri Jul 24 18:54:01 GMT+05:00 2026,24-Jul-2026 18:54:01.602,74.28693721,31.57636351,33.099998474121094,3.7900924682617188,172.4617919921875,206.1999969482422,-0.49800622,6.5790658,7.10339308,0.00726295,32.54901886,14.06866059,39.2156868,3.90625,86,92.94117737,2366,-,-3.125,-,-3.125,40,3.77098119,3.77999997,-,0.61500001,16.07843208,24.70588303,28,12.125
Fri Jul 24 18:54:02 GMT+05:00 2026,24-Jul-2026 18:54:02.603,74.28678157,31.57609665,33.189998626708984,3.7900924682617188,171.82684326171875,206.5,-0.30658039,5.195117,6.25573587,-0.15149838,32.54901886,14.06866059,39.2156868,3.90625,86,16.47058868,2366,-,0,-,0,40,3.77098119,3.77999997,-,0,16.07843208,14.90196037,-11,12.5
Fri Jul 24 18:54:03 GMT+05:00 2026,24-Jul-2026 18:54:03.602,74.28662617,31.5758323,32.7400016784668,3.7900924682617188,171.08428955078125,206.6999969482422,-0.0837488,6.03559589,7.12612486,-0.02901137,32.54901886,14.06866059,39.2156868,0,86,16.47058868,2319,-,0,-,0,40,3.77098119,3.8900001,-,0,3.92156863,14.90196037,-11,12.5
Fri Jul 24 18:54:04 GMT+05:00 2026,24-Jul-2026 18:54:04.602,74.28647692,31.57556959,32.33000183105469,3.7900924682617188,170.4132080078125,206.5,-0.59491551,6.24736071,8.83549786,0.12373084,32.54901886,14.06866059,39.2156868,0,86,16.47058868,2319,-,0,-,0,40,3.77098119,3.8900001,-,0,3.92156863,14.90196037,-11,13
Fri Jul 24 18:54:05 GMT+05:00 2026,24-Jul-2026 18:54:05.602,74.28633043,31.57531965,31.280000686645508,3.7900924682617188,170.1864013671875,206.39999389648438,-0.1052842,6.28086042,7.16799927,-0.0094375,32.54901886,14.06866059,39.2156868,0,86,16.47058868,2148,-,0,-,0,40,3.77098119,3.8900001,-,0,3.92156863,14.90196037,-11,13
Fri Jul 24 18:54:06 GMT+05:00 2026,24-Jul-2026 18:54:06.601,74.28618927,31.575076,29.969999313354492,3.7900924682617188,169.9290771484375,206.3000030517578,-0.02751746,6.73220634,7.55085087,0.05021912,32.54901886,14.06866059,39.2156868,0,86,16.47058868,2148,-,0,-,0,40,3.77098119,3.8900001,-,0,3.92156863,14.90196037,-12.5,13.60000038
Fri Jul 24 18:54:07 GMT+05:00 2026,24-Jul-2026 18:54:07.602,74.28604812,31.57484111,29.3700008392334,3.7900924682617188,169.62786865234375,206.3000030517578,0.12562318,6.27248526,7.2158556,-0.0062986,32.54901886,14.06866059,39.2156868,0,86,16.47058868,2084,-,0,-,0,40,2.46564155,3.49000001,-,0,3.92156863,14.90196037,-12.5,13.60000038
Fri Jul 24 18:54:08 GMT+05:00 2026,24-Jul-2026 18:54:08.602,74.28591196,31.57460888,28.90999984741211,3.7900924682617188,169.68096923828125,206.1999969482422,-0.53629136,6.79322338,7.11775017,0.02346724,32.54901886,14.06866059,39.2156868,0,86,16.07843208,2084,-,0,-,0,40,2.46564155,3.49000001,-,0,3.92156863,14.90196037,-12.5,13.60000038
Fri Jul 24 18:54:09 GMT+05:00 2026,24-Jul-2026 18:54:09.602,74.28578154,31.57437634,28.450000762939453,3.7900924682617188,169.9327392578125,205.5,-0.22731815,5.9291153,6.93798923,-0.05040151,32.54901886,14.06866059,0,0,86,16.07843208,2084,-,0,-,0,40,2.46564155,3.49000001,-,0,3.92156863,14.90196037,-12.5,14.10000038
Fri Jul 24 18:54:10 GMT+05:00 2026,24-Jul-2026 18:54:10.602,74.28563954,31.57414493,29.049999237060547,3.7900924682617188,169.51519775390625,205.3000030517578,-0.56739807,6.07148838,6.84945488,-0.04617822,31.37254906,14.06866059,0,0,86,16.07843208,1978,-,0,-,0,40,2.61067928,3.49000001,-,0,3.92156863,14.90196037,-12.5,14.10000038
Fri Jul 24 18:54:11 GMT+05:00 2026,24-Jul-2026 18:54:11.602,74.2855253,31.57392708,27.40999984741211,3.7900924682617188,169.561767578125,205.0,-0.53270215,5.56391096,8.22742176,0.03290659,31.37254906,14.06866059,0,0,86,17.64705849,1978,-,0,-,0,40,2.61067928,3.49000001,-,0,3.92156863,14.50980377,-12.5,14.125
Fri Jul 24 18:54:12 GMT+05:00 2026,24-Jul-2026 18:54:12.602,74.28540761,31.57371518,26.100000381469727,3.7900924682617188,169.50927734375,205.1999969482422,0.02991028,5.0383873,7.3570323,-0.07203376,31.37254906,14.06866059,0,0,86,17.64705849,1978,-,0,-,0,40,2.61067928,3.49000001,-,0,3.52941179,14.50980377,-12.5,14.125
Fri Jul 24 18:54:13 GMT+05:00 2026,24-Jul-2026 18:54:13.602,74.28529735,31.57351628,24.639999389648438,3.7900924682617188,169.6077880859375,205.3000030517578,-0.13399807,5.71705151,7.49701262,-0.01982826,31.37254906,14.06866059,0,0,85,17.64705849,1701,-,0,-,0,40,2.90075476,3.28999996,-,0,3.52941179,14.50980377,-12.5,14.125
Fri Jul 24 18:54:14 GMT+05:00 2026,24-Jul-2026 18:54:14.602,74.28519325,31.57333034,23.18000030517578,3.7900924682617188,169.15045166015625,205.60000610351562,-0.46211389,6.07507753,7.74975443,0.02388591,31.37254906,14.06866059,0,0,85,20,1701,-,0,-,0,41,2.90075476,3.28999996,-,0,3.52941179,14.50980377,-13,14.14999962
Fri Jul 24 18:54:15 GMT+05:00 2026,24-Jul-2026 18:54:15.601,74.28509463,31.57315689,21.860000610351562,3.7900924682617188,168.5943603515625,205.60000610351562,-0.01674976,6.92363214,7.4204421,0.05354506,31.37254906,14.06866059,0,0,85,20,1504,-,0,-,0,41,2.90075476,3.28999996,-,0,3.13725495,14.50980377,-13,14.14999962
Fri Jul 24 18:54:16 GMT+05:00 2026,24-Jul-2026 18:54:16.602,74.28499927,31.572988,20.920000076293945,3.7900924682617188,168.5877685546875,205.6999969482422,-0.55663037,6.76570606,6.92482853,0.00751293,31.37254906,14.06866059,0,0,85,22.35294151,1504,-,0,-,0,41,2.90075476,3.28999996,-,0,3.13725495,14.11764717,-13,14.125
Fri Jul 24 18:54:17 GMT+05:00 2026,24-Jul-2026 18:54:17.602,74.28490602,31.57282343,20.579999923706055,3.7900924682617188,168.375,205.1999969482422,-0.01555335,6.66042185,6.84227657,-0.00763327,31.37254906,14.06866059,0,0,85,22.35294151,1504,-,0,-,0,41,2.90075476,3.28999996,-,0,3.13725495,14.11764717,-13,14.125
Fri Jul 24 18:54:18 GMT+05:00 2026,24-Jul-2026 18:54:18.602,74.28481656,31.5726565,20.25,3.7900924682617188,168.06890869140625,204.1999969482422,0.08614162,6.97388172,6.98106003,0.02491349,31.37254906,14.06866059,0,0,85,22.35294151,1436,-,0,-,0,41,2.90075476,3.07999992,-,0,3.13725495,14.11764717,-13,14.125
Fri Jul 24 18:54:19 GMT+05:00 2026,24-Jul-2026 18:54:19.602,74.28473067,31.57249367,20.0,3.7900924682617188,167.64794921875,204.39999389648438,-0.01794617,7.37497854,7.98305464,0.12687892,31.37254906,14.06866059,0,0,85,27.84313774,1436,-,0,-,0,41,2.90075476,3.07999992,-,0,3.13725495,15.68627453,24.5,14.125
Fri Jul 24 18:54:20 GMT+05:00 2026,24-Jul-2026 18:54:20.602,74.28464666,31.57233107,19.8700008392334,3.7900924682617188,166.8284912109375,205.10000610351562,0.59371912,6.78724146,6.88534737,0.00640482,31.37254906,14.06866059,0,0,85,27.84313774,1436,-,0,-,1.5625,41,2.90075476,3.07999992,-,0.045,3.13725495,15.68627453,24.5,13.69999981
Fri Jul 24 18:54:21 GMT+05:00 2026,24-Jul-2026 18:54:21.602,74.28455858,31.5721658,20.309999465942383,3.7900924682617188,167.76953125,205.5,0.43938205,6.53838778,6.40528727,-0.0468936,34.11764526,14.06866059,0,0,85,27.84313774,1381,-,0,-,1.5625,41,11.4579813,12.10999966,-,0.045,7.84313726,15.68627453,24.5,13.69999981
Fri Jul 24 18:54:22 GMT+05:00 2026,24-Jul-2026 18:54:22.602,74.28446491,31.5719991,19.760000228881836,3.7900924682617188,167.59442138671875,205.8000030517578,-0.31136605,7.11416101,6.99422073,0.07561404,34.11764526,14.06866059,0,0,85,76.47058868,1381,-,-7.03125,-,1.5625,41,11.4579813,12.10999966,-,0.045,7.84313726,19.2156868,25,13.69999981
Fri Jul 24 18:54:23 GMT+05:00 2026,24-Jul-2026 18:54:23.602,74.28437502,31.57183516,19.940000534057617,3.7900924682617188,167.6329345703125,205.8000030517578,-0.41665024,6.19591522,6.8482585,-0.03864074,30.98039246,14.06866059,0,26.5625,85,76.47058868,1381,-,-7.03125,-,0.78125,41,11.4579813,12.10999966,-,0.59500003,3.13725495,19.2156868,25,12.80000019
Fri Jul 24 18:54:24 GMT+05:00 2026,24-Jul-2026 18:54:24.602,74.28428869,31.57167386,19.950000762939453,3.7900924682617188,168.182861328125,205.39999389648438,0.30777681,6.80758047,7.33908606,0.03989619,30.98039246,14.06866059,0,26.5625,85,76.47058868,1429,-,0,-,0.78125,41,11.4579813,12.10999966,-,0.59500003,3.13725495,19.2156868,25,12.80000019
Fri Jul 24 18:54:25 GMT+05:00 2026,24-Jul-2026 18:54:25.602,74.28419893,31.57151641,19.68000030517578,3.7900924682617188,168.01727294921875,205.10000610351562,0.15553348,6.96670294,6.79800892,0.01136434,32.54901886,14.06866059,0,0,85,76.47058868,1429,-,0,-,0,41,11.4579813,12.10999966,-,0,5.49019623,19.2156868,25,12.89999962
Fri Jul 24 18:54:26 GMT+05:00 2026,24-Jul-2026 18:54:26.602,74.28411102,31.57135947,19.459999084472656,3.7900924682617188,167.853759765625,204.89999389648438,-0.09810573,6.94397116,6.3538413,-0.02149552,32.54901886,14.06866059,0,0,85,76.47058868,1408,-,0,-,0,41,11.4579813,8.67000008,-,0,5.49019623,19.2156868,25,12.89999962
Fri Jul 24 18:54:27 GMT+05:00 2026,24-Jul-2026 18:54:27.601,74.2840298,31.57119584,19.479999542236328,3.7900924682617188,167.9600830078125,204.60000610351562,0.49202415,6.98823833,6.80399132,0.0144996,34.11764526,14.06866059,7.84313726,0,86,76.47058868,1408,-,0,-,0.78125,41,11.4579813,8.67000008,-,0.175,8.62745094,19.2156868,25,12.42500019
Fri Jul 24 18:54:28 GMT+05:00 2026,24-Jul-2026 18:54:28.601,74.28394029,31.5710401,19.600000381469727,3.7900924682617188,168.08148193359375,204.60000610351562,0.33290145,6.86022234,6.75613451,0.00108486,34.11764526,14.06866059,7.84313726,0,86,76.47058868,1408,-,0,-,0.78125,41,11.4579813,8.67000008,-,0.175,8.62745094,18.43137169,25,12.42500019
Fri Jul 24 18:54:29 GMT+05:00 2026,24-Jul-2026 18:54:29.602,74.28385128,31.57088549,19.75,3.7900924682617188,167.78326416015625,205.1999969482422,0.42263231,6.92722178,7.4288168,0.05531341,32.94117737,14.06866059,7.84313726,20.3125,86,76.47058868,1408,-,0,-,-3.125,41,11.4579813,6.92999983,-,0.77499998,6.66666651,18.43137169,25,12.42500019
Fri Jul 24 18:54:30 GMT+05:00 2026,24-Jul-2026 18:54:30.602,74.28375724,31.57072541,19.780000686645508,3.7900924682617188,167.8682861328125,205.5,0.04067798,6.7704916,6.74417067,-0.00684977,32.94117737,14.06866059,7.84313726,20.3125,86,43.52941132,1428,-,-4.6875,-,-3.125,42,11.4579813,6.92999983,-,0.77499998,6.66666651,16.47058868,25.5,12.10000038
Fri Jul 24 18:54:31 GMT+05:00 2026,24-Jul-2026 18:54:31.601,74.28366602,31.57056679,19.75,3.7900924682617188,167.8973388671875,205.39999389648438,0.26919255,6.90090036,6.99063158,0.02070123,32.94117737,14.06866059,7.84313726,0,86,43.52941132,1428,-,-4.6875,-,-3.125,42,11.4579813,6.92999983,-,0.77499998,7.05882359,16.47058868,25.5,12.10000038
Fri Jul 24 18:54:32 GMT+05:00 2026,24-Jul-2026 18:54:32.602,74.28357688,31.5704076,19.729999542236328,3.7900924682617188,167.8828125,205.5,0.11365908,7.17637444,6.64965391,0.0163731,32.94117737,14.06866059,7.84313726,0,86,43.52941132,1428,-,-4.6875,-,-3.125,42,11.4579813,6.92999983,-,0.77499998,7.05882359,16.47058868,25.5,12.10000038
Fri Jul 24 18:54:33 GMT+05:00 2026,24-Jul-2026 18:54:33.602,74.28348891,31.5702502,19.75,3.7900924682617188,168.047119140625,205.39999389648438,0.18544376,7.06510782,7.22781992,0.04947728,32.94117737,14.06866059,7.84313726,0,86,43.52941132,1428,-,-4.6875,-,-3.125,42,11.4579813,6.92999983,-,0.77499998,7.05882359,16.47058868,25.5,12.10000038
Fri Jul 24 18:54:34 GMT+05:00 2026,24-Jul-2026 18:54:34.602,74.28340069,31.57009007,19.670000076293945,3.7900924682617188,168.0625,205.39999389648438,-0.01555335,6.33709145,7.28405142,0.00318575,32.94117737,14.06866059,7.84313726,0,86,43.52941132,1428,-,-4.6875,-,-3.125,42,11.4579813,6.92999983,-,0.77499998,7.05882359,16.47058868,25.5,12.10000038
Fri Jul 24 18:54:35 GMT+05:00 2026,24-Jul-2026 18:54:35.602,74.28331099,31.56993423,19.40999984741211,3.7900924682617188,168.064208984375,205.5,-0.27158538,6.97148895,7.00139904,0.02655131,32.94117737,14.06866059,7.84313726,0,86,32.54901886,1402,-,-4.6875,-,-3.125,42,11.4579813,4,-,0.77499998,7.05882359,16.47058868,25.5,12.10000038
Fri Jul 24 18:54:36 GMT+05:00 2026,24-Jul-2026 18:54:36.602,74.28322431,31.569778,19.1299991607666,3.7900924682617188,168.070556640625,205.0,0.48604211,7.07946491,7.70548725,0.08680719,31.76470566,14.06866059,0,0,86,32.54901886,1402,-,-4.6875,-,-0.78125,42,11.4579813,4,-,0.055,4.31372547,14.90196037,28,12.30000019
Fri Jul 24 18:54:37 GMT+05:00 2026,24-Jul-2026 18:54:37.601,74.28314361,31.56961806,19.049999237060547,3.7900924682617188,169.11260986328125,204.8000030517578,-0.04426722,6.44237566,7.06391144,-0.00642341,31.76470566,14.06866059,0,0,86,38.03921509,1402,-,-4.6875,-,-0.78125,42,5.07632083,10.26000023,-,0.055,4.31372547,16.86274529,36.5,12.30000019
Fri Jul 24 18:54:38 GMT+05:00 2026,24-Jul-2026 18:54:38.601,74.28305957,31.56946127,18.979999542236328,3.7900924682617188,168.9993896484375,204.89999389648438,0.31495529,6.44357204,6.79561615,-0.02583963,31.76470566,14.06866059,0,99.21875,86,38.03921509,1402,-,-4.6875,-,-0.78125,42,5.07632083,10.26000023,-,0.055,8.23529434,16.86274529,36.5,12.30000019
Fri Jul 24 18:54:39 GMT+05:00 2026,24-Jul-2026 18:54:39.602,74.28297297,31.56930585,18.950000762939453,3.7900924682617188,169.098388671875,204.89999389648438,0.08733802,6.78125954,7.58464956,0.05615371,31.76470566,14.06866059,0,99.21875,86,65.09803772,1493,-,-4.6875,-,-0.78125,42,9.71752845,10.26000023,-,0.055,8.23529434,16.86274529,25.5,12.30000019
Fri Jul 24 18:54:40 GMT+05:00 2026,24-Jul-2026 18:54:40.602,74.28288875,31.56914919,19.0,3.7900924682617188,169.12078857421875,205.0,-0.13040884,6.51804876,6.74417067,-0.02482522,31.76470566,14.06866059,0,99.21875,87,65.09803772,1493,-,-4.6875,-,-0.78125,42,9.71752845,10.26000023,-,0.055,6.66666651,16.86274529,25.5,12.30000019
Fri Jul 24 18:54:41 GMT+05:00 2026,24-Jul-2026 18:54:41.602,74.28280357,31.56899202,19.010000228881836,3.7900924682617188,169.14251708984375,205.10000610351562,0.40348971,7.26849794,7.16201735,0.05999559,31.76470566,14.06866059,0,99.21875,87,53.33333206,1493,-,-4.6875,-,-0.78125,42,9.71752845,7.17000008,-,0.055,6.66666651,16.86274529,30,12.30000019
Fri Jul 24 18:54:42 GMT+05:00 2026,24-Jul-2026 18:54:42.602,74.28272122,31.56883726,18.950000762939453,3.7900924682617188,169.30169677734375,205.10000610351562,0.08015956,6.95473909,6.88534737,0.01664215,31.76470566,14.06866059,0,99.21875,87,53.33333206,1493,-,-4.6875,-,-5.46875,42,9.71752845,7.17000008,-,0.65499997,9.8039217,16.86274529,30,12.30000019
Fri Jul 24 18:54:43 GMT+05:00 2026,24-Jul-2026 18:54:43.602,74.28263448,31.568684,18.950000762939453,3.7900924682617188,169.380126953125,204.89999389648438,0.67387867,7.24935532,6.53240585,0.0161044,31.76470566,14.06866059,0,99.21875,87,53.33333206,1461,-,-5.46875,-,-5.46875,42,11.02286809,7.17000008,-,0.65499997,9.8039217,20.3921566,21,12.30000019
Fri Jul 24 18:54:44 GMT+05:00 2026,24-Jul-2026 18:54:44.603,74.28255041,31.56852862,19.040000915527344,3.7900924682617188,169.44683837890625,205.0,0.21535404,6.9834528,7.11176777,0.03526551,36.86274338,14.06866059,0,99.21875,87,53.33333206,1461,-,-5.46875,-,-5.46875,42,11.02286809,7.17000008,-,0.63499999,13.33333302,20.3921566,21,12.30000019
Fri Jul 24 18:54:45 GMT+05:00 2026,24-Jul-2026 18:54:45.602,74.28246415,31.56837418,19.15999984741211,3.7900924682617188,169.4822998046875,205.10000610351562,-0.13758731,7.38335323,6.82911587,0.04431218,36.86274338,14.06866059,0,99.21875,87,53.33333206,1461,-,-4.6875,-,-4.6875,42,11.02286809,7.17000008,-,0.61500001,13.33333302,22.35294151,21,12.125
Fri Jul 24 18:54:46 GMT+05:00 2026,24-Jul-2026 18:54:46.602,74.28238054,31.56821662,19.31999969482422,3.7900924682617188,169.481689453125,204.8000030517578,0.27278179,6.93918562,6.5012989,-0.01129442,38.82352829,14.06866059,0,99.21875,87,53.33333206,1461,-,-4.6875,-,-4.6875,42,10.58775487,10.64999962,-,0.61500001,16.86274529,22.35294151,21,12.125
Fri Jul 24 18:54:47 GMT+05:00 2026,24-Jul-2026 18:54:47.603,74.28229256,31.56806098,19.450000762939453,3.7900924682617188,169.7266845703125,204.39999389648438,0.12801601,7.16799927,6.60179758,0.01245409,38.82352829,14.06866059,0,99.21875,87,53.33333206,1461,-,6.25,-,-4.6875,41,10.58775487,10.64999962,-,0.61500001,16.86274529,22.35294151,24.5,12.05000019
Fri Jul 24 18:54:48 GMT+05:00 2026,24-Jul-2026 18:54:48.601,74.28220693,31.56789888,19.600000381469727,3.7900924682617188,169.6431884765625,204.39999389648438,0.23928227,7.03998327,6.32153845,-0.01619923,35.29411697,14.06866059,0,-0.78125,87,53.33333206,1461,-,6.25,-,-4.6875,41,10.58775487,10.64999962,-,0.61500001,10.1960783,22.35294151,24.5,12.05000019
Fri Jul 24 18:54:49 GMT+05:00 2026,24-Jul-2026 18:54:49.603,74.28211719,31.5677388,19.739999771118164,3.7900924682617188,169.36322021484375,204.1999969482422,0.30299118,6.40768003,6.69631433,-0.03572768,35.29411697,14.06866059,0,-0.78125,87,87.45098114,1430,-,6.25,-,-5.46875,41,10.58775487,10.64999962,-,0.67500001,10.1960783,19.2156868,24.5,12.10000038
Fri Jul 24 18:54:50 GMT+05:00 2026,24-Jul-2026 18:54:50.602,74.28203425,31.56757524,19.899999618530273,3.7900924682617188,169.8765869140625,204.0,0.60209399,7.43838835,6.97627449,0.06035584,35.29411697,14.06866059,18.43137169,-0.78125,87,87.45098114,1430,-,6.25,-,-5.46875,41,10.58775487,11.69999981,-,0.67500001,10.1960783,19.2156868,24.5,12.10000038
Fri Jul 24 18:54:51 GMT+05:00 2026,24-Jul-2026 18:54:51.602,74.28194935,31.56741016,20.040000915527344,3.7900924682617188,169.98681640625,204.1999969482422,0.37956148,7.0244298,6.46540689,-0.00704652,35.29411697,14.06866059,18.43137169,-0.78125,87,87.84313965,1451,-,6.25,-,-4.6875,41,10.58775487,11.69999981,-,0.64999998,10.1960783,19.2156868,24.5,12.05000019
Fri Jul 24 18:54:52 GMT+05:00 2026,24-Jul-2026 18:54:52.602,74.28185992,31.56723947,20.190000534057617,3.7900924682617188,169.7645263671875,204.5,0.23210379,6.78843784,6.92602491,0.00787401,35.29411697,14.06866059,18.43137169,1.5625,87,87.84313965,1451,-,6.25,-,-4.6875,41,10.00760392,11.69999981,-,0.64999998,10.1960783,19.2156868,24.5,12.05000019
Fri Jul 24 18:54:53 GMT+05:00 2026,24-Jul-2026 18:54:53.601,74.28177037,31.56706872,20.329999923706055,3.7900924682617188,169.5841064453125,204.5,0.41784665,7.1153574,6.82791948,0.02514964,35.29411697,14.06866059,18.43137169,1.5625,87,87.05882263,1451,-,6.25,-,-4.6875,41,10.00760392,11.77999973,-,0.64999998,10.1960783,19.2156868,24.5,12.05000019
Fri Jul 24 18:54:54 GMT+05:00 2026,24-Jul-2026 18:54:54.602,74.28167667,31.56689847,20.469999313354492,3.7900924682617188,169.37457275390625,204.39999389648438,0.50638109,7.08664322,6.7142601,0.01547176,35.29411697,14.06866059,17.64705849,1.5625,87,87.05882263,1451,-,6.25,-,-4.6875,41,10.00760392,12.19999981,-,0.65499997,10.1960783,19.2156868,24.5,12.05000019
Fri Jul 24 18:54:55 GMT+05:00 2026,24-Jul-2026 18:54:55.602,74.2815862,31.5667304,20.600000381469727,3.7900924682617188,169.58038330078125,204.39999389648438,0.10289137,6.92123938,6.46062136,-0.01580459,35.29411697,14.06866059,17.64705849,1.5625,87,87.05882263,1488,-,-4.6875,-,-4.6875,41,10.00760392,12.19999981,-,0.64499998,10.1960783,19.2156868,25,12.05000019
Fri Jul 24 18:54:56 GMT+05:00 2026,24-Jul-2026 18:54:56.602,74.28148816,31.56656439,20.579999923706055,3.7900924682617188,169.1251220703125,204.8000030517578,0.16510476,6.83868694,6.67238617,-0.00690001,35.29411697,14.06866059,17.64705849,0.78125,88,87.05882263,1488,-,-4.6875,-,-4.6875,41,9.86256618,12.19999981,-,0.64499998,10.1960783,19.2156868,25,12.05000019
Fri Jul 24 18:54:57 GMT+05:00 2026,24-Jul-2026 18:54:57.602,74.28139852,31.5663959,20.81999969482422,3.7900924682617188,169.062255859375,204.89999389648438,0.09451649,7.26490879,6.6927247,0.02596015,35.29411697,14.06866059,17.64705849,0.78125,88,84.31372833,1507,-,-4.6875,-,-4.6875,41,9.86256618,12.19999981,-,0.64499998,10.1960783,19.2156868,25,12.10000038
Fri Jul 24 18:54:58 GMT+05:00 2026,24-Jul-2026 18:54:58.601,74.28130195,31.56622111,21.239999771118164,3.7900924682617188,169.37347412109375,205.10000610351562,0.43579283,7.45154905,7.18474913,0.07509726,35.29411697,14.06866059,16.86274529,0.78125,88,84.31372833,1507,-,-4.6875,-,-4.6875,41,9.86256618,12.19999981,-,0.63999999,10.1960783,19.2156868,25,12.10000038
Fri Jul 24 18:54:59 GMT+05:00 2026,24-Jul-2026 18:54:59.603,74.28120555,31.56605225,21.059999465942383,3.7900924682617188,169.1427001953125,205.10000610351562,-0.01794617,7.34626484,7.15005302,0.06399482,35.29411697,14.06866059,16.86274529,0.78125,88,84.31372833,1507,-,-4.6875,-,-4.6875,41,9.86256618,12.19999981,-,0.63999999,10.1960783,19.2156868,25,12.10000038
Fri Jul 24 18:55:00 GMT+05:00 2026,24-Jul-2026 18:55:00.602,74.28111134,31.56587669,21.149999618530273,3.7900924682617188,169.29736328125,205.0,0.01316052,7.05194759,7.70429087,0.02506095,35.29411697,14.06866059,16.86274529,0.78125,88,84.31372833,1507,-,-4.6875,-,-4.6875,41,9.86256618,12.19999981,-,0.63999999,10.1960783,19.2156868,25,12.10000038
Fri Jul 24 18:55:01 GMT+05:00 2026,24-Jul-2026 18:55:01.602,74.28101482,31.56570406,21.219999313354492,3.7900924682617188,169.4903564453125,204.89999389648438,0.06221339,6.66161823,6.24257517,-0.05035126,35.29411697,14.06866059,16.86274529,0.78125,88,84.31372833,1507,-,-4.6875,-,-4.6875,41,9.86256618,12.19999981,-,0.63999999,10.1960783,19.2156868,25,12.10000038
Fri Jul 24 18:55:02 GMT+05:00 2026,24-Jul-2026 18:55:02.602,74.28092294,31.56552558,21.239999771118164,3.7900924682617188,169.917724609375,205.0,0.44895336,6.65085077,6.51924515,-0.03054702,35.29411697,14.06866059,16.86274529,0.78125,88,84.31372833,1507,-,-4.6875,-,-4.6875,41,9.86256618,12.02999973,-,0.63999999,10.1960783,19.2156868,25,12.10000038
Fri Jul 24 18:55:03 GMT+05:00 2026,24-Jul-2026 18:55:03.602,74.2808308,31.56535484,21.229999542236328,3.7900924682617188,170.2271728515625,204.8000030517578,0.31256247,6.94157839,6.42203665,-0.01649392,35.29411697,14.06866059,16.47058868,0.78125,88,84.31372833,1507,-,-4.6875,-,-4.6875,41,9.86256618,12.02999973,-,0.64999998,10.1960783,19.2156868,25.5,12.10000038
Fri Jul 24 18:55:04 GMT+05:00 2026,24-Jul-2026 18:55:04.602,74.28072952,31.56518125,21.219999313354492,3.7900924682617188,170.85498046875,204.60000610351562,0.14476576,7.20389175,6.86500835,0.0334906,35.29411697,14.06866059,16.47058868,0.78125,88,83.92156982,1507,-,-4.6875,-,-4.6875,41,9.71752845,12.27999973,-,0.64999998,10.1960783,19.2156868,25.5,12.10000038
Fri Jul 24 18:55:05 GMT+05:00 2026,24-Jul-2026 18:55:05.603,74.28063368,31.56501056,21.15999984741211,3.7900924682617188,171.63433837890625,204.39999389648438,0.59371912,6.92123938,6.70588541,0.00323105,35.29411697,14.06866059,16.47058868,0,88,83.92156982,1507,-,-4.6875,-,-4.6875,41,9.71752845,12.27999973,-,0.64999998,10.1960783,19.2156868,25.5,12.07499981
Fri Jul 24 18:55:06 GMT+05:00 2026,24-Jul-2026 18:55:06.602,74.28054295,31.56483682,21.100000381469727,3.7900924682617188,172.42181396484375,204.5,-0.32093734,6.98704195,7.109375,0.03563732,35.29411697,14.06866059,16.47058868,0,88,85.49019623,1521,-,-5.46875,-,-4.6875,41,9.71752845,12.27999973,-,0.64999998,10.1960783,19.2156868,25.5,12.07499981
Fri Jul 24 18:55:07 GMT+05:00 2026,24-Jul-2026 18:55:07.601,74.28044851,31.5646665,21.040000915527344,3.7900924682617188,173.00323486328125,204.89999389648438,0.42622152,7.33071136,7.18355274,0.06614655,35.29411697,14.06866059,17.25490189,0,88,85.49019623,1521,-,-5.46875,-,-5.46875,41,9.71752845,12.27999973,-,0.64499998,11.37254906,19.2156868,25.5,12.07499981
Fri Jul 24 18:55:08 GMT+05:00 2026,24-Jul-2026 18:55:08.602,74.28035764,31.56449367,20.950000762939453,3.7900924682617188,173.9398193359375,205.10000610351562,0.45972106,7.27328348,6.94995356,0.04554886,35.68627548,14.06866059,17.25490189,0,88,92.54901886,1511,-,-5.46875,-,-5.46875,41,10.44271714,13.19999981,-,0.64499998,11.37254906,19.2156868,25.5,12.07499981
Fri Jul 24 18:55:09 GMT+05:00 2026,24-Jul-2026 18:55:09.601,74.28026876,31.56431916,20.899999618530273,3.7900924682617188,174.415283203125,205.10000610351562,0.3915256,6.72502804,6.40887642,-0.03319067,35.68627548,14.06866059,25.88235283,0,88,92.54901886,1511,-,-5.46875,-,-5.46875,41,10.44271714,13.19999981,-,0.64499998,11.37254906,19.2156868,25.5,12.07499981
Fri Jul 24 18:55:10 GMT+05:00 2026,24-Jul-2026 18:55:10.601,74.28017501,31.56414827,20.850000381469727,3.7900924682617188,174.9852294921875,204.89999389648438,-0.19860429,6.92841816,6.40768003,-0.01878583,35.68627548,14.06866059,25.88235283,0,88,90.58823395,1506,-,-5.46875,-,-5.46875,41,10.58775487,12.85999966,-,0.64499998,11.37254906,19.2156868,25.5,12.07499981
Fri Jul 24 18:55:11 GMT+05:00 2026,24-Jul-2026 18:55:11.601,74.28008292,31.5639778,20.850000381469727,3.7900924682617188,175.396484375,204.6999969482422,0.22253251,7.3354969,7.02921581,0.0548951,35.68627548,14.06866059,25.88235283,0,88,90.58823395,1506,-,-5.46875,-,-4.6875,41,10.58775487,12.85999966,-,0.64499998,11.37254906,19.2156868,24.5,12.07499981
Fri Jul 24 18:55:12 GMT+05:00 2026,24-Jul-2026 18:55:12.601,74.2799899,31.56380797,20.860000610351562,3.7900924682617188,175.96282958984375,204.60000610351562,0.55304116,6.63888645,6.30000305,-0.0463407,35.68627548,14.06866059,25.88235283,0,88,90.58823395,1506,-,-4.6875,-,-4.6875,41,10.58775487,12.85999966,-,0.64499998,11.37254906,19.2156868,24.5,12.07499981
Fri Jul 24 18:55:13 GMT+05:00 2026,24-Jul-2026 18:55:13.602,74.27990163,31.5636405,20.920000076293945,3.7900924682617188,175.87603759765625,204.8000030517578,0.40588254,6.26411057,6.39451933,-0.06757748,35.68627548,14.06866059,25.49019623,3.90625,88,90.58823395,1506,-,-4.6875,-,-4.6875,41,10.58775487,12.85999966,-,0.64499998,3.13725495,19.2156868,24.5,12.07499981
Fri Jul 24 18:55:14 GMT+05:00 2026,24-Jul-2026 18:55:14.601,74.27980481,31.56346935,20.84000015258789,3.7900924682617188,176.00274658203125,204.89999389648438,-0.02392823,6.58983374,6.78724146,-0.01666969,35.68627548,14.06866059,25.49019623,3.90625,88,90.58823395,1506,-,0,-,-4.6875,41,3.62594345,3.28999996,-,0.64499998,3.13725495,19.2156868,16.5,12.07499981
Fri Jul 24 18:55:15 GMT+05:00 2026,24-Jul-2026 18:55:15.602,74.27971229,31.56330162,20.510000228881836,3.7900924682617188,175.87347412109375,205.10000610351562,0.35802609,6.72622442,7.01336336,0.01024055,34.11764526,14.06866059,0,0,88,90.58823395,1506,-,0,-,0,41,3.62594345,3.28999996,-,0.035,8.23529434,19.2156868,16.5,12.14999962
Fri Jul 24 18:55:16 GMT+05:00 2026,24-Jul-2026 18:55:16.602,74.27962244,31.5631361,20.3799991607666,3.7900924682617188,176.25030517578125,205.3000030517578,-0.12921242,6.17796898,5.65603447,-0.12707186,34.11764526,14.06866059,0,0,88,90.58823395,1471,-,-2.34375,-,0,41,6.96181142,9.21000004,-,0.035,8.23529434,19.2156868,16.5,12.14999962
Fri Jul 24 18:55:17 GMT+05:00 2026,24-Jul-2026 18:55:17.602,74.27953083,31.56297223,20.43000030517578,3.7900924682617188,176.2813720703125,205.0,-0.09332009,6.42921543,6.38614464,-0.05721211,34.11764526,14.06866059,0,0,88,90.58823395,1471,-,-2.34375,-,-7.8125,41,6.96181142,9.21000004,-,0.83499998,8.23529434,19.2156868,23,12.07499981
Fri Jul 24 18:55:18 GMT+05:00 2026,24-Jul-2026 18:55:18.602,74.27943861,31.56280786,20.40999984741211,3.7900924682617188,176.16326904296875,205.10000610351562,0.12083755,6.20907545,6.56829834,-0.05955809,34.11764526,14.06866059,0,0,88,90.58823395,1471,-,0,-,-7.8125,41,6.96181142,9.21000004,-,0.83499998,3.13725495,19.2156868,23,12.07499981
Fri Jul 24 18:55:19 GMT+05:00 2026,24-Jul-2026 18:55:19.602,74.27934993,31.56264053,20.18000030517578,3.7900924682617188,175.9918212890625,205.0,0.35802609,7.26490879,7.24576616,0.06556982,34.11764526,14.06866059,0,0,88,90.58823395,1471,-,0,-,-7.8125,41,6.96181142,9.21000004,-,0.83499998,3.13725495,14.11764717,-13,12.07499981
Fri Jul 24 18:55:20 GMT+05:00 2026,24-Jul-2026 18:55:20.602,74.27925824,31.56247693,20.030000686645508,3.7900924682617188,175.625244140625,205.10000610351562,0.32811579,6.84227657,6.62811852,-0.00935268,34.11764526,14.06866059,0,0,88,69.41176605,1448,-,0,-,-7.8125,41,5.36639631,9.21000004,-,0.83499998,5.88235283,14.11764717,-13,12.07499981
Fri Jul 24 18:55:21 GMT+05:00 2026,24-Jul-2026 18:55:21.602,74.27916621,31.56230923,20.1200008392334,3.7900924682617188,175.3055419921875,205.3000030517578,0.20937198,7.00379181,6.76211691,0.01163179,34.11764526,14.06866059,0,0,88,69.41176605,1448,-,0,-,-7.8125,41,5.36639631,9.21000004,-,0.83499998,5.88235283,18.43137169,-13,12.10000038
Fri Jul 24 18:55:22 GMT+05:00 2026,24-Jul-2026 18:55:22.602,74.2790745,31.56214481,20.3799991607666,3.7900924682617188,174.8651123046875,205.5,-0.44297129,6.78006315,6.90927553,0.00680679,33.72549057,14.06866059,0,0,88,69.41176605,1488,-,0,-,-7.8125,41,5.36639631,6.05000019,-,0.83499998,9.01960754,18.43137169,-13,12.10000038
Fri Jul 24 18:55:23 GMT+05:00 2026,24-Jul-2026 18:55:23.602,74.27897942,31.56197738,20.639999389648438,3.7900924682617188,174.20098876953125,205.1999969482422,-0.08853444,6.97388172,6.78724146,0.01103675,33.72549057,14.06866059,7.05882359,0,88,69.41176605,1488,-,0,-,-1.5625,42,5.36639631,6.05000019,-,0.69499999,9.01960754,17.64705849,-13,12.17500019
Fri Jul 24 18:55:24 GMT+05:00 2026,24-Jul-2026 18:55:24.601,74.27888303,31.56180695,20.84000015258789,3.7900924682617188,173.4815673828125,205.10000610351562,0.44297129,7.34506798,6.98704195,0.0533697,36.07843018,14.06866059,7.05882359,99.21875,88,69.41176605,1529,-,0,-,-1.5625,42,5.36639631,11.77999973,-,0.69499999,11.76470566,17.64705849,-13,12.17500019
Fri Jul 24 18:55:25 GMT+05:00 2026,24-Jul-2026 18:55:25.602,74.27879337,31.56163158,21.170000076293945,3.7900924682617188,173.15460205078125,205.10000610351562,0.37357944,6.83988333,6.66879654,-0.00646925,36.07843018,14.06866059,0,0,88,69.41176605,1529,-,-9.375,-,-1.5625,42,5.36639631,11.77999973,-,0.69499999,11.76470566,17.64705849,11,12.17500019
Fri Jul 24 18:55:26 GMT+05:00 2026,24-Jul-2026 18:55:26.602,74.27870193,31.56145638,21.280000686645508,3.7900924682617188,172.431640625,205.1999969482422,0.44177487,6.80997324,6.65204716,-0.00954378,31.37254906,14.06866059,0,0,88,39.2156868,1529,-,-9.375,-,-1.5625,42,5.36639631,5.48999977,-,0.69499999,3.13725495,17.64705849,11,12.17500019
Fri Jul 24 18:55:27 GMT+05:00 2026,24-Jul-2026 18:55:27.601,74.27860725,31.56128212,21.270000457763672,3.7900924682617188,171.64990234375,205.1999969482422,0.02871387,7.43599558,7.17398119,0.07226342,31.37254906,14.06866059,5.09803915,0,88,39.2156868,1529,-,-9.375,-,-1.5625,42,5.36639631,5.48999977,-,0.69499999,8.62745094,17.25490189,11,12.10000038
Fri Jul 24 18:55:28 GMT+05:00 2026,24-Jul-2026 18:55:28.601,74.27851399,31.56110752,21.420000076293945,3.7900924682617188,171.13330078125,204.89999389648438,0.2958127,6.42203665,6.38375187,-0.05745971,31.37254906,14.06866059,5.09803915,0,88,100,1552,-,-9.375,-,-1.5625,42,7.54196238,5.48999977,-,0.69499999,8.62745094,18.03921509,11,12.10000038
Fri Jul 24 18:55:29 GMT+05:00 2026,24-Jul-2026 18:55:29.602,74.27842033,31.56092753,21.65999984741211,3.7900924682617188,170.78759765625,205.0,-0.00119641,7.08664322,8.19751167,0.12359089,31.37254906,14.06866059,0,99.21875,88,100,1552,-,-9.375,-,-9.375,42,4.2060944,5.48999977,-,0.815,3.13725495,18.03921509,11,12.02499962
Fri Jul 24 18:55:30 GMT+05:00 2026,24-Jul-2026 18:55:30.603,74.27832903,31.5607482,21.65999984741211,3.7900924682617188,170.59454345703125,205.10000610351562,0.20458634,6.62572575,6.84227657,-0.00987428,31.37254906,14.06866059,0,99.21875,88,21.56862831,1552,-,0,-,-9.375,42,4.2060944,3.25999999,-,0.815,3.13725495,18.03921509,6.5,12.02499962
Fri Jul 24 18:55:31 GMT+05:00 2026,24-Jul-2026 18:55:31.602,74.27823364,31.56057504,21.43000030517578,3.7900924682617188,170.66143798828125,205.3000030517578,0.23928227,6.55992317,7.221838,0.01383621,31.37254906,14.06866059,0,0,88,21.56862831,1533,-,0,-,-9.375,42,3.0457925,3.25999999,-,0.815,4.70588255,18.03921509,6.5,12.02499962
Fri Jul 24 18:55:32 GMT+05:00 2026,24-Jul-2026 18:55:32.603,74.27813423,31.56040214,21.260000228881836,3.7900924682617188,170.185791015625,205.39999389648438,-0.1052842,6.81834793,6.73459911,-0.00402331,31.37254906,14.06866059,0,0,88,21.56862831,1533,-,0,-,-9.375,42,3.0457925,3.25999999,-,0.815,4.70588255,17.25490189,6.5,12.19999981
Fri Jul 24 18:55:33 GMT+05:00 2026,24-Jul-2026 18:55:33.602,74.27804242,31.56022818,21.049999237060547,3.7900924682617188,170.1636962890625,205.0,0.28743783,8.00937557,8.29681301,0.19490105,33.72549057,14.06866059,3.92156863,0,88,21.56862831,1533,-,0,-,-9.375,42,7.10684916,3.25999999,-,0.815,7.84313726,17.25490189,6.5,12.19999981
Fri Jul 24 18:55:34 GMT+05:00 2026,24-Jul-2026 18:55:34.602,74.27794751,31.56005993,20.979999542236328,3.7900924682617188,170.41717529296875,205.1999969482422,0.44656053,7.37497854,7.27806902,0.07619816,33.72549057,14.06866059,3.92156863,0,88,69.80392456,1519,-,-1.5625,-,-9.375,42,7.10684916,3.25999999,-,0.815,7.84313726,17.25490189,22,12.02499962
Fri Jul 24 18:55:35 GMT+05:00 2026,24-Jul-2026 18:55:35.602,74.27784826,31.5598904,20.920000076293945,3.7900924682617188,170.5482177734375,205.5,0.39272201,6.71306372,7.43360281,0.04080087,32.15686417,14.06866059,0,99.21875,87,69.80392456,1519,-,-1.5625,-,-9.375,42,6.23662273,6.98999977,-,0.815,3.13725495,17.25490189,22,12.02499962
Fri Jul 24 18:55:36 GMT+05:00 2026,24-Jul-2026 18:55:36.603,74.27775397,31.55972371,20.6299991607666,3.7900924682617188,170.5960693359375,206.1999969482422,-0.12801601,7.48026276,7.45753098,0.09579951,32.15686417,14.06866059,0,99.21875,87,51.37254715,1519,-,-1.5625,-,-9.375,42,6.23662273,6.98999977,-,0.815,3.13725495,22.74509811,21.5,12.02499962
Fri Jul 24 18:55:37 GMT+05:00 2026,24-Jul-2026 18:55:37.602,74.27765798,31.55956032,20.459999084472656,3.7900924682617188,171.0726318359375,207.0,0.57577294,6.79322338,6.28684235,-0.03565627,32.15686417,14.06866059,0,-29.6875,87,51.37254715,1519,-,-1.5625,-,-9.375,42,9.86256618,11.94999981,-,0.815,10.1960783,22.74509811,21.5,12.02499962
Fri Jul 24 18:55:38 GMT+05:00 2026,24-Jul-2026 18:55:38.603,74.2775575,31.5593958,20.40999984741211,3.7900924682617188,171.6298828125,207.6999969482422,-0.33888352,7.53051186,6.87218666,0.05880731,32.15686417,14.06866059,24.70588303,-29.6875,87,85.88235474,1519,-,1.5625,-,-9.375,42,9.86256618,11.94999981,-,0.815,10.1960783,22.74509811,25,12.02499962
Fri Jul 24 18:55:39 GMT+05:00 2026,24-Jul-2026 18:55:39.601,74.27746235,31.55922919,20.350000381469727,3.7900924682617188,172.7965087890625,208.10000610351562,0.10887343,7.513762,6.76211691,0.04949325,36.47058868,14.06866059,24.70588303,-29.6875,87,85.88235474,1519,-,1.5625,-,-9.375,42,11.60301904,13.88000011,-,0.815,12.54901981,22.74509811,25,12.02499962
Fri Jul 24 18:55:40 GMT+05:00 2026,24-Jul-2026 18:55:40.603,74.2773607,31.55906795,20.350000381469727,3.7900924682617188,173.39300537109375,208.6999969482422,0.42382872,7.37976408,7.57866764,0.09816724,36.47058868,14.06866059,24.70588303,-29.6875,87,100,1519,-,1.5625,-,-9.375,42,11.60301904,13.88000011,-,0.815,12.54901981,21.1764698,22.5,12.14999962
Fri Jul 24 18:55:41 GMT+05:00 2026,24-Jul-2026 18:55:41.603,74.27725503,31.55890736,20.3799991607666,3.7900924682617188,173.8157958984375,209.89999389648438,0.29820552,7.05792952,6.76211691,0.01584345,36.47058868,14.06866059,29.01960754,0.78125,87,100,1519,-,1.5625,-,-3.90625,42,11.60301904,13.88000011,-,0.64499998,12.54901981,21.1764698,22.5,12.14999962
Fri Jul 24 18:55:42 GMT+05:00 2026,24-Jul-2026 18:55:42.602,74.27713577,31.55875303,20.440000534057617,3.7900924682617188,174.4305419921875,211.1999969482422,0.00837488,6.80159855,6.57069111,-0.01697862,36.86274338,14.06866059,29.01960754,0.78125,87,100,1485,-,1.5625,-,-3.90625,42,11.4579813,14.22000027,-,0.64499998,13.72549057,21.1764698,22.5,12.14999962
Fri Jul 24 18:55:43 GMT+05:00 2026,24-Jul-2026 18:55:43.602,74.27701932,31.55859912,20.5,3.7900924682617188,174.9666748046875,212.39999389648438,-0.09332009,6.77168798,6.22821808,-0.0430975,36.86274338,14.06866059,29.01960754,0.78125,87,81.5686264,1485,-,-5.46875,-,-3.90625,41,11.4579813,14.22000027,-,0.64499998,13.72549057,21.1764698,25.5,12.14999962
Fri Jul 24 18:55:44 GMT+05:00 2026,24-Jul-2026 18:55:44.602,74.27689727,31.55844565,20.559999465942383,3.7900924682617188,174.755615234375,212.89999389648438,-0.17108682,7.01844788,6.70229626,0.00841016,36.86274338,14.06866059,18.43137169,-2.34375,87,81.5686264,1485,-,-5.46875,-,-3.90625,41,11.4579813,14.22000027,-,0.61500001,13.72549057,19.2156868,25.5,12.22500038
Fri Jul 24 18:55:45 GMT+05:00 2026,24-Jul-2026 18:55:45.602,74.27677878,31.55828958,20.600000381469727,3.7900924682617188,174.730712890625,213.60000610351562,0.33888352,7.23978424,6.57069111,0.0162279,35.29411697,14.06866059,18.43137169,-2.34375,87,81.5686264,1485,-,-5.46875,-,-3.90625,41,10.00760392,14.22000027,-,0.61500001,10.5882349,19.2156868,25.5,12.22500038
Fri Jul 24 18:55:46 GMT+05:00 2026,24-Jul-2026 18:55:46.601,74.27666087,31.55813483,20.639999389648438,3.7900924682617188,174.74566650390625,214.10000610351562,-0.39750767,6.67956448,7.3917284,0.03536779,35.29411697,14.06866059,18.43137169,-2.34375,87,87.05882263,1496,-,-4.6875,-,-3.90625,41,10.00760392,12.10999966,-,0.61500001,10.5882349,19.2156868,2.5,12.22500038
Fri Jul 24 18:55:47 GMT+05:00 2026,24-Jul-2026 18:55:47.602,74.27654193,31.55798174,20.719999313354492,3.7900924682617188,174.5574951171875,214.89999389648438,0.56141603,7.11296463,7.21465921,0.05334836,35.29411697,14.06866059,0,0,87,87.05882263,1496,-,-4.6875,-,0,41,10.00760392,12.10999966,-,0.75,10.5882349,14.11764717,2.5,12.22500038
Fri Jul 24 18:55:48 GMT+05:00 2026,24-Jul-2026 18:55:48.602,74.27641803,31.55782993,20.40999984741211,3.7900924682617188,174.45574951171875,216.10000610351562,0.14596218,6.24257517,6.61017275,-0.0540731,30.98039246,14.06866059,0,0,87,87.05882263,1465,-,-4.6875,-,0,41,3.48090571,5.80000019,-,0.75,3.13725495,14.11764717,2.5,12.22500038
Fri Jul 24 18:55:49 GMT+05:00 2026,24-Jul-2026 18:55:49.602,74.27628614,31.55768177,20.270000457763672,3.7900924682617188,174.13134765625,217.8000030517578,0.11365908,7.26131964,6.8985076,0.04004389,30.98039246,14.06866059,0,0,87,73.33333588,1465,-,0,-,0,42,3.48090571,5.80000019,-,0.75,3.13725495,14.11764717,23.5,12.22500038
Fri Jul 24 18:55:50 GMT+05:00 2026,24-Jul-2026 18:55:50.603,74.2761518,31.55753627,20.450000762939453,3.7900924682617188,173.72796630859375,218.3000030517578,-0.11964113,7.15005302,6.55154848,0.00763112,30.98039246,14.06866059,25.88235283,0.78125,87,73.33333588,1465,-,0,-,-1.5625,42,3.48090571,5.80000019,-,0.86000001,3.13725495,20.3921566,23.5,12.05000019
Fri Jul 24 18:55:51 GMT+05:00 2026,24-Jul-2026 18:55:51.603,74.27601671,31.5573869,20.799999237060547,3.7900924682617188,173.52777099609375,218.39999389648438,0.31734809,6.76690245,6.56590557,-0.01931512,36.07843018,14.06866059,25.88235283,0.78125,88,90.58823395,1465,-,0,-,-1.5625,41,10.58775487,5.80000019,-,0.86000001,3.13725495,20.3921566,23.5,12.05000019
Fri Jul 24 18:55:52 GMT+05:00 2026,24-Jul-2026 18:55:52.602,74.27588416,31.55723706,21.15999984741211,3.7900924682617188,173.2261962890625,217.89999389648438,0.66191459,6.9619174,6.8769722,0.01880807,36.07843018,14.06866059,25.88235283,0.78125,88,90.58823395,1465,-,0,-,-3.90625,41,10.58775487,5.80000019,-,0.67000002,12.54901981,20.3921566,23.5,12.10000038
Fri Jul 24 18:55:53 GMT+05:00 2026,24-Jul-2026 18:55:53.602,74.27575001,31.55708139,21.549999237060547,3.7900924682617188,172.5244140625,217.60000610351562,0.08614162,6.93798923,6.51087046,-0.01107502,36.07843018,14.06866059,25.88235283,0.78125,88,90.58823395,1465,-,0,-,-3.90625,41,10.58775487,14.05000019,-,0.67000002,12.54901981,20.3921566,23.5,12.10000038
Fri Jul 24 18:55:54 GMT+05:00 2026,24-Jul-2026 18:55:54.601,74.27560777,31.55692354,21.989999771118164,3.7900924682617188,171.549072265625,217.5,0.15433706,7.15483904,7.01964426,0.04086715,36.07843018,14.06866059,25.88235283,0.78125,88,90.58823395,1465,-,0,-,-3.90625,41,10.58775487,14.05000019,-,0.67000002,12.54901981,20.3921566,23.5,12.10000038
Fri Jul 24 18:55:55 GMT+05:00 2026,24-Jul-2026 18:55:55.601,74.27546159,31.55676212,22.440000534057617,3.7900924682617188,171.14556884765625,217.5,0.3699902,7.1309104,6.30000305,-0.01031327,36.07843018,14.06866059,25.88235283,0.78125,88,90.58823395,1465,-,0,-,-3.90625,41,10.58775487,14.05000019,-,0.67000002,12.54901981,20.3921566,23.5,12.10000038
Fri Jul 24 18:55:56 GMT+05:00 2026,24-Jul-2026 18:55:56.601,74.27531197,31.5565991,22.790000915527344,3.7900924682617188,170.37286376953125,217.60000610351562,0.19740787,6.13011265,7.44437027,0.00223255,36.07843018,14.06866059,25.88235283,0.78125,88,90.58823395,1658,-,-3.90625,-,0,41,10.58775487,14.05000019,-,0.80500001,12.54901981,14.11764717,23.5,12.10000038
Fri Jul 24 18:55:57 GMT+05:00 2026,24-Jul-2026 18:55:57.602,74.27515866,31.55643325,22.940000534057617,3.7900924682617188,169.89630126953125,217.8000030517578,-0.10049855,6.96909618,7.35942507,0.05223662,36.07843018,14.06866059,25.88235283,0,88,90.58823395,1642,-,-3.90625,-,0,41,3.91601893,14.05000019,-,0.80500001,5.09803915,14.11764717,23.5,12.10000038
Fri Jul 24 18:55:58 GMT+05:00 2026,24-Jul-2026 18:55:58.602,74.275008,31.5562749,22.790000915527344,3.7900924682617188,169.74041748046875,217.89999389648438,0.04905286,7.29003334,6.72981358,0.0303722,36.07843018,14.06866059,25.88235283,0,88,90.58823395,1642,-,0,-,0,41,3.91601893,14.05000019,-,0.09,5.09803915,14.11764717,25.5,12.10000038
Fri Jul 24 18:55:59 GMT+05:00 2026,24-Jul-2026 18:55:59.602,74.27485715,31.55611154,22.829999923706055,3.7900924682617188,169.723876953125,217.3000030517578,-0.34606197,6.83629417,6.62572575,-0.00989532,35.68627548,14.06866059,25.88235283,0,88,81.96078491,1642,-,0,-,0,41,3.91601893,13.27999973,-,0.09,10.98039246,14.11764717,25.5,12.10000038
Fri Jul 24 18:56:00 GMT+05:00 2026,24-Jul-2026 18:56:00.602,74.27471518,31.55594587,23.049999237060547,3.7900924682617188,169.67132568359375,216.3000030517578,-0.31615168,7.03280497,6.51445961,-0.00326467,35.68627548,14.06866059,20,0,88,81.96078491,1642,-,0,-,-3.90625,41,3.91601893,13.27999973,-,0.65499997,10.98039246,14.11764717,27,12.07499981
Fri Jul 24 18:56:01 GMT+05:00 2026,24-Jul-2026 18:56:01.602,74.27457432,31.55577586,23.239999771118164,3.7900924682617188,169.56060791015625,215.1999969482422,-0.04666004,6.73100996,6.39810848,-0.03433442,35.68627548,14.06866059,20,0,88,81.5686264,1685,-,0,-,-3.90625,41,9.57249071,13.02999973,-,0.65499997,10.98039246,14.11764717,27,12.07499981
Fri Jul 24 18:56:02 GMT+05:00 2026,24-Jul-2026 18:56:02.602,74.27443356,31.55559889,23.360000610351562,3.7900924682617188,170.05389404296875,213.60000610351562,-0.38793638,6.34905577,5.87856722,-0.09809226,35.68627548,14.06866059,0,0,88,81.5686264,1685,-,0,-,-7.03125,41,9.57249071,13.02999973,-,0.77499998,7.45098019,14.90196037,16,12.14999962
Fri Jul 24 18:56:03 GMT+05:00 2026,24-Jul-2026 18:56:03.601,74.27430507,31.55542249,23.170000076293945,3.7900924682617188,169.88134765625,212.3000030517578,-0.49322057,6.96311378,6.66520739,0.00285226,35.68627548,14.06866059,0,0,88,81.5686264,1673,-,1.5625,-,-7.03125,41,5.94654726,11.21000004,-,0.77499998,7.45098019,14.90196037,26.5,12.14999962
Fri Jul 24 18:56:04 GMT+05:00 2026,24-Jul-2026 18:56:04.602,74.27418385,31.55524649,23.110000610351562,3.7900924682617188,170.0703125,211.1999969482422,0.09332009,6.65204716,6.66520739,-0.02104205,35.68627548,14.06866059,0,1.5625,88,81.5686264,1673,-,1.5625,-,-3.125,41,5.94654726,11.21000004,-,0.75999999,10.98039246,19.6078434,26.5,12.14999962
Fri Jul 24 18:56:05 GMT+05:00 2026,24-Jul-2026 18:56:05.602,74.27405381,31.55506514,23.200000762939453,3.7900924682617188,170.37359619140625,211.0,0.78993058,7.4132638,7.16680288,0.07316417,35.68627548,14.06866059,0,1.5625,88,86.27451324,1680,-,-3.125,-,-3.125,41,10.00760392,14.39000034,-,0.75999999,10.98039246,19.6078434,26.5,12.14999962
Fri Jul 24 18:56:06 GMT+05:00 2026,24-Jul-2026 18:56:06.602,74.2739265,31.55488715,23.329999923706055,3.7900924682617188,170.3203125,212.39999389648438,0.69062841,6.95593548,6.65085077,0.00254917,36.86274338,14.06866059,0,0,88,86.27451324,1680,-,-3.125,-,-3.125,41,10.00760392,14.39000034,-,0.75999999,13.33333302,20.7843132,26.5,12.05000019
Fri Jul 24 18:56:07 GMT+05:00 2026,24-Jul-2026 18:56:07.602,74.27378605,31.55470826,23.520000457763672,3.7900924682617188,170.1395263671875,214.6999969482422,0.19980069,7.11296463,6.61495829,0.00937176,36.86274338,14.06866059,0,0,88,91.37255096,1703,-,-3.125,-,-3.125,41,10.00760392,15.35000038,-,0.75999999,13.33333302,21.1764698,25.5,12.05000019
Fri Jul 24 18:56:08 GMT+05:00 2026,24-Jul-2026 18:56:08.601,74.27364615,31.55453293,23.59000015258789,3.7900924682617188,170.22607421875,215.89999389648438,0.23808585,6.91286469,7.11894655,0.0308159,36.86274338,14.06866059,28.62745094,0,87,91.37255096,1703,-,-3.125,-,-3.125,41,10.00760392,15.73999977,-,0.75999999,13.33333302,21.1764698,25.5,12.05000019
Fri Jul 24 18:56:09 GMT+05:00 2026,24-Jul-2026 18:56:09.601,74.27349112,31.55435547,23.940000534057617,3.7900924682617188,169.73187255859375,217.0,0.82343012,7.40608501,6.89611483,0.05396992,36.86274338,14.06866059,28.62745094,0,87,89.41176605,1703,-,-3.90625,-,-3.90625,41,10.00760392,15.73999977,-,0.63999999,13.33333302,21.56862831,26,12.07499981
Fri Jul 24 18:56:10 GMT+05:00 2026,24-Jul-2026 18:56:10.604,74.27333177,31.55418195,24.15999984741211,3.7900924682617188,169.77001953125,217.89999389648438,1.04745817,7.1787672,6.73699236,0.02822024,36.86274338,14.06866059,28.62745094,0,87,89.41176605,1703,-,-3.90625,-,-3.90625,41,10.00760392,15.73999977,-,0.63999999,13.33333302,21.56862831,26,12.07499981
Fri Jul 24 18:56:11 GMT+05:00 2026,24-Jul-2026 18:56:11.602,74.27317024,31.55401136,24.34000015258789,3.7900924682617188,169.84124755859375,218.60000610351562,-0.2213361,6.47019243,5.86779928,-0.09032995,36.86274338,14.06866059,28.62745094,0,87,89.41176605,1703,-,-3.90625,-,-3.90625,41,10.00760392,15.73999977,-,0.63,13.33333302,21.56862831,26,12.07499981
Fri Jul 24 18:56:12 GMT+05:00 2026,24-Jul-2026 18:56:12.602,74.27301228,31.55383773,24.440000534057617,3.7900924682617188,169.77508544921875,218.5,0.40827537,6.87099028,7.21944523,0.08136266,36.86274338,14.06866059,28.62745094,0,87,89.41176605,1781,-,-3.90625,-,-3.90625,41,10.73279261,15.64000034,-,0.63,13.33333302,21.56862831,26,12.07499981
Fri Jul 24 18:56:13 GMT+05:00 2026,24-Jul-2026 18:56:13.601,74.27284927,31.5536594,24.65999984741211,3.7900924682617188,169.269775390625,218.5,0.27996024,7.15483904,7.09980392,0.04688138,36.86274338,14.06866059,28.62745094,0,87,89.41176605,1781,-,-3.90625,-,-3.90625,41,10.73279261,15.64000034,-,0.63,13.33333302,21.56862831,26,12.07499981
Fri Jul 24 18:56:14 GMT+05:00 2026,24-Jul-2026 18:56:14.601,74.27268698,31.5534863,24.790000915527344,3.7900924682617188,169.34564208984375,218.60000610351562,0.20338993,7.11775017,6.27727127,-0.0133633,36.86274338,14.06866059,29.01960754,0,87,89.41176605,1781,-,-3.90625,-,-3.90625,41,10.87783035,15.64000034,-,0.63,13.33333302,21.56862831,26,12.07499981
Fri Jul 24 18:56:15 GMT+05:00 2026,24-Jul-2026 18:56:15.602,74.27251959,31.55331076,24.950000762939453,3.7900924682617188,169.22821044921875,218.60000610351562,0.39032918,6.12173748,5.75892591,-0.12331676,36.86274338,14.06866059,29.01960754,0,87,87.84313965,1781,-,-3.90625,-,-3.90625,41,10.87783035,15.64000034,-,0.63,13.33333302,21.56862831,26,12.07499981
Fri Jul 24 18:56:16 GMT+05:00 2026,24-Jul-2026 18:56:16.602,74.27235652,31.55313421,25.100000381469727,3.7900924682617188,169.2066650390625,218.60000610351562,0.40229329,7.4132638,7.26610518,0.07793933,36.86274338,14.06866059,29.01960754,0,87,87.84313965,1781,-,-3.90625,-,-3.90625,41,10.87783035,16.12999916,-,0.63,13.33333302,21.56862831,26,12.07499981
Fri Jul 24 18:56:17 GMT+05:00 2026,24-Jul-2026 18:56:17.601,74.2721909,31.55295815,25.209999084472656,3.7900924682617188,169.48394775390625,218.60000610351562,0.43220359,7.34626484,7.72582626,0.10663646,36.86274338,14.06866059,0,0,87,86.66666412,1781,-,-3.90625,-,-3.90625,40,10.87783035,16.12999916,-,0.63,13.33333302,21.56862831,1,12.19999981
Fri Jul 24 18:56:18 GMT+05:00 2026,24-Jul-2026 18:56:18.602,74.27202836,31.55278152,25.059999465942383,3.7900924682617188,169.64306640625,218.60000610351562,0.27517462,6.3179493,7.07467937,-0.01371008,31.37254906,14.06866059,0,0,87,86.66666412,1777,-,-3.90625,-,-3.90625,40,10.87783035,3.46000004,-,0.63,3.52941179,21.56862831,1,12.19999981
Fri Jul 24 18:56:19 GMT+05:00 2026,24-Jul-2026 18:56:19.602,74.27186487,31.55260782,24.68000030517578,3.7900924682617188,169.521240234375,218.60000610351562,-0.06819545,6.49651337,7.18355274,0.00632912,31.37254906,14.06866059,0,0,87,18.8235302,1777,-,-3.90625,-,-3.90625,41,10.87783035,3.46000004,-,0.63,3.52941179,21.56862831,-4.5,12.875
Fri Jul 24 18:56:20 GMT+05:00 2026,24-Jul-2026 18:56:20.602,74.27170446,31.55243562,24.280000686645508,3.7900924682617188,169.66815185546875,218.6999969482422,-0.05144569,6.86740112,7.57238626,0.06107563,31.76470566,14.06866059,0,0,87,18.8235302,1777,-,-3.90625,-,-3.90625,41,3.19083024,3.46000004,-,0.63,4.31372547,21.56862831,-4.5,12.875
Fri Jul 24 18:56:21 GMT+05:00 2026,24-Jul-2026 18:56:21.602,74.27154852,31.55227562,23.889999389648438,3.7900924682617188,169.4295654296875,218.39999389648438,-0.08733802,7.47547722,7.16321373,0.07443732,31.76470566,14.06866059,0,0,87,18.8235302,1777,-,-3.90625,-,-3.90625,41,3.19083024,4.15999985,-,0.63,4.31372547,21.56862831,-4.5,12.875
Fri Jul 24 18:56:22 GMT+05:00 2026,24-Jul-2026 18:56:22.602,74.27139429,31.55211198,23.700000762939453,3.7900924682617188,169.39337158203125,218.3000030517578,-0.13639089,6.59222651,7.58345318,0.04337507,31.76470566,14.06866059,0,0,87,18.8235302,1777,-,-3.90625,-,-3.90625,41,3.19083024,4.15999985,-,0.63,4.31372547,21.56862831,-4.5,12.875
Fri Jul 24 18:56:23 GMT+05:00 2026,24-Jul-2026 18:56:23.604,74.27123366,31.55194527,23.450000762939453,3.7900924682617188,169.63409423828125,218.3000030517578,0.02392823,7.15603542,7.23380184,0.05624038,31.76470566,14.06866059,0,0,87,18.8235302,1777,-,-3.90625,-,-3.90625,41,3.19083024,4.15999985,-,0.63,4.31372547,21.56862831,-4.5,12.875
Fri Jul 24 18:56:24 GMT+05:00 2026,24-Jul-2026 18:56:24.602,74.27108305,31.55178174,23.040000915527344,3.7900924682617188,169.75250244140625,218.39999389648438,0.08853444,6.97268534,6.91765022,0.02026671,31.76470566,14.06866059,0,0,87,20,1777,-,-3.90625,-,-3.90625,42,3.19083024,3.28999996,-,0.63,4.31372547,21.56862831,-4.5,12.875
Fri Jul 24 18:56:25 GMT+05:00 2026,24-Jul-2026 18:56:25.601,74.2709317,31.5516235,22.790000915527344,3.7900924682617188,169.5753173828125,218.6999969482422,0.42741793,7.3067832,7.06630421,0.01936034,34.90196228,14.06866059,0,0,87,20,1777,-,-3.90625,-,0,42,3.19083024,3.28999996,-,0.03,9.4117651,21.56862831,-4.5,12.77499962
Fri Jul 24 18:56:26 GMT+05:00 2026,24-Jul-2026 18:56:26.601,74.27078094,31.55146632,22.540000915527344,3.7900924682617188,169.44586181640625,218.39999389648438,-0.13758731,6.99780989,7.12373209,0.03702062,34.90196228,14.06866059,0,0,87,74.90196228,1627,-,-1.5625,-,0,42,3.19083024,11.77999973,-,0.03,9.4117651,20.3921566,23,12
Fri Jul 24 18:56:27 GMT+05:00 2026,24-Jul-2026 18:56:27.601,74.27063446,31.55130961,22.520000457763672,3.7900924682617188,169.74462890625,218.3000030517578,0.5805586,6.62213659,6.35623407,-0.04345047,38.82352829,14.06866059,0,0,87,74.90196228,1627,-,-1.5625,-,-6.25,42,3.19083024,14.39000034,-,0.87,16.07843208,20.3921566,23,12
Fri Jul 24 18:56:28 GMT+05:00 2026,24-Jul-2026 18:56:28.602,74.27048866,31.55114849,22.5,3.7900924682617188,170.10125732421875,218.3000030517578,-0.09810573,6.9966135,6.84706211,0.01696324,38.82352829,14.06866059,0,0,87,83.92156982,1623,-,0.78125,-,2.34375,42,3.19083024,14.39000034,-,0.55500001,16.07843208,20.3921566,23.5,12
Fri Jul 24 18:56:29 GMT+05:00 2026,24-Jul-2026 18:56:29.602,74.27034561,31.55098714,22.469999313354492,3.7900924682617188,170.0528564453125,218.10000610351562,0.3592225,6.80638409,6.67118931,-0.00879508,37.64706039,14.06866059,0,0,87,83.92156982,1628,-,0.78125,-,2.34375,42,11.74805678,16.72999954,-,0.55500001,14.90196037,20.3921566,23.5,12
Fri Jul 24 18:56:30 GMT+05:00 2026,24-Jul-2026 18:56:30.601,74.27020458,31.55082583,22.479999542236328,3.7900924682617188,170.188232421875,218.0,0.20937198,6.75134897,6.53120947,-0.02322125,37.64706039,14.06866059,32.15686417,0,87,100,1628,-,-2.34375,-,-3.125,42,11.74805678,16.72999954,-,0.64499998,14.90196037,20.3921566,23.5,12.14999962
Fri Jul 24 18:56:31 GMT+05:00 2026,24-Jul-2026 18:56:31.602,74.27005904,31.550664,22.670000076293945,3.7900924682617188,171.0159912109375,218.39999389648438,0.38673997,6.92482853,6.92841816,0.01832271,39.2156868,14.06866059,32.15686417,0,87,100,1638,-,-2.34375,-,-3.125,42,11.74805678,17.42000008,-,0.64499998,17.25490189,20.3921566,23.5,12.14999962
Fri Jul 24 18:56:32 GMT+05:00 2026,24-Jul-2026 18:56:32.603,74.26990641,31.55050367,22.729999542236328,3.7900924682617188,171.4276123046875,218.5,0.29461628,7.42403126,6.75852776,0.0428471,39.2156868,14.06866059,32.15686417,0,87,100,1638,-,-2.34375,-,-3.125,41,11.74805678,17.42000008,-,0.64499998,17.25490189,20.3921566,21,12.125
Fri Jul 24 18:56:33 GMT+05:00 2026,24-Jul-2026 18:56:33.602,74.26975709,31.55034243,22.81999969482422,3.7900924682617188,171.8004150390625,218.60000610351562,0.08853444,6.69751072,6.42921543,-0.03458232,39.2156868,14.06866059,32.15686417,0,87,100,1660,-,-2.34375,-,-3.125,41,12.32820773,17.42000008,-,0.64499998,17.25490189,20.3921566,21,12.125
Fri Jul 24 18:56:34 GMT+05:00 2026,24-Jul-2026 18:56:34.602,74.26960398,31.55018005,22.950000762939453,3.7900924682617188,172.2236328125,218.5,0.25722843,6.68793917,6.21386147,-0.0500387,39.2156868,14.06866059,32.15686417,0,87,100,1660,-,-2.34375,-,-3.125,41,12.32820773,17.42000008,-,0.63999999,17.25490189,24.31372643,21,12.125
Fri Jul 24 18:56:35 GMT+05:00 2026,24-Jul-2026 18:56:35.602,74.26945468,31.55001688,23.059999465942383,3.7900924682617188,172.68603515625,218.60000610351562,0.16151553,7.00977373,6.86261511,0.01911634,39.2156868,14.06866059,32.15686417,0,87,100,1660,-,-2.34375,-,-3.125,41,12.32820773,17.72999954,-,0.63999999,17.25490189,24.31372643,21,12.125
Fri Jul 24 18:56:36 GMT+05:00 2026,24-Jul-2026 18:56:36.601,74.26930074,31.5498515,23.25,3.7900924682617188,172.7216796875,218.6999969482422,0.54945189,7.77846813,7.34028244,0.11065787,39.2156868,14.06866059,32.54901886,0,87,100,1660,-,-3.125,-,-3.125,41,12.32820773,17.72999954,-,0.65499997,17.25490189,24.31372643,21.5,12.125
Fri Jul 24 18:56:37 GMT+05:00 2026,24-Jul-2026 18:56:37.602,74.26913867,31.54968941,23.489999771118164,3.7900924682617188,173.48345947265625,218.89999389648438,0.3376871,5.72303343,6.48095989,-0.09896696,33.72549057,14.06866059,32.54901886,0,87,100,1660,-,-3.125,-,-3.125,41,4.93128309,3.1099999,-,0.65499997,16.47058868,24.31372643,21.5,12.125
Fri Jul 24 18:56:38 GMT+05:00 2026,24-Jul-2026 18:56:38.602,74.26898021,31.54952849,23.40999984741211,3.7900924682617188,173.975341796875,219.0,-0.3699902,6.52522755,6.59701204,-0.03438056,33.72549057,14.06866059,32.54901886,0,87,20.7843132,1660,-,0,-,0,40,4.93128309,3.1099999,-,0,16.47058868,14.11764717,-11,12.47500038
Fri Jul 24 18:56:39 GMT+05:00 2026,24-Jul-2026 18:56:39.601,74.26882714,31.54936374,23.079999923706055,3.7900924682617188,173.998779296875,218.5,-0.06460621,6.35025215,5.9638114,-0.09293848,33.72549057,14.06866059,0,0,87,20.7843132,1658,-,0,-,0,40,4.93128309,6.63000011,-,0,6.66666651,14.11764717,-11,12.47500038
Fri Jul 24 18:56:40 GMT+05:00 2026,24-Jul-2026 18:56:40.601,74.26867884,31.5492006,22.979999542236328,3.7900924682617188,173.6317138671875,217.1999969482422,-0.18903299,6.94397116,7.37737131,0.05193752,33.72549057,14.06866059,0,0,87,40,1658,-,-0.78125,-,0,41,4.93128309,6.63000011,-,0,6.66666651,14.11764717,-11,12.125
Fri Jul 24 18:56:41 GMT+05:00 2026,24-Jul-2026 18:56:41.601,74.26853439,31.54902861,23.100000381469727,3.7900924682617188,173.15728759765625,215.8000030517578,-0.99960166,7.1440711,6.5228343,0.01038092,33.72549057,14.06866059,0,0,87,40,1658,-,-0.78125,-,0,41,9.86256618,10.56999969,-,0,9.4117651,14.11764717,-11,12.125
Fri Jul 24 18:56:42 GMT+05:00 2026,24-Jul-2026 18:56:42.602,74.26839873,31.54885599,23.25,3.7900924682617188,172.60400390625,213.10000610351562,-1.81346047,7.22662354,6.42323351,0.0217734,33.72549057,14.06866059,0,0,87,61.96078491,1658,-,-0.78125,-,-5.46875,41,9.86256618,10.56999969,-,0.70999998,9.4117651,18.43137169,-11,12.02499962
Fri Jul 24 18:56:43 GMT+05:00 2026,24-Jul-2026 18:56:43.602,74.2682784,31.54867648,23.309999465942383,3.7900924682617188,172.04718017578125,209.10000610351562,-1.5646069,6.65563631,5.9985075,-0.05383688,34.11764526,14.06866059,0,0,87,61.96078491,1703,-,-0.78125,-,-5.46875,41,9.86256618,8.01000023,-,0.70999998,9.4117651,18.43137169,-11,12.02499962
Fri Jul 24 18:56:44 GMT+05:00 2026,24-Jul-2026 18:56:44.602,74.26816489,31.54848511,23.600000381469727,3.7900924682617188,172.5164794921875,204.89999389648438,-1.45573342,7.04357243,6.69990349,0.02099138,34.11764526,14.06866059,0,0,87,39.2156868,1703,-,-0.78125,-,-3.90625,41,9.86256618,8.01000023,-,0.63999999,9.4117651,16.47058868,38,12.05000019
Fri Jul 24 18:56:45 GMT+05:00 2026,24-Jul-2026 18:56:45.601,74.26807607,31.54828709,23.700000762939453,3.7900924682617188,171.60333251953125,200.5,-1.19581306,7.41446018,7.35224676,0.09035391,32.94117737,14.06866059,0,0,87,39.2156868,1703,-,-0.78125,-,-3.90625,41,6.38166047,8.01000023,-,0.63999999,6.27450991,16.47058868,38,12.05000019
Fri Jul 24 18:56:46 GMT+05:00 2026,24-Jul-2026 18:56:46.603,74.26800012,31.54808348,23.75,3.7900924682617188,170.6683349609375,197.3000030517578,-0.52552366,6.90329313,6.88654375,0.03426284,32.94117737,14.06866059,0,0,87,39.2156868,1718,-,-6.25,-,-3.90625,41,6.38166047,8.01000023,-,0.63999999,6.27450991,16.47058868,38.5,12.05000019
Fri Jul 24 18:56:47 GMT+05:00 2026,24-Jul-2026 18:56:47.602,74.26792602,31.54788343,23.770000457763672,3.7900924682617188,169.96307373046875,195.3000030517578,0.13639089,6.79920578,7.33908606,0.03892833,32.94117737,14.06866059,0,0,88,39.2156868,1717,-,-6.25,-,-3.90625,41,6.38166047,6.46000004,-,0.63999999,6.27450991,16.47058868,38.5,12.05000019
Fri Jul 24 18:56:48 GMT+05:00 2026,24-Jul-2026 18:56:48.601,74.26786227,31.54767639,23.780000686645508,3.7900924682617188,169.4627685546875,195.1999969482422,0.61405814,6.95713186,7.02084064,0.02848798,32.94117737,14.06866059,0,0,88,39.2156868,1717,-,-5.46875,-,-5.46875,41,6.38166047,6.46000004,-,0.59500003,6.27450991,16.47058868,38.5,12.05000019
Fri Jul 24 18:56:49 GMT+05:00 2026,24-Jul-2026 18:56:49.603,74.26780109,31.54746796,23.729999542236328,3.7900924682617188,169.569091796875,195.3000030517578,-0.06101698,6.89252567,6.75613451,0.00286692,32.94117737,14.06866059,0,0,88,39.2156868,1717,-,-5.46875,-,-5.46875,41,7.2518869,6.46000004,-,0.59500003,6.27450991,16.47058868,38.5,12.05000019
Fri Jul 24 18:56:50 GMT+05:00 2026,24-Jul-2026 18:56:50.601,74.26773885,31.54725966,23.68000030517578,3.7900924682617188,169.38323974609375,195.3000030517578,0.1160519,6.52163792,6.61256552,-0.03418744,32.94117737,14.06866059,0,0,88,58.4313736,1717,-,-5.46875,-,-5.46875,41,7.2518869,6.46000004,-,0.59500003,6.27450991,19.2156868,26,11.97500038
Fri Jul 24 18:56:51 GMT+05:00 2026,24-Jul-2026 18:56:51.601,74.26767577,31.54705309,23.670000076293945,3.7900924682617188,169.58349609375,195.10000610351562,-0.3400799,6.49651337,6.64845753,-0.03281069,37.25490189,14.06866059,0,0,88,58.4313736,1717,-,-5.46875,-,-7.03125,41,7.2518869,6.46000004,-,0.72000003,13.72549057,19.2156868,26,11.97500038
Fri Jul 24 18:56:52 GMT+05:00 2026,24-Jul-2026 18:56:52.601,74.26761731,31.54684555,23.700000762939453,3.7900924682617188,170.02783203125,195.10000610351562,0.2117648,6.88534737,6.71067095,-0.0006777,37.25490189,14.06866059,0,0,88,84.31372833,1713,-,-4.6875,-,-7.03125,41,12.32820773,6.46000004,-,0.72000003,13.72549057,19.2156868,22,11.97500038
Fri Jul 24 18:56:53 GMT+05:00 2026,24-Jul-2026 18:56:53.603,74.26755187,31.54663804,23.729999542236328,3.7900924682617188,170.34588623046875,194.89999389648438,0.3376871,7.35224676,7.04117966,0.05729407,38.03921509,14.06866059,0,0,88,84.31372833,1713,-,-4.6875,-,-7.03125,41,12.61828321,14.13000011,-,0.72000003,15.68627453,19.2156868,22,11.97500038
Fri Jul 24 18:56:54 GMT+05:00 2026,24-Jul-2026 18:56:54.602,74.26749167,31.54642854,23.940000534057617,3.7900924682617188,170.69189453125,194.6999969482422,0.3592225,6.97268534,6.31316328,-0.0214752,38.03921509,14.06866059,0,0,88,83.52941132,1709,-,-4.6875,-,-4.6875,41,12.61828321,14.13000011,-,0.63,15.68627453,22.74509811,22,11.97500038
Fri Jul 24 18:56:55 GMT+05:00 2026,24-Jul-2026 18:56:55.602,74.26743031,31.54622694,23.81999969482422,3.7900924682617188,171.048095703125,194.60000610351562,-0.07298109,7.10339308,7.04237604,0.03866643,38.03921509,14.06866059,0,0,88,83.52941132,1709,-,-4.6875,-,-4.6875,41,12.61828321,14.13000011,-,0.63,15.29411793,22.74509811,22,11.97500038
Fri Jul 24 18:56:56 GMT+05:00 2026,24-Jul-2026 18:56:56.601,74.26735944,31.54601929,23.790000915527344,3.7900924682617188,171.76019287109375,194.6999969482422,0.5482555,7.01485872,7.16680288,0.04280216,38.03921509,14.06866059,0,0,87,83.52941132,1724,-,-4.6875,-,-4.6875,41,12.47324547,14.22000027,-,0.63,15.29411793,22.74509811,22,11.97500038
Fri Jul 24 18:56:57 GMT+05:00 2026,24-Jul-2026 18:56:57.601,74.26729692,31.54581134,23.829999923706055,3.7900924682617188,172.06317138671875,195.1999969482422,0.17108682,6.24137878,7.30319405,-0.00155383,38.03921509,14.06866059,0,0,87,78.4313736,1724,-,-6.25,-,-4.6875,41,12.47324547,14.22000027,-,0.63,15.29411793,17.25490189,28.5,12.07499981
Fri Jul 24 18:56:58 GMT+05:00 2026,24-Jul-2026 18:56:58.602,74.26722961,31.5456025,23.770000457763672,3.7900924682617188,172.46673583984375,195.60000610351562,0.52313083,6.07148838,6.64247561,-0.06210262,38.03921509,14.06866059,0,0,87,78.4313736,1724,-,-6.25,-,-7.03125,41,12.47324547,14.22000027,-,0.67500001,3.52941179,17.25490189,28.5,12.07499981
Fri Jul 24 18:56:59 GMT+05:00 2026,24-Jul-2026 18:56:59.602,74.2671682,31.54539428,23.420000076293945,3.7900924682617188,172.78704833984375,195.6999969482422,0.25004998,7.04237604,7.07707214,0.03705484,31.37254906,14.06866059,0,0,87,78.4313736,1674,-,-6.25,-,-7.03125,41,2.90075476,5.23999977,-,0.67500001,3.52941179,17.25490189,28.5,12.07499981
Fri Jul 24 18:57:00 GMT+05:00 2026,24-Jul-2026 18:57:00.602,74.26710466,31.54519498,23.139999389648438,3.7900924682617188,172.9317626953125,195.6999969482422,0.42861435,6.86141872,6.5575304,-0.01252544,31.37254906,14.06866059,0,0,87,38.82352829,1674,-,0,-,-7.03125,41,2.90075476,5.23999977,-,0.67500001,3.52941179,16.07843208,29.5,12.07499981
Fri Jul 24 18:57:01 GMT+05:00 2026,24-Jul-2026 18:57:01.601,74.26703974,31.54499533,23.030000686645508,3.7900924682617188,172.70135498046875,195.6999969482422,0.2117648,6.83629417,6.83270502,0.00450063,32.94117737,14.06866059,0,0,87,38.82352829,1674,-,0,-,-1.5625,41,2.90075476,5.23999977,-,0.085,6.27450991,16.07843208,29.5,12.125
Fri Jul 24 18:57:02 GMT+05:00 2026,24-Jul-2026 18:57:02.602,74.26697718,31.54479532,22.989999771118164,3.7900924682617188,172.62310791015625,195.8000030517578,0.16630118,6.84586573,7.28405142,0.03811783,32.94117737,14.06866059,0,0,87,40.7843132,1661,-,-7.8125,-,-1.5625,41,6.38166047,5.23999977,-,0.085,6.27450991,16.07843208,37.5,12.125
Fri Jul 24 18:57:03 GMT+05:00 2026,24-Jul-2026 18:57:03.602,74.26691225,31.54459628,23.0,3.7900924682617188,172.6055908203125,195.8000030517578,0.0837488,6.91406107,7.31515789,0.04508787,32.94117737,14.06866059,0,0,87,40.7843132,1661,-,-7.8125,-,-6.25,41,6.38166047,5.23999977,-,0.75,6.27450991,16.07843208,37.5,12.07499981
Fri Jul 24 18:57:04 GMT+05:00 2026,24-Jul-2026 18:57:04.602,74.26685078,31.54439532,23.010000228881836,3.7900924682617188,171.9207763671875,195.8000030517578,0.64636123,6.65085077,6.98584557,0.00443751,32.94117737,14.06866059,0,0,87,41.17647171,1662,-,-6.25,-,-6.25,41,6.67173595,6.69000006,-,0.75,6.27450991,16.07843208,37.5,12.07499981
Fri Jul 24 18:57:05 GMT+05:00 2026,24-Jul-2026 18:57:05.601,74.26678512,31.54419535,23.020000457763672,3.7900924682617188,172.441650390625,195.8000030517578,-0.07298109,6.79441977,7.37138939,0.04094797,32.94117737,14.06866059,0,0,87,41.17647171,1662,-,-6.25,-,-5.46875,41,6.67173595,6.69000006,-,0.66500002,6.66666651,16.07843208,37.5,12.02499962
Fri Jul 24 18:57:06 GMT+05:00 2026,24-Jul-2026 18:57:06.601,74.26671936,31.54399727,23.040000915527344,3.7900924682617188,172.3089599609375,195.8000030517578,0.03828516,6.6006012,6.64127922,-0.02651018,32.94117737,14.06866059,0,0,87,41.17647171,1662,-,-5.46875,-,-5.46875,41,6.67173595,6.69000006,-,0.66500002,6.66666651,16.07843208,37,12.02499962
Fri Jul 24 18:57:07 GMT+05:00 2026,24-Jul-2026 18:57:07.602,74.26665155,31.54379819,23.049999237060547,3.7900924682617188,172.28387451171875,195.89999389648438,0.22372891,6.71904612,7.14885664,0.01934117,32.54901886,14.06866059,0,0,87,41.17647171,1662,-,-5.46875,-,-5.46875,41,6.67173595,6.69000006,-,0.63499999,5.49019623,16.47058868,37,12.02499962
Fri Jul 24 18:57:08 GMT+05:00 2026,24-Jul-2026 18:57:08.601,74.26658507,31.54360019,23.040000915527344,3.7900924682617188,172.332275390625,195.89999389648438,0.24406791,7.10698223,7.24696255,0.05398351,32.54901886,14.06866059,0,0,87,35.68627548,1662,-,-5.46875,-,-5.46875,42,6.091585,6.69000006,-,0.63499999,5.49019623,16.47058868,37,12.02499962
Fri Jul 24 18:57:09 GMT+05:00 2026,24-Jul-2026 18:57:09.602,74.26652185,31.54339955,23.010000228881836,3.7900924682617188,172.1378173828125,195.89999389648438,-0.12442677,6.86979389,7.39531755,0.04800779,31.37254906,14.06866059,0,0,87,35.68627548,1662,-,-5.46875,-,-5.46875,42,6.091585,6.69000006,-,0.63499999,3.52941179,14.11764717,37,12.125
Fri Jul 24 18:57:10 GMT+05:00 2026,24-Jul-2026 18:57:10.602,74.26645495,31.54320524,22.850000381469727,3.7900924682617188,171.531494140625,195.89999389648438,0.02512464,6.218647,6.8901329,-0.03487426,31.37254906,14.06866059,0,0,87,20.3921566,1662,-,-5.46875,-,-5.46875,42,6.091585,3.23000002,-,0.63499999,3.52941179,14.11764717,-13,12.125
Fri Jul 24 18:57:11 GMT+05:00 2026,24-Jul-2026 18:57:11.601,74.26639281,31.54300802,22.6299991607666,3.7900924682617188,171.2587890625,195.89999389648438,-0.5422734,6.42801905,7.18115997,0.00300717,31.37254906,14.06866059,0,0,87,20.3921566,1662,-,-5.46875,-,0,42,6.091585,3.23000002,-,0,3.13725495,14.11764717,-13,12.72500038
Fri Jul 24 18:57:12 GMT+05:00 2026,24-Jul-2026 18:57:12.602,74.26632655,31.54281348,22.399999618530273,3.7900924682617188,170.847900390625,195.8000030517578,0.42861435,6.21386147,7.42163849,0.00666445,31.37254906,14.06866059,0,0,87,20.3921566,1607,-,-5.46875,-,0,42,2.75571702,3.23000002,-,0,3.13725495,14.11764717,-13,12.72500038
Fri Jul 24 18:57:13 GMT+05:00 2026,24-Jul-2026 18:57:13.602,74.26625964,31.54262437,22.110000610351562,3.7900924682617188,170.84765625,195.60000610351562,0.2958127,7.09621477,7.97587585,0.06391865,31.37254906,14.06866059,0,0,87,20.3921566,1607,-,-5.46875,-,0,42,2.75571702,3.23000002,-,0,3.13725495,14.11764717,-13,13.32499981
Fri Jul 24 18:57:14 GMT+05:00 2026,24-Jul-2026 18:57:14.601,74.26620025,31.54243295,21.81999969482422,3.7900924682617188,170.6263427734375,195.60000610351562,-0.35563326,6.75134897,7.37378216,0.03877491,31.37254906,14.06866059,0,0,87,20.7843132,1607,-,0,-,0,42,2.75571702,3.20000005,-,0,3.13725495,14.11764717,-13,13.32499981
Fri Jul 24 18:57:15 GMT+05:00 2026,24-Jul-2026 18:57:15.601,74.26614,31.54224602,21.459999084472656,3.7900924682617188,171.0687255859375,195.6999969482422,0.24167509,6.35144854,7.68993378,0.03599197,31.37254906,14.06866059,0,0,87,20.7843132,1607,-,0,-,0,42,2.75571702,3.20000005,-,0,3.13725495,14.11764717,-13,13.89999962
Fri Jul 24 18:57:16 GMT+05:00 2026,24-Jul-2026 18:57:16.601,74.26607815,31.54206306,21.15999984741211,3.7900924682617188,170.808837890625,195.8000030517578,0.00717847,7.02921581,7.29601526,0.05174488,31.37254906,14.06866059,0,0,87,22.35294151,1510,-,0,-,0,42,2.90075476,3.17000008,-,0,3.13725495,14.11764717,-13,13.89999962
Fri Jul 24 18:57:17 GMT+05:00 2026,24-Jul-2026 18:57:17.602,74.26601704,31.54188197,20.809999465942383,3.7900924682617188,170.7099609375,195.89999389648438,0.32333016,6.67597532,6.78963423,-0.00980216,31.37254906,14.06866059,0,0,87,22.35294151,1510,-,0,-,0,42,2.90075476,3.17000008,-,0,3.13725495,14.11764717,-13,13.89999962
Fri Jul 24 18:57:18 GMT+05:00 2026,24-Jul-2026 18:57:18.601,74.26596099,31.54170218,20.479999542236328,3.7900924682617188,170.9482421875,196.0,0.47048876,6.32393122,7.15124941,-0.00669628,31.37254906,14.06866059,0,0,87,22.35294151,1510,-,0,-,0,42,2.90075476,3.23000002,-,0,3.13725495,14.11764717,-13,13.89999962
Fri Jul 24 18:57:19 GMT+05:00 2026,24-Jul-2026 18:57:19.601,74.26590087,31.54153093,20.149999618530273,3.7900924682617188,170.73101806640625,196.1999969482422,-0.31734809,6.0834527,7.49461985,0.00351334,31.37254906,14.06866059,0,0,87,22.35294151,1510,-,0,-,0,42,2.90075476,3.23000002,-,0,3.13725495,14.11764717,-13,14.10000038
Fri Jul 24 18:57:20 GMT+05:00 2026,24-Jul-2026 18:57:20.602,74.26584338,31.54136165,19.610000610351562,3.7900924682617188,170.8544921875,196.1999969482422,0.02991028,6.33589506,8.01176834,0.0602178,31.37254906,14.06866059,0,0,87,24.31372643,1510,-,0,-,0,42,2.90075476,3.23000002,-,0,3.13725495,14.11764717,-13,14.10000038
Fri Jul 24 18:57:21 GMT+05:00 2026,24-Jul-2026 18:57:21.602,74.26579009,31.54120163,18.489999771118164,3.7900924682617188,170.84161376953125,196.1999969482422,0.10887343,6.20668268,7.65763044,0.02386135,31.37254906,14.06866059,0,0,87,24.31372643,1510,-,0,-,0,42,2.90075476,3.23000002,-,0,3.13725495,14.11764717,-13,14.14999962
Fri Jul 24 18:57:22 GMT+05:00 2026,24-Jul-2026 18:57:22.603,74.26574256,31.54105499,17.149999618530273,3.7900924682617188,170.89727783203125,196.1999969482422,-0.59611195,6.31316328,7.00379181,-0.01790237,31.37254906,14.06866059,0,0,87,26.27450943,1193,-,0,-,0,42,2.90075476,3.17000008,-,0,3.13725495,14.11764717,-13,14.14999962
Fri Jul 24 18:57:23 GMT+05:00 2026,24-Jul-2026 18:57:23.602,74.2656971,31.54091138,16.420000076293945,3.7900924682617188,171.021240234375,195.60000610351562,-0.24765715,6.2748785,7.40608501,0.0088138,31.37254906,14.06866059,0,99.21875,87,26.27450943,1193,-,0,-,0,42,2.90075476,3.17000008,-,0,3.13725495,14.11764717,-13,14.125
Fri Jul 24 18:57:24 GMT+05:00 2026,24-Jul-2026 18:57:24.602,74.26565534,31.54077313,16.020000457763672,3.7900924682617188,170.7977294921875,195.10000610351562,-0.43100718,6.03439951,8.28126049,0.06443137,31.37254906,14.06866059,0,99.21875,87,27.84313774,1193,-,0,-,0,42,2.90075476,3.20000005,-,0,3.13725495,14.11764717,-13,14.125
Fri Jul 24 18:57:25 GMT+05:00 2026,24-Jul-2026 18:57:25.601,74.26561573,31.54064152,15.069999694824219,3.7900924682617188,170.8115234375,194.60000610351562,-0.64157557,5.87258482,7.28285503,-0.02508044,31.37254906,14.06866059,0,0,87,27.84313774,1193,-,0,-,0,42,2.90075476,3.20000005,-,0,3.13725495,14.11764717,-13,14.125
Fri Jul 24 18:57:26 GMT+05:00 2026,24-Jul-2026 18:57:26.601,74.26558643,31.54052164,13.5600004196167,3.7900924682617188,170.80584716796875,192.5,-0.4657031,7.04716158,6.97029257,0.03051072,31.37254906,14.06866059,0,0,86,24.31372643,1309,-,0,-,0,42,3.77098119,3.20000005,-,0,3.13725495,14.11764717,-13,14.125
Fri Jul 24 18:57:27 GMT+05:00 2026,24-Jul-2026 18:57:27.602,74.2655578,31.54040418,13.010000228881836,3.7900924682617188,171.1429443359375,190.3000030517578,-0.25722843,5.86062098,7.64805937,0.00154513,31.37254906,14.06866059,0,0,86,24.31372643,1309,-,0,-,0,42,3.77098119,3.20000005,-,0,3.13725495,14.11764717,-13,14.07499981
Fri Jul 24 18:57:28 GMT+05:00 2026,24-Jul-2026 18:57:28.602,74.26553708,31.54030046,11.729999542236328,3.7900924682617188,171.35015869140625,189.3000030517578,0.79591262,6.44716167,7.23978424,0.0105356,31.37254906,14.06866059,0,0,86,29.41176414,1064,-,0,-,0,42,3.48090571,3.25999999,-,0,3.13725495,14.11764717,-13,14.07499981
Fri Jul 24 18:57:29 GMT+05:00 2026,24-Jul-2026 18:57:29.601,74.26551771,31.54020563,10.479999542236328,3.7900924682617188,171.3055419921875,188.89999389648438,0.19262223,6.86381197,7.76650429,0.07574397,31.37254906,14.06866059,0,99.21875,86,29.41176414,1064,-,0,-,0,42,3.48090571,3.25999999,-,0,3.13725495,14.11764717,-13,14.07499981
Fri Jul 24 18:57:30 GMT+05:00 2026,24-Jul-2026 18:57:30.602,74.26549949,31.54011801,10.010000228881836,3.7900924682617188,171.12042236328125,189.6999969482422,-0.03948157,6.7142601,6.58863735,-0.02207333,31.37254906,14.06866059,0,99.21875,86,34.11764526,1115,-,0,-,0,42,3.48090571,3.25999999,-,0,3.13725495,17.64705849,-13,14.07499981
Fri Jul 24 18:57:31 GMT+05:00 2026,24-Jul-2026 18:57:31.602,74.26548479,31.54002806,9.829999923706055,3.7900924682617188,170.8023681640625,191.10000610351562,-0.07298109,6.96431017,6.97268534,0.0236091,31.37254906,14.06866059,5.09803915,-21.875,86,34.11764526,1115,-,0,-,1.5625,42,3.48090571,3.25999999,-,0.04,7.84313726,17.64705849,-13,13.75
Fri Jul 24 18:57:32 GMT+05:00 2026,24-Jul-2026 18:57:32.603,74.26546463,31.53994022,9.920000076293945,3.7900924682617188,170.89361572265625,191.3000030517578,0.37597227,7.68395185,6.61615467,0.05333441,33.72549057,14.06866059,5.09803915,-21.875,86,34.11764526,1115,-,0,-,1.5625,43,8.26715107,3.25999999,-,0.04,7.84313726,17.64705849,-13,13.75
Fri Jul 24 18:57:33 GMT+05:00 2026,24-Jul-2026 18:57:33.602,74.26544322,31.5398511,9.979999542236328,3.7900924682617188,171.1170654296875,191.10000610351562,-0.36400816,7.08544683,6.98225641,0.03370875,30.98039246,14.06866059,5.09803915,99.21875,86,34.11764526,1115,-,0,-,1.5625,43,8.26715107,3.25999999,-,0.04,3.13725495,17.64705849,-13,13.17500019
Fri Jul 24 18:57:34 GMT+05:00 2026,24-Jul-2026 18:57:34.601,74.26542563,31.53976518,9.75,3.7900924682617188,171.656005859375,190.89999389648438,-0.07537391,5.98773956,7.65643406,0.00983238,30.98039246,14.06866059,5.09803915,99.21875,86,34.11764526,951,-,0,-,1.5625,43,3.91601893,3.25999999,-,0.04,3.13725495,17.64705849,1,13.17500019
Fri Jul 24 18:57:35 GMT+05:00 2026,24-Jul-2026 18:57:35.601,74.26540288,31.53968009,9.239999771118164,3.7900924682617188,171.51641845703125,190.89999389648438,-0.18065812,6.94516754,7.41924572,0.05511719,30.98039246,14.06866059,0,99.21875,86,34.11764526,951,-,0,-,1.5625,43,3.91601893,3.25999999,-,0.04,3.13725495,17.64705849,1,12.72500038
Fri Jul 24 18:57:36 GMT+05:00 2026,24-Jul-2026 18:57:36.602,74.26538943,31.53960707,8.399999618530273,3.7900924682617188,171.148193359375,189.1999969482422,-0.29102704,6.77527714,6.96072102,0.009628,30.98039246,14.06866059,0,99.21875,86,28.23529434,951,-,0,-,1.5625,43,3.62594345,3.1099999,-,0.04,3.13725495,14.11764717,1,12.72500038
Fri Jul 24 18:57:37 GMT+05:00 2026,24-Jul-2026 18:57:37.602,74.26537821,31.53954142,7.869999885559082,3.7900924682617188,171.3077392578125,187.89999389648438,0.40947178,6.10259485,7.9005022,0.03748721,31.37254906,14.06866059,0,99.21875,86,28.23529434,951,-,0,-,-3.90625,43,3.62594345,3.1099999,-,0.71499997,3.13725495,14.11764717,1,12.42500019
Fri Jul 24 18:57:38 GMT+05:00 2026,24-Jul-2026 18:57:38.601,74.2653607,31.53947673,7.139999866485596,3.7900924682617188,171.06488037109375,193.0,-0.27517462,6.23180771,7.77487898,0.03510016,31.37254906,14.06866059,0,99.21875,86,28.23529434,958,-,-5.46875,-,-3.90625,43,3.91601893,3.07999992,-,0.71499997,3.13725495,14.11764717,1,12.42500019
Fri Jul 24 18:57:39 GMT+05:00 2026,24-Jul-2026 18:57:39.601,74.26533753,31.53942585,6.170000076293945,3.7900924682617188,170.823486328125,199.3000030517578,-0.12203395,6.16600466,7.94835854,0.04452115,31.37254906,14.06866059,0,99.21875,86,28.23529434,958,-,-5.46875,-,-7.03125,43,4.35113214,3.07999992,-,0.69,3.13725495,14.11764717,1,12.42500019
Fri Jul 24 18:57:40 GMT+05:00 2026,24-Jul-2026 18:57:40.602,74.2653097,31.53938743,4.920000076293945,3.7900924682617188,170.74920654296875,204.89999389648438,-0.14835501,6.48215675,7.17039204,0.00444406,31.37254906,14.06866059,0,99.21875,86,28.23529434,958,-,-7.03125,-,-7.03125,43,4.35113214,3.23000002,-,0.69,3.13725495,14.11764717,1,12.42500019
Fri Jul 24 18:57:41 GMT+05:00 2026,24-Jul-2026 18:57:41.602,74.26528906,31.53935963,3.8399999141693115,3.7900924682617188,170.475341796875,206.89999389648438,-0.34486556,7.06510782,6.792027,0.0186373,30.98039246,14.06866059,0,99.21875,86,28.23529434,958,-,-7.03125,-,-7.8125,43,4.78624535,3.17000008,-,0.67000002,3.13725495,14.11764717,1,12.42500019
Fri Jul 24 18:57:42 GMT+05:00 2026,24-Jul-2026 18:57:42.603,74.26527299,31.53933108,3.259999990463257,3.7900924682617188,170.297607421875,208.1999969482422,-0.02392823,7.29003334,6.77886677,0.0337612,30.98039246,14.06866059,0,99.21875,86,35.29411697,958,-,-8.59375,-,-7.8125,43,4.78624535,3.17000008,-,0.66000003,3.13725495,14.11764717,2.5,12.42500019
Fri Jul 24 18:57:43 GMT+05:00 2026,24-Jul-2026 18:57:43.602,74.26525282,31.53930892,3.1600000858306885,3.7900924682617188,170.16546630859375,208.1999969482422,0.14476576,7.12253571,6.64127922,0.01181448,30.98039246,14.06866059,0,99.21875,86,35.29411697,958,-,-8.59375,-,-7.8125,43,4.78624535,3.17000008,-,0.66000003,3.13725495,14.11764717,2.5,12.42500019
Fri Jul 24 18:57:44 GMT+05:00 2026,24-Jul-2026 18:57:44.602,74.26523814,31.53928434,3.240000009536743,3.7900924682617188,170.10247802734375,210.1999969482422,0.25603202,7.57627487,6.37178755,0.0284583,30.98039246,14.06866059,0,99.21875,86,35.29411697,958,-,-8.59375,-,-7.8125,43,4.78624535,3.17000008,-,0.66000003,3.13725495,14.11764717,2.5,12.42500019
Fri Jul 24 18:57:45 GMT+05:00 2026,24-Jul-2026 18:57:45.602,74.26521831,31.53925626,3.5799999237060547,3.7900924682617188,169.9405517578125,213.10000610351562,0.16151553,7.07228661,6.95234632,0.03006941,30.98039246,14.06866059,0,99.21875,86,35.29411697,958,-,-8.59375,-,-7.8125,43,4.78624535,3.17000008,-,0.66000003,3.13725495,14.11764717,2.5,12.42500019
Fri Jul 24 18:57:46 GMT+05:00 2026,24-Jul-2026 18:57:46.602,74.26519257,31.53922678,4.119999885559082,3.7900924682617188,169.93182373046875,216.6999969482422,0.20697916,7.36062145,6.53120947,0.02233094,33.33333206,14.06866059,0,99.21875,87,35.29411697,958,-,-8.59375,-,-7.8125,43,6.96181142,3.17000008,-,0.66000003,7.05882359,14.11764717,2.5,12.42500019
Fri Jul 24 18:57:47 GMT+05:00 2026,24-Jul-2026 18:57:47.602,74.26516401,31.53919664,4.289999961853027,3.7900924682617188,169.6795654296875,218.3000030517578,-0.01555335,7.2792654,6.88774014,0.04055172,33.33333206,14.06866059,1.96078432,0,87,63.13725662,958,-,0.78125,-,-7.8125,43,6.96181142,3.17000008,-,0.66000003,7.05882359,16.07843208,21.5,12.42500019
Fri Jul 24 18:57:48 GMT+05:00 2026,24-Jul-2026 18:57:48.602,74.26513263,31.53916376,4.679999828338623,3.7900924682617188,170.0010986328125,219.6999969482422,0.474078,6.9619174,6.55154848,-0.00530016,33.33333206,14.06866059,1.96078432,0,87,47.84313583,1201,-,0.78125,-,-7.8125,43,6.96181142,5.80000019,-,0.66000003,5.88235283,16.07843208,21.5,12.42500019
Fri Jul 24 18:57:49 GMT+05:00 2026,24-Jul-2026 18:57:49.601,74.26509453,31.5391267,5.130000114440918,3.7900924682617188,169.4512939453125,222.60000610351562,0.11126626,6.92123938,7.2720871,0.0424332,33.33333206,14.06866059,1.96078432,19.53125,87,47.84313583,1201,-,-2.34375,-,-1.5625,43,6.96181142,5.80000019,-,0.63,3.13725495,16.07843208,23,12.17500019
Fri Jul 24 18:57:50 GMT+05:00 2026,24-Jul-2026 18:57:50.602,74.26505962,31.53909585,5.150000095367432,3.7900924682617188,169.7646484375,225.8000030517578,0.63320071,6.97986364,7.64327383,0.07609528,33.33333206,14.06866059,1.96078432,19.53125,87,27.05882263,1114,-,-3.90625,-,-1.5625,43,6.96181142,3.07999992,-,0.63,3.13725495,16.07843208,23,12.17500019
Fri Jul 24 18:57:51 GMT+05:00 2026,24-Jul-2026 18:57:51.602,74.26502002,31.53906584,5.019999980926514,3.7900924682617188,170.8553466796875,229.1999969482422,0.77437723,7.14766026,7.10817862,0.04959518,33.33333206,14.06866059,3.13725495,-69.53125,87,27.05882263,1114,-,-3.90625,-,-3.90625,43,6.96181142,3.07999992,-,0.60500002,3.13725495,16.07843208,9.5,12.22500038
Fri Jul 24 18:57:52 GMT+05:00 2026,24-Jul-2026 18:57:52.601,74.26498452,31.53903874,4.989999771118164,3.7900924682617188,170.950439453125,235.8000030517578,0.18424734,6.84347296,7.59422064,0.06124705,33.33333206,14.06866059,3.13725495,-69.53125,87,27.05882263,1250,-,-3.90625,-,-3.90625,43,6.96181142,4.3499999,-,0.60500002,7.45098019,16.07843208,9.5,12.22500038
Fri Jul 24 18:57:53 GMT+05:00 2026,24-Jul-2026 18:57:53.602,74.26494367,31.53901091,5.190000057220459,3.7900924682617188,170.9398193359375,237.10000610351562,0.14476576,7.29960442,6.83150864,0.03823894,32.15686417,14.06866059,3.13725495,-69.53125,87,27.05882263,1250,-,-3.90625,-,-5.46875,43,6.96181142,4.3499999,-,0.67500001,5.09803915,16.07843208,9.5,12.19999981
Fri Jul 24 18:57:54 GMT+05:00 2026,24-Jul-2026 18:57:54.603,74.26490131,31.53898245,5.050000190734863,3.7900924682617188,170.716552734375,237.10000610351562,0.27756742,6.71784973,7.20748091,0.02375931,32.15686417,14.06866059,3.13725495,-69.53125,88,41.96078491,1250,-,-2.34375,-,-5.46875,43,6.96181142,4.3499999,-,0.67500001,5.09803915,14.11764717,19.5,12.19999981
Fri Jul 24 18:57:55 GMT+05:00 2026,24-Jul-2026 18:57:55.602,74.26485982,31.53895589,5.059999942779541,3.7900924682617188,170.78765869140625,236.0,-0.10648061,6.67118931,7.82393169,0.06716615,32.15686417,14.06866059,3.13725495,99.21875,88,41.96078491,1250,-,-2.34375,-,-2.34375,43,3.91601893,4.3499999,-,0.65499997,3.13725495,14.11764717,19.5,12.25
Fri Jul 24 18:57:56 GMT+05:00 2026,24-Jul-2026 18:57:56.602,74.26482367,31.53893014,4.550000190734863,3.7900924682617188,170.72454833984375,234.8000030517578,0.19740787,6.78125954,7.23499823,0.03002411,32.15686417,14.06866059,3.13725495,99.21875,88,30.58823586,1250,-,-5.46875,-,-2.34375,43,3.91601893,3.20000005,-,0.65499997,3.13725495,14.11764717,1,12.25
Fri Jul 24 18:57:57 GMT+05:00 2026,24-Jul-2026 18:57:57.602,74.26478818,31.53890944,3.9000000953674316,3.7900924682617188,170.79473876953125,233.1999969482422,0.21774685,6.83868694,6.6077795,-0.01137906,32.15686417,14.06866059,3.13725495,99.21875,88,30.58823586,1250,-,-5.46875,-,-2.34375,43,4.49616988,3.20000005,-,0.65499997,3.13725495,14.11764717,1,12.25
Fri Jul 24 18:57:58 GMT+05:00 2026,24-Jul-2026 18:57:58.601,74.26476048,31.538889,3.609999895095825,3.7900924682617188,171.22393798828125,231.8000030517578,-0.40947178,6.66042185,7.36540699,0.032121,32.15686417,14.06866059,3.13725495,99.21875,88,31.76470566,824,-,-8.59375,-,-8.59375,43,4.49616988,3.20000005,-,0.63,3.13725495,14.11764717,1,12.19999981
Fri Jul 24 18:57:59 GMT+05:00 2026,24-Jul-2026 18:57:59.601,74.26473733,31.53887015,3.2300000190734863,3.7900924682617188,171.14080810546875,228.6999969482422,-0.0741775,6.10379124,7.91605568,0.0379892,32.15686417,14.06866059,3.13725495,99.21875,88,31.76470566,724,-,-8.59375,-,-8.59375,43,4.49616988,3.04999995,-,0.63,3.13725495,14.11764717,1,12.19999981
Fri Jul 24 18:58:00 GMT+05:00 2026,24-Jul-2026 18:58:00.601,74.26472349,31.53885771,2.2100000381469727,3.7900924682617188,170.760986328125,226.6999969482422,0.26201409,6.59103012,7.3917284,0.02888435,32.15686417,14.06866059,3.13725495,99.21875,88,33.72549057,724,-,-9.375,-,-9.375,43,4.49616988,3.04999995,-,0.64999998,3.13725495,14.11764717,4.5,12.19999981
Fri Jul 24 18:58:01 GMT+05:00 2026,24-Jul-2026 18:58:01.601,74.26471969,31.53885343,0.7599999904632568,3.7900924682617188,170.4801025390625,225.89999389648438,0.42502514,7.08544683,6.95114994,0.03173417,30.98039246,14.06866059,3.13725495,99.21875,88,33.72549057,724,-,-9.375,-,-9.375,43,5.07632083,3.04999995,-,0.64999998,3.13725495,14.11764717,4.5,12.19999981
Fri Jul 24 18:58:02 GMT+05:00 2026,24-Jul-2026 18:58:02.602,74.264716,31.53884966,0.5699999928474426,3.7900924682617188,170.41766357421875,225.39999389648438,0.43938205,7.221838,6.60538673,0.01766396,30.98039246,14.06866059,3.13725495,99.21875,88,33.72549057,730,-,-9.375,-,-7.8125,43,5.07632083,3.04999995,-,0.65499997,3.13725495,15.68627453,9,12.19999981
Fri Jul 24 18:58:03 GMT+05:00 2026,24-Jul-2026 18:58:03.602,74.26471062,31.53884463,0.7900000214576721,3.7900924682617188,170.52386474609375,224.8000030517578,0.27038896,6.97866726,6.71784973,0.00681126,30.98039246,14.06866059,3.13725495,99.21875,88,33.72549057,730,-,-9.375,-,-7.8125,43,4.93128309,3.04999995,-,0.65499997,3.13725495,15.68627453,9,12.19999981
Fri Jul 24 18:58:04 GMT+05:00 2026,24-Jul-2026 18:58:04.601,74.2647027,31.53883785,1.0399999618530273,3.7900924682617188,170.28509521484375,223.89999389648438,0.32093734,7.23021269,6.55274487,0.01421559,30.98039246,14.06866059,3.13725495,99.21875,88,32.54901886,728,-,-9.375,-,-7.8125,43,4.93128309,3.1099999,-,0.65499997,3.13725495,14.11764717,9,12.19999981
Fri Jul 24 18:58:05 GMT+05:00 2026,24-Jul-2026 18:58:05.601,74.26469571,31.53883153,0.8799999952316284,3.7900924682617188,170.36749267578125,223.39999389648438,0.27517462,6.68435001,6.99900627,0.0059585,30.98039246,14.06866059,0,99.21875,88,32.54901886,728,-,-9.375,-,-6.25,43,5.22135857,3.1099999,-,0.63499999,3.13725495,14.11764717,9,12.19999981
Fri Jul 24 18:58:06 GMT+05:00 2026,24-Jul-2026 18:58:06.603,74.26468908,31.53882629,0.7799999713897705,3.7900924682617188,170.77618408203125,223.5,0.31734809,6.59820843,7.20628452,0.01552069,30.98039246,14.06866059,0,99.21875,88,32.54901886,730,-,-6.25,-,-6.25,43,5.22135857,3.1099999,-,0.63499999,3.13725495,14.11764717,9,12.19999981
Fri Jul 24 18:58:07 GMT+05:00 2026,24-Jul-2026 18:58:07.603,74.26468471,31.53882383,0.3700000047683716,3.7900924682617188,170.7906494140625,223.5,0.34606197,6.90807915,6.89970398,0.01489294,30.98039246,14.06866059,0,99.21875,88,32.54901886,730,-,-6.25,-,-6.25,43,5.22135857,3.1099999,-,0.62,3.13725495,14.11764717,9,12.19999981
Fri Jul 24 18:58:08 GMT+05:00 2026,24-Jul-2026 18:58:08.602,74.26468099,31.53882376,0.0,3.7900924682617188,170.903564453125,0.0,0.53629136,7.12971401,6.88654375,0.03092438,30.98039246,14.06866059,0,99.21875,88,32.54901886,734,-,-6.25,-,-6.25,43,5.07632083,3.1099999,-,0.62,3.13725495,14.11764717,4,12.19999981
Fri Jul 24 18:58:09 GMT+05:00 2026,24-Jul-2026 18:58:09.601,74.26467619,31.53882417,0.0,3.7900924682617188,170.74212646484375,0.0,0.44177487,7.11416101,6.78963423,0.02247232,30.98039246,14.06866059,0,0,88,32.54901886,734,-,-6.25,-,-6.25,43,4.93128309,3.1099999,-,0.62,3.13725495,14.11764717,4,12.19999981
Fri Jul 24 18:58:10 GMT+05:00 2026,24-Jul-2026 18:58:10.601,74.26467174,31.53882259,0.3499999940395355,3.7900924682617188,170.8004150390625,223.6999969482422,0.3592225,7.24935532,6.57428026,0.01726967,30.98039246,14.06866059,0,0,88,35.29411697,729,-,-6.25,-,-6.25,43,4.93128309,3.1099999,-,0.63499999,3.13725495,14.11764717,4,12.19999981
Fri Jul 24 18:58:11 GMT+05:00 2026,24-Jul-2026 18:58:11.601,74.26466595,31.53881898,0.550000011920929,3.7900924682617188,170.78704833984375,225.10000610351562,0.38434714,7.25892639,6.34068108,0.00227523,32.54901886,14.06866059,0,0,88,35.29411697,1014,-,-6.25,-,-6.25,43,5.65647178,3.1099999,-,0.63499999,5.88235283,14.11764717,4,12.19999981
Fri Jul 24 18:58:12 GMT+05:00 2026,24-Jul-2026 18:58:12.601,74.26465667,31.53881117,1.1799999475479126,3.7900924682617188,170.72601318359375,226.89999389648438,0.56021959,7.30797958,6.53240585,0.01981348,32.54901886,14.06866059,0,0,88,35.29411697,1014,-,-0.78125,-,-3.125,43,5.65647178,3.1099999,-,0.61500001,5.88235283,14.11764717,12.5,12.125
Fri Jul 24 18:58:13 GMT+05:00 2026,24-Jul-2026 18:58:13.602,74.26464576,31.538802,1.5800000429153442,3.7900924682617188,171.1610107421875,227.1999969482422,0.08853444,6.97148895,6.53958416,-0.00657994,30.98039246,14.06866059,0,99.21875,90,35.29411697,843,-,-0.78125,-,-3.125,43,4.78624535,3.1099999,-,0.61500001,3.13725495,14.11764717,12.5,12.125
Fri Jul 24 18:58:14 GMT+05:00 2026,24-Jul-2026 18:58:14.602,74.26463162,31.53878891,1.899999976158142,3.7900924682617188,171.533447265625,224.6999969482422,0.33888352,7.04716158,6.48335314,-0.00426042,30.98039246,14.06866059,0,99.21875,90,35.29411697,843,-,-3.125,-,-3.125,44,4.78624535,3.1099999,-,0.61500001,5.88235283,14.11764717,12.5,12.125
Fri Jul 24 18:58:15 GMT+05:00 2026,24-Jul-2026 18:58:15.602,74.26461797,31.53877563,1.8700000047683716,3.7900924682617188,171.3060302734375,221.89999389648438,0.06819545,6.60419035,7.43719196,0.03290886,32.54901886,14.06866059,0,99.21875,90,31.76470566,1049,-,-3.125,-,-3.125,44,4.78624535,5.80000019,-,0.61500001,5.88235283,14.11764717,12.5,12.125
Fri Jul 24 18:58:16 GMT+05:00 2026,24-Jul-2026 18:58:16.601,74.26460466,31.5387607,1.9600000381469727,3.7900924682617188,171.44744873046875,219.0,0.30299118,6.99302435,6.61854744,0.00098187,30.98039246,14.06866059,0,99.21875,90,31.76470566,1049,-,-3.125,-,-3.125,44,4.78624535,5.80000019,-,0.61500001,3.13725495,14.11764717,4,12.14999962
Fri Jul 24 18:58:17 GMT+05:00 2026,24-Jul-2026 18:58:17.602,74.26459637,31.53874944,1.3300000429153442,3.7900924682617188,171.8643798828125,216.89999389648438,0.40229329,7.06391144,6.69631433,0.01204073,30.98039246,14.06866059,0,99.21875,90,31.76470566,1049,-,-5.46875,-,-3.125,44,5.07632083,5.80000019,-,0.61500001,3.13725495,14.11764717,11,12.14999962
Fri Jul 24 18:58:18 GMT+05:00 2026,24-Jul-2026 18:58:18.602,74.26458987,31.53873962,1.2699999809265137,3.7900924682617188,171.865966796875,215.1999969482422,0.18783657,7.20149899,6.77647352,0.02718252,30.98039246,14.06866059,0,99.21875,90,31.76470566,1049,-,-5.46875,-,-3.125,44,5.07632083,5.80000019,-,0.61500001,5.88235283,15.68627453,11,12.14999962
Fri Jul 24 18:58:19 GMT+05:00 2026,24-Jul-2026 18:58:19.602,74.26458027,31.53872746,1.7400000095367432,3.7900924682617188,171.8184814453125,214.60000610351562,0.17706887,6.87338305,6.78125954,0.00341725,30.98039246,14.06866059,0,99.21875,90,30.98039246,908,-,-5.46875,-,-3.125,44,4.78624535,3.1099999,-,0.61500001,5.88235283,15.68627453,11,12.19999981
Fri Jul 24 18:58:20 GMT+05:00 2026,24-Jul-2026 18:58:20.602,74.26456785,31.53871241,2.0199999809265137,3.7900924682617188,171.77032470703125,213.3000030517578,0.67746788,7.27328348,6.38614464,0.00806248,32.94117737,14.06866059,1.17647064,99.21875,90,30.98039246,908,-,-5.46875,-,-3.125,44,5.94654726,3.1099999,-,0.61500001,6.27450991,15.68627453,11,12.19999981
Fri Jul 24 18:58:21 GMT+05:00 2026,24-Jul-2026 18:58:21.602,74.26455312,31.5386928,2.559999942779541,3.7900924682617188,171.5111083984375,212.8000030517578,1.06181502,7.57358265,6.26411057,0.0267095,32.94117737,14.06866059,1.17647064,99.21875,90,30.98039246,1239,-,-5.46875,-,-3.125,44,5.94654726,6.05000019,-,0.61500001,6.27450991,18.43137169,23,12.19999981
Fri Jul 24 18:58:22 GMT+05:00 2026,24-Jul-2026 18:58:22.603,74.2645318,31.53866801,3.309999942779541,3.7900924682617188,171.58050537109375,216.39999389648438,0.50159544,7.40608501,6.28325319,0.01036328,34.90196228,14.06866059,1.17647064,-9.375,90,30.98039246,1239,-,-5.46875,-,2.34375,44,7.54196238,9.84000015,-,0.48500001,9.4117651,18.43137169,23,12.19999981
Fri Jul 24 18:58:23 GMT+05:00 2026,24-Jul-2026 18:58:23.602,74.26450087,31.53863773,4.340000152587891,3.7900924682617188,171.7841796875,219.6999969482422,0.39032918,6.92961454,6.792027,0.00890833,34.90196228,14.06866059,1.17647064,-9.375,90,51.76470566,1239,-,-3.125,-,-7.8125,44,7.54196238,9.84000015,-,0.75,9.4117651,15.68627453,23,12.19999981
Fri Jul 24 18:58:24 GMT+05:00 2026,24-Jul-2026 18:58:24.602,74.26446695,31.5386057,4.630000114440918,3.7900924682617188,171.695068359375,220.3000030517578,0.13160525,6.60897636,6.58385134,-0.029962,32.15686417,14.06866059,1.17647064,0,90,51.76470566,1239,-,-3.125,-,-7.8125,44,7.54196238,5.34000015,-,0.75,5.09803915,15.68627453,23,12.19999981
Fri Jul 24 18:58:25 GMT+05:00 2026,24-Jul-2026 18:58:25.602,74.26443307,31.53857317,4.75,3.7900924682617188,172.0726318359375,219.8000030517578,-0.00358923,6.48813868,7.06391144,-0.00328422,32.15686417,14.06866059,1.17647064,0,90,51.76470566,1239,-,-3.90625,-,-7.8125,44,7.54196238,5.34000015,-,0.75,5.09803915,15.68627453,6,12.19999981
Fri Jul 24 18:58:26 GMT+05:00 2026,24-Jul-2026 18:58:26.602,74.2644008,31.53853952,4.75,3.7900924682617188,171.67913818359375,219.1999969482422,0.56859446,6.82552671,6.49531698,-0.0187887,30.98039246,14.06866059,1.17647064,0,90,41.5686264,1135,-,-3.90625,-,-7.8125,44,7.54196238,3.8599999,-,0.75,3.13725495,15.68627453,6,12.19999981
Fri Jul 24 18:58:27 GMT+05:00 2026,24-Jul-2026 18:58:27.602,74.26436963,31.53850653,4.710000038146973,3.7900924682617188,171.536865234375,218.39999389648438,0.47288159,7.24576616,6.73579597,0.0286153,30.98039246,14.06866059,0,0,90,41.5686264,1135,-,-5.46875,-,-7.8125,44,7.54196238,3.8599999,-,0.75,5.49019623,15.68627453,21.5,12.19999981
Fri Jul 24 18:58:28 GMT+05:00 2026,24-Jul-2026 18:58:28.601,74.264337,31.53847111,4.949999809265137,3.7900924682617188,171.6495361328125,217.8000030517578,0.31136605,6.93081093,7.01844788,0.02498597,32.54901886,14.06866059,0,0,90,41.5686264,1214,-,-3.125,-,-7.8125,44,5.22135857,3.8599999,-,0.75,5.49019623,15.68627453,21.5,12.19999981
Fri Jul 24 18:58:29 GMT+05:00 2026,24-Jul-2026 18:58:29.603,74.26430116,31.53843153,5.230000019073486,3.7900924682617188,171.85394287109375,215.89999389648438,0.16510476,6.63888645,7.52931547,0.04240006,32.54901886,14.06866059,0,0,90,41.5686264,1214,-,-3.125,-,-4.6875,44,5.22135857,3.8599999,-,0.67000002,3.13725495,14.11764717,4,12.19999981
Fri Jul 24 18:58:30 GMT+05:00 2026,24-Jul-2026 18:58:30.602,74.26426849,31.53839344,5.150000095367432,3.7900924682617188,171.5484619140625,214.1999969482422,0.31615168,6.99780989,7.85264587,0.09167999,30.98039246,14.06866059,0,0,90,30.19607925,1214,-,-7.8125,-,-4.6875,44,3.91601893,3.8599999,-,0.67000002,3.13725495,14.11764717,4,12.19999981
Fri Jul 24 18:58:31 GMT+05:00 2026,24-Jul-2026 18:58:31.602,74.26424301,31.5383581,4.889999866485596,3.7900924682617188,171.2396240234375,212.60000610351562,0.16869399,6.67238617,7.15842819,0.01669145,30.98039246,14.06866059,0,0,90,30.19607925,1214,-,-7.8125,-,-8.59375,44,3.91601893,3.8599999,-,0.65499997,3.13725495,14.11764717,4,12.19999981
Fri Jul 24 18:58:32 GMT+05:00 2026,24-Jul-2026 18:58:32.603,74.2642158,31.5383213,4.800000190734863,3.7900924682617188,171.3426513671875,212.0,0.40468612,7.00857735,7.20389175,0.04436451,30.98039246,14.06866059,0,0,88,30.19607925,1214,-,-8.59375,-,-8.59375,44,3.91601893,3.28999996,-,0.65499997,3.13725495,14.11764717,4,12.19999981
Fri Jul 24 18:58:33 GMT+05:00 2026,24-Jul-2026 18:58:33.603,74.26418804,31.53828815,4.840000152587891,3.7900924682617188,171.29205322265625,211.8000030517578,0.25004998,7.4766736,6.58026218,0.03460473,30.98039246,14.06866059,0,0,88,30.19607925,1214,-,-8.59375,-,-2.34375,44,3.91601893,3.28999996,-,0.61500001,9.8039217,15.29411793,4,12.19999981
Fri Jul 24 18:58:34 GMT+05:00 2026,24-Jul-2026 18:58:34.602,74.264159,31.53824769,5.210000038146973,3.7900924682617188,171.342529296875,211.39999389648438,0.27158538,6.87577581,6.23539686,-0.03441256,34.90196228,14.06866059,0,0,88,30.19607925,1504,-,-0.78125,-,-2.34375,44,3.91601893,3.28999996,-,0.61500001,9.8039217,15.29411793,4,12.19999981
Fri Jul 24 18:58:35 GMT+05:00 2026,24-Jul-2026 18:58:35.602,74.26412743,31.53820191,6.130000114440918,3.7900924682617188,171.08258056640625,209.5,0.45134616,6.8267231,6.19830799,-0.03993577,34.90196228,14.06866059,2.74509811,0,88,30.19607925,1504,-,-0.78125,-,-3.90625,44,3.91601893,3.28999996,-,0.70999998,9.8039217,16.07843208,4,12.27499962
Fri Jul 24 18:58:36 GMT+05:00 2026,24-Jul-2026 18:58:36.602,74.26409533,31.53814849,6.619999885559082,3.7900924682617188,170.9833984375,206.60000610351562,0.54586267,7.42642403,6.22103977,0.00810778,34.90196228,14.06866059,2.74509811,0,88,71.76470947,1586,-,-0.78125,-,-3.90625,44,6.96181142,11.05000019,-,0.70999998,6.27450991,16.07843208,4,12.27499962
Fri Jul 24 18:58:37 GMT+05:00 2026,24-Jul-2026 18:58:37.602,74.26405987,31.53809223,7.21999979019165,3.7900924682617188,170.67694091796875,206.0,0.19381863,6.62213659,6.68913555,-0.02130532,34.90196228,14.06866059,6.27450991,0,88,71.76470947,1586,-,-0.78125,-,-2.34375,44,6.96181142,11.05000019,-,0.70999998,4.31372547,18.03921509,4,12.27499962
Fri Jul 24 18:58:38 GMT+05:00 2026,24-Jul-2026 18:58:38.602,74.26402201,31.53803345,7.639999866485596,3.7900924682617188,171.154541015625,205.3000030517578,0.1160519,7.05434036,7.35105038,0.05763108,31.76470566,14.06866059,6.27450991,0,88,71.76470947,1186,-,-0.78125,-,-2.34375,44,4.06105666,4.23999977,-,0.70999998,4.31372547,18.03921509,4,12.27499962
Fri Jul 24 18:58:39 GMT+05:00 2026,24-Jul-2026 18:58:39.601,74.26398306,31.53796731,7.769999980926514,3.7900924682617188,171.2303466796875,203.60000610351562,0.11126626,6.78724146,6.85184765,0.00218469,31.76470566,14.06866059,6.27450991,0,88,71.76470947,1186,-,-0.78125,-,-2.34375,44,4.06105666,4.23999977,-,0.70999998,4.31372547,18.03921509,4,12.27499962
Fri Jul 24 18:58:40 GMT+05:00 2026,24-Jul-2026 18:58:40.601,74.26395163,31.53790151,7.900000095367432,3.7900924682617188,171.3707275390625,202.10000610351562,1.05344021,6.18754005,8.08474922,0.06233972,31.76470566,14.06866059,6.27450991,0,88,71.76470947,1186,-,-0.78125,-,-2.34375,44,4.06105666,4.23999977,-,0.70999998,4.31372547,18.03921509,4,12.27499962
Fri Jul 24 18:58:41 GMT+05:00 2026,24-Jul-2026 18:58:41.601,74.26391573,31.53783987,7.820000171661377,3.7900924682617188,171.6607666015625,203.5,0.3915256,6.42323351,7.38335323,0.01738298,31.76470566,14.06866059,6.27450991,0,88,71.76470947,981,-,-0.78125,-,-2.34375,44,4.06105666,4.23999977,-,0.70999998,4.31372547,14.11764717,1,12.27499962
Fri Jul 24 18:58:42 GMT+05:00 2026,24-Jul-2026 18:58:42.601,74.26388083,31.53778053,7.309999942779541,3.7900924682617188,171.4105224609375,206.60000610351562,-0.25004998,6.22343254,7.70788002,0.02917796,31.76470566,14.06866059,6.27450991,0,88,71.76470947,981,-,-0.78125,-,-3.125,44,4.06105666,3.20000005,-,0.68000001,3.13725495,14.11764717,1,12.27499962
Fri Jul 24 18:58:43 GMT+05:00 2026,24-Jul-2026 18:58:43.602,74.26384641,31.53772462,6.900000095367432,3.7900924682617188,171.4896240234375,206.1999969482422,-0.07896315,6.02961397,7.815557,0.02526337,31.76470566,14.06866059,6.27450991,0,88,31.37254906,894,-,-7.03125,-,-3.125,44,4.06105666,3.20000005,-,0.68000001,3.13725495,14.11764717,1,12.27499962
Fri Jul 24 18:58:44 GMT+05:00 2026,24-Jul-2026 18:58:44.602,74.26381651,31.53767423,6.050000190734863,3.7900924682617188,171.51318359375,205.39999389648438,0.14835501,5.66919518,8.22502899,0.03741378,31.76470566,14.06866059,0,0,88,31.37254906,894,-,-7.03125,-,-3.125,44,4.64120762,3.20000005,-,0.68000001,3.13725495,14.11764717,1,12.27499962
Fri Jul 24 18:58:45 GMT+05:00 2026,24-Jul-2026 18:58:45.602,74.26379568,31.53764121,4.5,3.7900924682617188,171.61102294921875,204.8000030517578,0.31974092,6.72502804,7.12253571,0.01807809,31.76470566,14.06866059,0,0,88,31.37254906,722,-,-7.8125,-,-3.125,44,4.64120762,3.04999995,-,0.68000001,3.13725495,14.11764717,1,12.27499962
Fri Jul 24 18:58:46 GMT+05:00 2026,24-Jul-2026 18:58:46.601,74.26378098,31.53761661,3.200000047683716,3.7900924682617188,171.58349609375,204.5,0.35324043,7.03280497,6.38853741,-0.01180387,31.76470566,14.06866059,0,0,88,31.37254906,722,-,-7.8125,-,-9.375,44,4.64120762,3.04999995,-,0.66500002,7.84313726,14.11764717,1,12.22500038
Fri Jul 24 18:58:47 GMT+05:00 2026,24-Jul-2026 18:58:47.601,74.263765,31.53759009,3.4200000762939453,3.7900924682617188,171.2442626953125,204.6999969482422,0.34725839,7.60020304,5.88694191,-0.00039262,31.76470566,14.06866059,0,0,88,31.37254906,1534,-,4.6875,-,-9.375,44,8.26715107,3.04999995,-,0.66500002,7.84313726,20.3921566,1,12.19999981
Fri Jul 24 18:58:48 GMT+05:00 2026,24-Jul-2026 18:58:48.601,74.26374581,31.53755562,4.329999923706055,3.7900924682617188,171.2279052734375,205.10000610351562,0.62123656,7.61455965,6.44955444,0.03818554,36.07843018,14.06866059,0,0.78125,88,31.37254906,1534,-,4.6875,-,0,44,10.58775487,3.04999995,-,0.74000001,12.15686321,20.3921566,1,12.19999981
Fri Jul 24 18:58:49 GMT+05:00 2026,24-Jul-2026 18:58:49.602,74.26371734,31.53751332,5.570000171661377,3.7900924682617188,171.10638427734375,205.89999389648438,0.5374878,7.72462988,6.70947456,0.06342119,36.07843018,14.06866059,0,0.78125,88,94.50980377,1534,-,-3.125,-,0,44,10.58775487,3.04999995,-,0.74000001,12.15686321,20.3921566,24,12.27499962
Fri Jul 24 18:58:50 GMT+05:00 2026,24-Jul-2026 18:58:50.602,74.2636863,31.53745946,6.730000019073486,3.7900924682617188,171.30267333984375,206.3000030517578,0.47288159,7.4635129,6.66161823,0.03992027,34.90196228,14.06866059,23.13725471,11.71875,88,94.50980377,1677,-,-3.125,-,0,44,9.13737749,12.19999981,-,0.74000001,9.8039217,20.3921566,24,12.27499962
Fri Jul 24 18:58:51 GMT+05:00 2026,24-Jul-2026 18:58:51.602,74.26364935,31.5373999,7.570000171661377,3.7900924682617188,171.33782958984375,206.8000030517578,0.41186461,7.01964426,6.06431007,-0.03446376,34.90196228,14.06866059,23.13725471,11.71875,88,94.50980377,1677,-,-3.125,-,0,44,9.13737749,12.19999981,-,0.74000001,9.8039217,18.8235302,28,12.27499962
Fri Jul 24 18:58:52 GMT+05:00 2026,24-Jul-2026 18:58:52.601,74.263609,31.53733144,8.3100004196167,3.7900924682617188,171.131591796875,207.1999969482422,0.27517462,7.17278481,6.6987071,0.01983684,34.90196228,14.06866059,23.13725471,11.71875,88,89.01960754,1571,-,-3.125,-,0,44,9.13737749,12.52999973,-,0.74000001,10.1960783,18.8235302,28,12.27499962
Fri Jul 24 18:58:53 GMT+05:00 2026,24-Jul-2026 18:58:53.602,74.26356842,31.53726021,8.829999923706055,3.7900924682617188,171.08056640625,206.0,0.36041892,7.58106041,6.71545696,0.05203646,34.90196228,14.06866059,23.13725471,0,88,89.01960754,1571,-,-3.125,-,0,42,9.13737749,12.52999973,-,0.74000001,10.1960783,18.8235302,25,12.19999981
Fri Jul 24 18:58:54 GMT+05:00 2026,24-Jul-2026 18:58:54.601,74.26352637,31.53718335,9.350000381469727,3.7900924682617188,170.9407958984375,205.3000030517578,0.5422734,6.8985076,6.47856712,-0.01472038,34.90196228,14.06866059,23.13725471,0,88,89.01960754,1571,-,-3.125,-,0,42,9.71752845,12.52999973,-,0.74000001,9.8039217,18.8235302,25,12.19999981
Fri Jul 24 18:58:55 GMT+05:00 2026,24-Jul-2026 18:58:55.601,74.26347761,31.53710175,9.859999656677246,3.7900924682617188,170.5345458984375,205.3000030517578,0.37477586,7.61575603,7.07109022,0.07904714,34.90196228,14.06866059,7.45098019,0,88,89.01960754,1571,-,-4.6875,-,-4.6875,42,9.71752845,12.52999973,-,0.63,9.8039217,18.03921509,25,12.27499962
Fri Jul 24 18:58:56 GMT+05:00 2026,24-Jul-2026 18:58:56.602,74.26343476,31.53701405,10.359999656677246,3.7900924682617188,170.56573486328125,205.0,0.17587246,7.01336336,7.00139904,0.02934629,33.72549057,14.06866059,7.45098019,0,88,89.01960754,1525,-,-4.6875,-,-4.6875,42,9.71752845,12.52999973,-,0.63,7.84313726,18.03921509,25,12.27499962
Fri Jul 24 18:58:57 GMT+05:00 2026,24-Jul-2026 18:58:57.603,74.26338477,31.53692668,10.579999923706055,3.7900924682617188,170.4091796875,205.10000610351562,-0.41066819,6.57188749,6.76450968,-0.01869863,33.72549057,14.06866059,7.45098019,0,88,89.01960754,1525,-,-3.90625,-,0,42,9.71752845,12.52999973,-,0.85500002,7.84313726,14.11764717,-3.5,12.27499962
Fri Jul 24 18:58:58 GMT+05:00 2026,24-Jul-2026 18:58:58.601,74.26334004,31.5368407,10.529999732971191,3.7900924682617188,170.26806640625,204.89999389648438,0.29341987,6.61854744,7.23260546,0.01882195,30.98039246,14.06866059,0,0,88,89.01960754,1001,-,-3.90625,-,0,42,4.2060944,3.25999999,-,0.85500002,3.13725495,14.11764717,-3.5,12.27499962
Fri Jul 24 18:58:59 GMT+05:00 2026,24-Jul-2026 18:58:59.601,74.26329759,31.53675662,10.170000076293945,3.7900924682617188,170.3099365234375,204.8000030517578,0.20578274,7.03878689,7.06869698,0.03608888,30.98039246,14.06866059,0,0,88,89.01960754,1001,-,0,-,0,42,4.2060944,3.25999999,-,0.85500002,3.13725495,15.29411793,9.5,12.27499962
Fri Jul 24 18:59:00 GMT+05:00 2026,24-Jul-2026 18:59:00.602,74.26325121,31.53667877,9.949999809265137,3.7900924682617188,170.41241455078125,206.89999389648438,-0.07537391,6.82552671,6.95234632,0.01218361,32.54901886,14.06866059,0,0,88,89.01960754,1001,-,0,-,0,42,4.2060944,4,-,0.85500002,5.09803915,15.29411793,9.5,12.27499962
Fri Jul 24 18:59:01 GMT+05:00 2026,24-Jul-2026 18:59:01.602,74.26320553,31.53660102,9.9399995803833,3.7900924682617188,170.406005859375,207.3000030517578,-0.31016964,6.59342289,6.83390141,-0.01248437,32.54901886,14.06866059,0,0,88,30.19607925,1001,-,0,-,0,42,4.2060944,4,-,0.07,5.09803915,15.29411793,3,12.27499962
Fri Jul 24 18:59:02 GMT+05:00 2026,24-Jul-2026 18:59:02.601,74.26315722,31.53652051,9.800000190734863,3.7900924682617188,170.5784912109375,207.3000030517578,-0.25004998,6.73340273,7.43360281,0.04172474,32.54901886,14.06866059,0,0,88,30.19607925,1001,-,0,-,0,42,4.2060944,3.1099999,-,0.07,3.13725495,15.29411793,3,12.27499962
Fri Jul 24 18:59:03 GMT+05:00 2026,24-Jul-2026 18:59:03.602,74.26310993,31.53644261,9.609999656677246,3.7900924682617188,170.4261474609375,206.8000030517578,-0.35563326,6.57428026,7.28644419,0.02005821,32.54901886,14.06866059,0,0,88,30.19607925,1001,-,0,-,-4.6875,42,4.2060944,3.1099999,-,0.86500001,3.13725495,14.11764717,1,12.19999981
Fri Jul 24 18:59:04 GMT+05:00 2026,24-Jul-2026 18:59:04.602,74.26306975,31.53637102,8.960000038146973,3.7900924682617188,170.62255859375,206.39999389648438,-0.49920264,6.31675291,7.76650429,0.0407564,31.37254906,14.06866059,0,0,88,30.19607925,996,-,0,-,-4.6875,42,3.77098119,3.1099999,-,0.86500001,3.13725495,14.11764717,1,12.19999981
Fri Jul 24 18:59:05 GMT+05:00 2026,24-Jul-2026 18:59:05.602,74.26303226,31.53630115,8.329999923706055,3.7900924682617188,170.64300537109375,205.6999969482422,-0.36161533,6.63888645,8.15563679,0.09161526,31.37254906,14.06866059,0,0,88,30.19607925,996,-,-5.46875,-,-4.6875,42,3.77098119,3.1099999,-,0.75999999,3.13725495,14.11764717,1,12.19999981
Fri Jul 24 18:59:06 GMT+05:00 2026,24-Jul-2026 18:59:06.602,74.26300044,31.53624166,7.360000133514404,3.7900924682617188,171.036376953125,205.3000030517578,0.08614162,6.78843784,7.25174809,0.03160828,31.37254906,14.06866059,0,0,88,31.37254906,893,-,-5.46875,-,-4.6875,42,3.77098119,3.1099999,-,0.75999999,3.13725495,14.11764717,1,12.19999981
Fri Jul 24 18:59:07 GMT+05:00 2026,24-Jul-2026 18:59:07.603,74.26297363,31.53618579,6.599999904632568,3.7900924682617188,171.0853271484375,205.5,-0.36041892,5.87258482,7.81436062,0.01611376,31.37254906,14.06866059,0,0,88,31.37254906,893,-,-7.03125,-,-7.8125,43,3.77098119,3.1099999,-,0.69,3.13725495,14.11764717,1,12.19999981
Fri Jul 24 18:59:08 GMT+05:00 2026,24-Jul-2026 18:59:08.602,74.26295081,31.53613939,5.659999847412109,3.7900924682617188,170.9444580078125,205.6999969482422,-0.57218373,6.1337018,6.74656343,-0.04970926,30.98039246,14.06866059,0,0,88,31.37254906,893,-,-7.8125,-,-7.8125,43,3.77098119,3.04999995,-,0.69,3.13725495,14.11764717,1,12.19999981
Fri Jul 24 18:59:09 GMT+05:00 2026,24-Jul-2026 18:59:09.602,74.26292895,31.53610652,4.579999923706055,3.7900924682617188,171.0765380859375,206.10000610351562,-0.52552366,6.56470871,7.29003334,0.02045399,30.98039246,14.06866059,0,0,88,31.37254906,893,-,-7.8125,-,-7.8125,43,3.77098119,3.04999995,-,0.69,3.13725495,14.11764717,1,12.17500019
Fri Jul 24 18:59:10 GMT+05:00 2026,24-Jul-2026 18:59:10.602,74.26291237,31.53607612,3.930000066757202,3.7900924682617188,171.07598876953125,206.5,-0.75284183,6.58863735,7.2792654,0.02277786,30.98039246,14.06866059,0,0,88,35.68627548,734,-,-8.59375,-,-7.8125,43,3.77098119,3.17000008,-,0.69,3.13725495,14.11764717,1,12.17500019
Fri Jul 24 18:59:11 GMT+05:00 2026,24-Jul-2026 18:59:11.601,74.26289795,31.53604946,3.3399999141693115,3.7900924682617188,171.13739013671875,206.6999969482422,-0.09092726,6.42323351,7.44317389,0.02123636,30.98039246,14.06866059,0,0,88,35.68627548,734,-,-8.59375,-,-7.8125,43,3.77098119,3.17000008,-,0.69,3.13725495,14.11764717,4.5,12.17500019
Fri Jul 24 18:59:12 GMT+05:00 2026,24-Jul-2026 18:59:12.602,74.26288553,31.5360296,2.630000114440918,3.7900924682617188,171.21502685546875,206.6999969482422,0.00478565,6.90209675,7.10100031,0.02844793,30.98039246,14.06866059,0,0,88,36.07843018,739,-,-7.8125,-,-7.8125,43,5.22135857,3.17000008,-,0.69,3.13725495,14.11764717,4.5,12.17500019
Fri Jul 24 18:59:13 GMT+05:00 2026,24-Jul-2026 18:59:13.602,74.26287734,31.53601358,1.8899999856948853,3.7900924682617188,171.27801513671875,206.6999969482422,-0.50159544,6.99302435,6.74775982,0.01091492,30.98039246,14.06866059,0,0,88,36.07843018,739,-,-7.8125,-,-7.8125,43,5.22135857,3.17000008,-,0.69,3.13725495,14.11764717,1,12.35000038
Fri Jul 24 18:59:14 GMT+05:00 2026,24-Jul-2026 18:59:14.602,74.26286907,31.53599783,1.7400000095367432,3.7900924682617188,171.02777099609375,206.39999389648438,0.14476576,7.23858738,6.95114994,0.04211539,30.98039246,14.06866059,0,0,88,36.07843018,739,-,-6.25,-,-7.8125,43,5.22135857,3.25999999,-,0.69,3.13725495,14.11764717,1,12.35000038
Fri Jul 24 18:59:15 GMT+05:00 2026,24-Jul-2026 18:59:15.601,74.26286059,31.53598217,1.840000033378601,3.7900924682617188,171.0972900390625,206.3000030517578,-0.29700911,7.06032228,6.75374174,0.01542574,30.98039246,14.06866059,0,0,88,36.07843018,739,-,-6.25,-,-7.8125,43,5.22135857,3.25999999,-,0.69,3.13725495,14.11764717,1,12.22500038
Fri Jul 24 18:59:16 GMT+05:00 2026,24-Jul-2026 18:59:16.602,74.26285309,31.53596572,1.850000023841858,3.7900924682617188,171.35400390625,205.6999969482422,0.06699903,6.96311378,7.31037235,0.04816276,30.98039246,14.06866059,0,0,88,35.29411697,766,-,-7.03125,-,-7.8125,43,4.93128309,3.25999999,-,0.69,3.13725495,14.11764717,1,12.22500038
Fri Jul 24 18:59:17 GMT+05:00 2026,24-Jul-2026 18:59:17.603,74.26284579,31.53595039,1.7699999809265137,3.7900924682617188,171.19976806640625,205.0,0.11964113,6.9619174,7.15842819,0.03696889,30.98039246,14.06866059,0,0,88,35.29411697,766,-,-7.03125,-,-7.8125,43,4.93128309,3.25999999,-,0.69,3.13725495,14.11764717,1,12.22500038
Fri Jul 24 18:59:18 GMT+05:00 2026,24-Jul-2026 18:59:18.602,74.26283802,31.53593672,1.6299999952316284,3.7900924682617188,171.0999755859375,205.3000030517578,0.02512464,7.21226645,6.90568638,0.03686792,30.98039246,14.06866059,0,0,88,34.50980377,772,-,-7.03125,-,-7.8125,43,5.07632083,3.07999992,-,0.69,3.13725495,14.11764717,1,12.22500038
Fri Jul 24 18:59:19 GMT+05:00 2026,24-Jul-2026 18:59:19.602,74.26282985,31.53592417,1.690000057220459,3.7900924682617188,171.25860595703125,205.60000610351562,-0.37357944,5.1017971,3.5132618,-0.3484093,30.98039246,14.06866059,0,0,88,34.50980377,772,-,-7.03125,-,-7.03125,43,5.07632083,3.07999992,-,0.68000001,3.13725495,14.11764717,1,12.22500038
Fri Jul 24 18:59:20 GMT+05:00 2026,24-Jul-2026 18:59:20.602,74.26282136,31.53591193,1.6299999952316284,3.7900924682617188,170.2777099609375,206.0,-0.27517462,6.83749056,6.99063158,0.01618952,30.98039246,14.06866059,0,0,88,34.50980377,765,-,-7.03125,-,-6.25,43,4.93128309,3.04999995,-,0.66000003,3.13725495,14.11764717,1,12.22500038
Fri Jul 24 18:59:21 GMT+05:00 2026,24-Jul-2026 18:59:21.601,74.26281549,31.5358987,1.590000033378601,3.7900924682617188,169.9755859375,206.39999389648438,0.0741775,7.29481888,6.92363214,0.04424578,30.98039246,14.06866059,0,0,88,34.50980377,765,-,-7.03125,-,-6.25,43,5.22135857,3.01999998,-,0.66000003,3.13725495,14.11764717,1,12.22500038
Fri Jul 24 18:59:22 GMT+05:00 2026,24-Jul-2026 18:59:22.602,74.26281267,31.53588651,1.100000023841858,3.7900924682617188,169.663818359375,206.5,0.48245287,8.51934624,5.47657299,0.05256504,30.98039246,14.06866059,0,0,88,34.50980377,765,-,-6.25,-,-3.90625,43,5.22135857,3.01999998,-,0.25999999,3.13725495,19.2156868,1,12.22500038
Fri Jul 24 18:59:23 GMT+05:00 2026,24-Jul-2026 18:59:23.602,74.26280702,31.53586831,1.899999976158142,3.7900924682617188,168.6749267578125,206.39999389648438,0.50398827,8.02253628,6.09541655,0.0473457,30.98039246,14.06866059,16.86274529,-0.78125,88,34.50980377,765,-,-6.25,-,-3.90625,43,5.22135857,3.01999998,-,0.25999999,10.1960783,19.2156868,1,12.22500038
Fri Jul 24 18:59:24 GMT+05:00 2026,24-Jul-2026 18:59:24.602,74.2627932,31.53584053,3.200000047683716,3.7900924682617188,169.1636962890625,206.60000610351562,0.28145576,7.31755066,5.77687216,-0.03020769,30.98039246,14.06866059,16.86274529,-0.78125,88,34.50980377,1813,-,-2.34375,-,-3.90625,43,5.22135857,12.85999966,-,0.25999999,10.1960783,19.2156868,1,12.22500038
Fri Jul 24 18:59:25 GMT+05:00 2026,24-Jul-2026 18:59:25.601,74.26276973,31.5357875,5.019999980926514,3.7900924682617188,170.1199951171875,206.8000030517578,0.2117648,7.84187794,6.33709145,0.04698914,30.98039246,14.06866059,21.96078491,7.03125,88,34.50980377,1533,-,-2.34375,-,-3.90625,43,10.44271714,12.85999966,-,0.25999999,11.37254906,19.2156868,1,12.22500038
Fri Jul 24 18:59:26 GMT+05:00 2026,24-Jul-2026 18:59:26.602,74.26273957,31.53574172,5.920000076293945,3.7900924682617188,170.518310546875,207.5,-0.14117654,7.53888702,6.17437983,0.01244044,30.98039246,14.06866059,21.96078491,7.03125,88,34.50980377,1533,-,-3.125,-,-3.90625,43,10.44271714,12.85999966,-,0.25999999,11.37254906,19.2156868,23.5,12.17500019
Fri Jul 24 18:59:27 GMT+05:00 2026,24-Jul-2026 18:59:27.602,74.2626968,31.53568451,7.03000020980835,3.7900924682617188,171.150634765625,207.60000610351562,0.46331027,7.84546709,6.29162788,0.04522866,30.98039246,14.06866059,21.96078491,0,88,34.50980377,1758,-,-3.125,-,-3.90625,43,10.87783035,15.73999977,-,0.25999999,12.94117641,19.2156868,23.5,12.17500019
Fri Jul 24 18:59:28 GMT+05:00 2026,24-Jul-2026 18:59:28.601,74.2626556,31.53562017,8.079999923706055,3.7900924682617188,171.0736083984375,207.8000030517578,-0.30658039,7.35463953,6.40409088,0.01358712,30.98039246,14.06866059,30.58823586,0,88,90.19607544,1758,-,-3.125,-,-3.90625,44,10.87783035,15.73999977,-,0.25999999,12.94117641,19.2156868,26.5,12.17500019
Fri Jul 24 18:59:29 GMT+05:00 2026,24-Jul-2026 18:59:29.601,74.26261201,31.53554217,9.029999732971191,3.7900924682617188,171.3818359375,207.89999389648438,0.3699902,7.3067832,6.50967407,0.01726174,30.98039246,14.06866059,30.58823586,0,88,90.19607544,1667,-,-3.125,-,-3.90625,44,10.2976794,17.42000008,-,0.25999999,13.72549057,19.2156868,26.5,12.17500019
Fri Jul 24 18:59:30 GMT+05:00 2026,24-Jul-2026 18:59:30.602,74.2625634,31.53546595,9.84000015258789,3.7900924682617188,172.07891845703125,208.1999969482422,-0.22013968,7.50299454,6.57667303,0.0363068,30.98039246,14.06866059,30.58823586,0,88,98.4313736,1667,-,-3.125,-,-3.90625,43,10.2976794,17.42000008,-,0.25999999,13.72549057,19.2156868,23.5,12.22500038
Fri Jul 24 18:59:31 GMT+05:00 2026,24-Jul-2026 18:59:31.602,74.26251008,31.53538075,10.539999961853027,3.7900924682617188,172.2288818359375,207.6999969482422,-0.16271193,7.38335323,6.29880667,0.00844532,37.64706039,14.06866059,30.98039246,0,88,98.4313736,1667,-,-3.125,-,-3.90625,43,10.2976794,17.42000008,-,0.63,14.50980377,19.2156868,23.5,12.22500038
Fri Jul 24 18:59:32 GMT+05:00 2026,24-Jul-2026 18:59:32.602,74.262454,31.53529085,11.25,3.7900924682617188,172.224365234375,206.89999389648438,-0.18664017,7.38096046,6.14446926,-0.00183398,37.64706039,14.06866059,30.98039246,0,88,98.4313736,1741,-,-3.90625,-,-3.90625,42,11.60301904,17.02000046,-,0.63,14.50980377,22.74509811,24,12.22500038
Fri Jul 24 18:59:33 GMT+05:00 2026,24-Jul-2026 18:59:33.601,74.26239731,31.53519362,11.989999771118164,3.7900924682617188,172.282470703125,206.10000610351562,-0.11964113,7.68754101,6.52163792,0.04671484,37.64706039,14.06866059,31.76470566,0,88,98.4313736,1741,-,-3.90625,-,-3.90625,42,11.60301904,17.02000046,-,0.63999999,14.90196037,22.74509811,24,12.22500038
Fri Jul 24 18:59:34 GMT+05:00 2026,24-Jul-2026 18:59:34.602,74.26233881,31.53509013,12.670000076293945,3.7900924682617188,172.4306640625,205.10000610351562,-0.34606197,7.55324364,6.43400097,0.00809735,37.64706039,14.06866059,31.76470566,0,88,98.4313736,1741,-,-3.90625,-,-3.90625,42,11.60301904,17.02000046,-,0.63999999,14.90196037,22.74509811,24,12.22500038
Fri Jul 24 18:59:35 GMT+05:00 2026,24-Jul-2026 18:59:35.602,74.26228165,31.53497966,13.329999923706055,3.7900924682617188,172.24267578125,204.0,-0.32333016,7.14526749,6.64008284,0.01386392,37.64706039,14.06866059,31.76470566,0,88,98.4313736,1741,-,-3.90625,-,-3.90625,42,11.60301904,17.02000046,-,0.63999999,14.90196037,22.74509811,24,12.22500038
Fri Jul 24 18:59:36 GMT+05:00 2026,24-Jul-2026 18:59:36.603,74.26222063,31.53486386,13.819999694824219,3.7900924682617188,172.08294677734375,203.60000610351562,-0.20817557,7.55922604,6.97507811,0.06769603,37.64706039,14.06866059,31.76470566,0,88,98.4313736,1526,-,-3.90625,-,-3.90625,42,11.60301904,15.55000019,-,0.63999999,14.90196037,22.74509811,24,12.22500038
Fri Jul 24 18:59:37 GMT+05:00 2026,24-Jul-2026 18:59:37.602,74.26216017,31.53474616,14.289999961853027,3.7900924682617188,171.78594970703125,203.3000030517578,0.0837488,7.2290163,6.31077051,-0.00277042,37.64706039,14.06866059,31.76470566,0,88,100,1526,-,-3.90625,-,-3.90625,42,11.60301904,15.55000019,-,0.63499999,14.90196037,22.74509811,21.5,12.17500019
Fri Jul 24 18:59:38 GMT+05:00 2026,24-Jul-2026 18:59:38.602,74.2620985,31.53462074,14.729999542236328,3.7900924682617188,171.5751953125,203.10000610351562,-0.03589234,7.06271505,6.47737074,-0.0041095,37.64706039,14.06866059,30.98039246,0,88,100,1562,-,-3.90625,-,-3.90625,42,10.87783035,13.02999973,-,0.63499999,14.50980377,22.74509811,21.5,12.17500019
Fri Jul 24 18:59:39 GMT+05:00 2026,24-Jul-2026 18:59:39.601,74.26203356,31.53449769,15.180000305175781,3.7900924682617188,171.2974853515625,203.1999969482422,-0.25722843,6.30478859,7.08185768,-0.01410794,37.64706039,14.06866059,30.98039246,0,88,83.52941132,1562,-,-4.6875,-,-8.59375,42,10.87783035,13.02999973,-,0.815,14.50980377,14.11764717,4,12.19999981
Fri Jul 24 18:59:40 GMT+05:00 2026,24-Jul-2026 18:59:40.602,74.26196423,31.5343691,15.130000114440918,3.7900924682617188,170.787841796875,203.8000030517578,0.1268196,6.88534737,7.27567625,0.04019886,32.54901886,14.06866059,0,0,88,83.52941132,1562,-,-4.6875,-,-8.59375,42,4.06105666,5.53999996,-,0.815,5.09803915,14.11764717,4,12.19999981
Fri Jul 24 18:59:41 GMT+05:00 2026,24-Jul-2026 18:59:41.602,74.26190435,31.53424931,14.960000038146973,3.7900924682617188,170.9525146484375,204.3000030517578,-0.25004998,7.43121004,7.0591259,0.06412143,32.54901886,14.06866059,0,0,88,83.52941132,1562,-,0,-,-0.78125,42,4.06105666,5.53999996,-,0.085,5.09803915,14.11764717,4,12.19999981
Fri Jul 24 18:59:42 GMT+05:00 2026,24-Jul-2026 18:59:42.601,74.26184086,31.53412485,14.949999809265137,3.7900924682617188,170.62213134765625,204.89999389648438,0.24167509,7.38813925,6.6352973,0.03156739,35.68627548,14.06866059,0,-100,88,83.52941132,1717,-,0,-,-0.78125,42,9.57249071,5.53999996,-,0.085,10.98039246,14.11764717,4,12.19999981
Fri Jul 24 18:59:43 GMT+05:00 2026,24-Jul-2026 18:59:43.602,74.26177528,31.53400172,15.180000305175781,3.7900924682617188,170.52142333984375,205.5,-0.41904306,7.46590567,7.31156874,0.08507746,35.68627548,14.06866059,0,-100,88,83.52941132,1717,-,-1.5625,-,-5.46875,42,9.57249071,5.53999996,-,0.83499998,10.98039246,14.11764717,15.5,12.19999981
Fri Jul 24 18:59:44 GMT+05:00 2026,24-Jul-2026 18:59:44.602,74.26170524,31.53388063,15.390000343322754,3.7900924682617188,170.54388427734375,205.89999389648438,-0.71694946,6.13130903,7.1440711,-0.01854867,30.98039246,14.06866059,0,0,88,83.52941132,1717,-,-1.5625,-,-5.46875,42,3.0457925,5.53999996,-,0.83499998,3.13725495,14.11764717,15.5,12.19999981
Fri Jul 24 18:59:45 GMT+05:00 2026,24-Jul-2026 18:59:45.601,74.26163543,31.53376119,15.119999885559082,3.7900924682617188,170.9398193359375,205.89999389648438,0.55423754,5.73739052,5.27647305,-0.18441761,30.98039246,14.06866059,0,0,88,25.49019623,1475,-,0,-,-5.46875,42,3.0457925,3.20000005,-,0.83499998,3.13725495,14.11764717,15.5,12.19999981
Fri Jul 24 18:59:46 GMT+05:00 2026,24-Jul-2026 18:59:46.601,74.26156896,31.53363977,14.880000114440918,3.7900924682617188,170.4906005859375,205.3000030517578,-1.12043917,7.7174511,6.72861719,0.06894273,30.98039246,14.06866059,5.88235283,-44.53125,88,25.49019623,1475,-,0,-,2.34375,42,3.0457925,3.20000005,-,0.05,3.13725495,17.64705849,24,12.22500038
Fri Jul 24 18:59:47 GMT+05:00 2026,24-Jul-2026 18:59:47.602,74.26150385,31.53351848,14.960000038146973,3.7900924682617188,170.3641357421875,205.10000610351562,-0.91585284,7.19192743,7.04117966,0.04922158,31.76470566,14.06866059,5.88235283,-44.53125,88,22.74509811,1475,-,0,-,2.34375,42,5.22135857,3.20000005,-,0.05,4.31372547,17.64705849,24,12.22500038
Fri Jul 24 18:59:48 GMT+05:00 2026,24-Jul-2026 18:59:48.602,74.26143992,31.53339669,14.850000381469727,3.7900924682617188,170.18359375,205.39999389648438,0.03469593,6.88654375,6.95713186,0.01687413,31.76470566,14.06866059,5.88235283,-44.53125,88,22.74509811,1475,-,0,-,0,42,5.22135857,3.20000005,-,0.03,4.31372547,17.64705849,15.5,12.22500038
Fri Jul 24 18:59:49 GMT+05:00 2026,24-Jul-2026 18:59:49.602,74.26137242,31.53327665,14.670000076293945,3.7900924682617188,170.3431396484375,206.10000610351562,-0.05024927,7.26610518,6.53838778,0.01542538,34.50980377,14.06866059,5.88235283,-44.53125,88,22.74509811,1668,-,0,-,0,42,7.10684916,12.10999966,-,0.03,8.62745094,17.64705849,15.5,12.22500038
Fri Jul 24 18:59:50 GMT+05:00 2026,24-Jul-2026 18:59:50.601,74.26130478,31.53315566,14.779999732971191,3.7900924682617188,170.2872314453125,206.5,-0.41784665,6.18155813,6.31914568,-0.07888609,34.50980377,14.06866059,5.88235283,-44.53125,88,72.54901886,1668,-,0,-,-5.46875,42,7.10684916,12.10999966,-,0.85000002,8.62745094,14.11764717,12.5,12.125
Fri Jul 24 18:59:51 GMT+05:00 2026,24-Jul-2026 18:59:51.602,74.26123483,31.53303297,14.890000343322754,3.7900924682617188,170.19647216796875,206.5,-0.47288159,6.88534737,6.1049881,-0.04172832,34.50980377,14.06866059,0,-44.53125,88,72.54901886,1668,-,0,-,-5.46875,42,3.19083024,3.23000002,-,0.85000002,3.13725495,14.11764717,12.5,12.125
Fri Jul 24 18:59:52 GMT+05:00 2026,24-Jul-2026 18:59:52.602,74.26117164,31.53291478,14.630000114440918,3.7900924682617188,170.3289794921875,206.10000610351562,0.20219351,6.65563631,7.19910622,0.01863313,34.50980377,14.06866059,0,-44.53125,88,40.39215851,1438,-,0,-,-5.46875,43,3.19083024,3.23000002,-,0.85000002,3.13725495,14.11764717,4.5,12.125
Fri Jul 24 18:59:53 GMT+05:00 2026,24-Jul-2026 18:59:53.602,74.26110398,31.5327948,14.550000190734863,3.7900924682617188,170.323974609375,206.39999389648438,-0.47168517,6.53958416,7.16321373,0.00889117,30.98039246,14.06866059,0,0,88,40.39215851,1438,-,0,-,0,43,3.0457925,3.23000002,-,0.075,3.13725495,14.11764717,4.5,12.125
Fri Jul 24 18:59:54 GMT+05:00 2026,24-Jul-2026 18:59:54.602,74.26103874,31.53267986,14.260000228881836,3.7900924682617188,170.3111572265625,207.10000610351562,-0.57218373,6.57428026,6.64008284,-0.02671015,30.98039246,14.06866059,0,0,88,40.39215851,1438,-,0,-,0,43,3.0457925,3.17000008,-,0.075,3.13725495,14.11764717,22.5,12.375
Fri Jul 24 18:59:55 GMT+05:00 2026,24-Jul-2026 18:59:55.602,74.26096558,31.53257103,14.119999885559082,3.7900924682617188,170.2633056640625,207.60000610351562,0.02871387,7.53529739,6.87577581,0.05884439,34.11764526,14.06866059,3.13725495,0,88,40.39215851,1438,-,0,-,0,43,7.2518869,3.17000008,-,0.075,7.84313726,14.11764717,22.5,12.375
Fri Jul 24 18:59:56 GMT+05:00 2026,24-Jul-2026 18:59:56.602,74.26089519,31.53245684,14.210000038146973,3.7900924682617188,170.317626953125,207.60000610351562,-0.16151553,7.20269537,6.88175774,0.03460711,34.11764526,14.06866059,3.13725495,0,88,90.19607544,1588,-,-4.6875,-,0,43,7.2518869,11.13000011,-,0.075,7.84313726,14.11764717,21.5,12.375
Fri Jul 24 18:59:57 GMT+05:00 2026,24-Jul-2026 18:59:57.602,74.26082585,31.53234223,14.5,3.7900924682617188,170.61456298828125,207.60000610351562,-0.01555335,7.42522764,6.74058151,0.04126745,34.11764526,14.06866059,0,0,88,90.19607544,1588,-,-4.6875,-,-6.25,43,7.2518869,11.13000011,-,0.80000001,15.29411793,14.11764717,21.5,12.07499981
Fri Jul 24 18:59:58 GMT+05:00 2026,24-Jul-2026 18:59:58.603,74.26075278,31.53221992,14.850000381469727,3.7900924682617188,170.8287353515625,208.1999969482422,-1.71296191,7.09980392,7.12732124,0.05925566,34.11764526,14.06866059,0,0,87,90.19607544,1542,-,-5.46875,-,-6.25,43,7.2518869,11.13000011,-,0.80000001,15.29411793,14.11764717,21.5,12.07499981
Fri Jul 24 18:59:59 GMT+05:00 2026,24-Jul-2026 18:59:59.602,74.26067988,31.53210104,15.109999656677246,3.7900924682617188,171.10906982421875,208.8000030517578,0.12562318,7.07587576,6.98584557,0.0326733,34.11764526,14.06866059,0,0,87,90.19607544,1542,-,-5.46875,-,-7.03125,43,7.2518869,11.13000011,-,0.63999999,8.23529434,14.11764717,21.5,12.07499981
Fri Jul 24 19:00:00 GMT+05:00 2026,24-Jul-2026 19:00:00.602,74.2606031,31.53198119,15.270000457763672,3.7900924682617188,171.0821533203125,209.0,-0.16031912,6.9619174,6.44596529,-0.01370382,34.11764526,14.06866059,0,0,87,90.19607544,1542,-,-3.90625,-,-7.03125,43,7.2518869,9.27999973,-,0.63999999,8.23529434,23.92156792,20.5,12.07499981
Fri Jul 24 19:00:01 GMT+05:00 2026,24-Jul-2026 19:00:01.602,74.26052612,31.53185561,15.550000190734863,3.7900924682617188,170.9669189453125,208.60000610351562,0.18424734,7.01844788,5.79362202,-0.05310291,34.11764526,14.06866059,0,0,87,90.19607544,1542,-,-3.90625,-,-4.6875,43,7.2518869,9.27999973,-,0.66000003,8.23529434,23.92156792,20.5,12.19999981
Fri Jul 24 19:00:02 GMT+05:00 2026,24-Jul-2026 19:00:02.602,74.2604505,31.53172868,15.920000076293945,3.7900924682617188,171.3258056640625,207.60000610351562,0.68344998,8.13021278,8.6593256,0.2317968,34.11764526,14.06866059,0,0,87,90.19607544,1542,-,-3.90625,-,-4.6875,43,7.2518869,9.27999973,-,0.66000003,8.23529434,23.92156792,20.5,12.19999981
Fri Jul 24 19:00:03 GMT+05:00 2026,24-Jul-2026 19:00:03.603,74.26037507,31.5315957,16.290000915527344,3.7900924682617188,171.33880615234375,207.3000030517578,0.57696939,6.88295412,6.76092052,0.00424957,34.11764526,14.06866059,0,0,87,90.19607544,1542,-,-3.90625,-,-4.6875,43,7.2518869,9.27999973,-,0.66000003,8.23529434,23.92156792,20.5,12.19999981
Fri Jul 24 19:00:04 GMT+05:00 2026,24-Jul-2026 19:00:04.602,74.26029098,31.53146262,16.639999389648438,3.7900924682617188,171.33837890625,207.8000030517578,0.44656053,7.37497854,6.95593548,0.0534187,36.07843018,14.06866059,0,0,87,90.19607544,1542,-,-3.90625,-,-4.6875,43,7.2518869,9.27999973,-,0.66000003,11.37254906,23.92156792,20.5,12.19999981
Fri Jul 24 19:00:05 GMT+05:00 2026,24-Jul-2026 19:00:05.601,74.26020495,31.53132979,16.889999389648438,3.7900924682617188,170.98095703125,208.3000030517578,-0.06460621,7.50179815,6.96550655,0.06254321,36.07843018,14.06866059,0,0,87,90.19607544,1542,-,5.46875,-,-4.6875,43,11.02286809,13.19999981,-,0.66000003,11.37254906,20.3921566,23,12.25
Fri Jul 24 19:00:06 GMT+05:00 2026,24-Jul-2026 19:00:06.602,74.26012007,31.53118964,17.18000030517578,3.7900924682617188,171.14874267578125,208.39999389648438,-0.24047868,7.22423077,6.90807915,0.03820938,36.07843018,14.06866059,21.96078491,0,87,90.19607544,1542,-,5.46875,-,-4.6875,43,11.16790583,12.69999981,-,0.66000003,11.76470566,20.3921566,23,12.25
Fri Jul 24 19:00:07 GMT+05:00 2026,24-Jul-2026 19:00:07.603,74.26003401,31.53104915,17.479999542236328,3.7900924682617188,171.0111083984375,208.0,0.02632105,7.40967464,7.2158556,0.0733071,36.07843018,14.06866059,21.96078491,0,87,94.90196228,1361,-,5.46875,-,-4.6875,42,11.16790583,12.69999981,-,0.66000003,11.76470566,20.3921566,23,12.25
Fri Jul 24 19:00:08 GMT+05:00 2026,24-Jul-2026 19:00:08.602,74.25994729,31.53090477,17.790000915527344,3.7900924682617188,170.7880859375,207.89999389648438,0.31615168,6.40648365,6.08105946,-0.08001328,32.94117737,14.06866059,21.96078491,21.875,87,94.90196228,1311,-,5.46875,-,-4.6875,42,6.67173595,6.46000004,-,0.66000003,6.27450991,20.3921566,23,12.25
Fri Jul 24 19:00:09 GMT+05:00 2026,24-Jul-2026 19:00:09.602,74.25986351,31.53076182,17.889999389648438,3.7900924682617188,170.44696044921875,208.0,0.45373899,7.08425045,6.92602491,0.02998644,32.94117737,14.06866059,3.13725495,21.875,87,94.90196228,1311,-,5.46875,-,-4.6875,42,6.67173595,6.46000004,-,0.66000003,6.27450991,20.3921566,23,12.17500019
Fri Jul 24 19:00:10 GMT+05:00 2026,24-Jul-2026 19:00:10.602,74.25977409,31.53061869,17.959999084472656,3.7900924682617188,170.60394287109375,208.3000030517578,-0.05503492,6.83390141,6.97388172,0.01433468,34.90196228,14.06866059,3.13725495,21.875,87,87.05882263,1474,-,5.46875,-,-4.6875,42,9.42745297,12.10999966,-,0.66000003,9.8039217,20.3921566,23,12.17500019
Fri Jul 24 19:00:11 GMT+05:00 2026,24-Jul-2026 19:00:11.603,74.25968407,31.53047606,18.110000610351562,3.7900924682617188,170.55126953125,208.3000030517578,-0.29102704,7.31396151,6.7417779,0.03341347,34.90196228,14.06866059,19.2156868,0,87,87.05882263,1474,-,5.46875,-,-3.90625,42,9.42745297,12.10999966,-,0.64499998,9.8039217,19.2156868,25,12.19999981
Fri Jul 24 19:00:12 GMT+05:00 2026,24-Jul-2026 19:00:12.602,74.25959304,31.53032685,18.329999923706055,3.7900924682617188,170.6375732421875,208.0,0.11365908,6.41485834,6.13848734,-0.03261864,35.29411697,14.06866059,19.2156868,0,87,87.05882263,1442,-,-4.6875,-,-3.90625,42,9.42745297,11.61999989,-,0.64499998,10.1960783,19.2156868,25,12.19999981
Fri Jul 24 19:00:13 GMT+05:00 2026,24-Jul-2026 19:00:13.602,74.25950083,31.53017742,18.540000915527344,3.7900924682617188,170.45111083984375,207.89999389648438,0.1052842,6.64606476,6.47378159,-0.03517646,35.29411697,14.06866059,22.35294151,0,87,87.05882263,1442,-,-4.6875,-,-3.90625,42,9.42745297,11.61999989,-,0.64499998,10.5882349,19.2156868,24.5,12.17500019
Fri Jul 24 19:00:14 GMT+05:00 2026,24-Jul-2026 19:00:14.603,74.25940768,31.53002918,18.790000915527344,3.7900924682617188,170.412109375,207.8000030517578,-0.17347965,6.84227657,6.55513763,-0.0149281,35.29411697,14.06866059,22.35294151,0,87,87.05882263,1442,-,-4.6875,-,-3.90625,42,10.00760392,11.61999989,-,0.64499998,10.5882349,19.2156868,24.5,12.17500019
Fri Jul 24 19:00:15 GMT+05:00 2026,24-Jul-2026 19:00:15.602,74.25931293,31.52988028,18.979999542236328,3.7900924682617188,170.3701171875,207.8000030517578,0.0849452,7.15124941,7.50179815,0.07553226,35.29411697,14.06866059,0,0,87,87.05882263,1442,-,-4.6875,-,-4.6875,42,10.00760392,11.61999989,-,0.65499997,3.13725495,18.43137169,25,12.17500019
Fri Jul 24 19:00:16 GMT+05:00 2026,24-Jul-2026 19:00:16.602,74.25921959,31.52972658,19.0,3.7900924682617188,170.31134033203125,207.8000030517578,-0.12562318,6.74058151,7.06391144,0.01438588,31.37254906,14.06866059,0,0,87,24.31372643,1442,-,-4.6875,-,-4.6875,42,3.48090571,3.23000002,-,0.65499997,3.13725495,18.43137169,25,12.17500019
Fri Jul 24 19:00:17 GMT+05:00 2026,24-Jul-2026 19:00:17.602,74.25912682,31.52957657,18.690000534057617,3.7900924682617188,170.1993408203125,207.8000030517578,0.25842485,6.60538673,7.498209,0.03796548,31.37254906,14.06866059,0,0,87,24.31372643,1442,-,-4.6875,-,0,42,3.48090571,3.23000002,-,0,3.13725495,14.11764717,-12.5,12.60000038
Fri Jul 24 19:00:18 GMT+05:00 2026,24-Jul-2026 19:00:18.602,74.25903406,31.52942826,18.3799991607666,3.7900924682617188,170.0421142578125,207.8000030517578,0.56380886,6.95234632,7.57358265,0.06856364,31.37254906,14.06866059,0,0,87,24.31372643,1442,-,-4.6875,-,0,42,3.33586797,3.23000002,-,0,3.13725495,14.11764717,-12.5,12.60000038
Fri Jul 24 19:00:19 GMT+05:00 2026,24-Jul-2026 19:00:19.601,74.25894102,31.52928856,18.06999969482422,3.7900924682617188,169.87811279296875,207.8000030517578,-0.33529428,6.87936497,7.81316423,0.08072752,31.37254906,14.06866059,0,0,87,24.31372643,1442,-,-4.6875,-,0,42,3.33586797,3.23000002,-,0,3.13725495,14.11764717,-12.5,13.19999981
Fri Jul 24 19:00:20 GMT+05:00 2026,24-Jul-2026 19:00:20.601,74.25885412,31.5291463,17.780000686645508,3.7900924682617188,169.935302734375,207.8000030517578,-0.23569304,6.75972414,7.37138939,0.03881031,31.37254906,14.06866059,0,0,87,24.31372643,1270,-,0,-,0,43,3.33586797,3.23000002,-,0,3.13725495,14.11764717,-12.5,13.19999981
Fri Jul 24 19:00:21 GMT+05:00 2026,24-Jul-2026 19:00:21.602,74.25876974,31.52900807,17.479999542236328,3.7900924682617188,170.2213134765625,207.8000030517578,0.06819545,6.37896585,7.34147882,0.01042724,31.37254906,14.06866059,0,0,87,24.31372643,1270,-,0,-,0,43,3.33586797,3.23000002,-,0,3.13725495,14.11764717,-12.5,13.69999981
Fri Jul 24 19:00:22 GMT+05:00 2026,24-Jul-2026 19:00:22.603,74.25868576,31.52887068,17.209999084472656,3.7900924682617188,170.85498046875,207.8000030517578,0.15912271,6.82911587,7.3223362,0.03978771,31.37254906,14.06866059,0,0,87,24.31372643,1270,-,0,-,0,43,3.91601893,3.07999992,-,0,4.70588255,14.11764717,-12.5,13.69999981
Fri Jul 24 19:00:23 GMT+05:00 2026,24-Jul-2026 19:00:23.601,74.2586009,31.5287349,17.030000686645508,3.7900924682617188,170.647216796875,207.89999389648438,0.48364928,7.25533724,7.39531755,0.07622045,31.37254906,14.06866059,0,0,87,24.31372643,1270,-,0,-,0,43,3.91601893,3.07999992,-,0,4.70588255,14.11764717,-11,13.69999981
Fri Jul 24 19:00:24 GMT+05:00 2026,24-Jul-2026 19:00:24.601,74.25851674,31.52859982,16.75,3.7900924682617188,171.02239990234375,208.10000610351562,0.22372891,6.61735106,6.42682266,-0.04039657,31.37254906,14.06866059,0,0,87,56.07843018,1270,-,0,-,0,43,3.91601893,7.3499999,-,0,3.13725495,14.11764717,-11,13.69999981
Fri Jul 24 19:00:25 GMT+05:00 2026,24-Jul-2026 19:00:25.601,74.25843509,31.52846751,16.559999465942383,3.7900924682617188,170.8519287109375,208.3000030517578,0.31136605,7.29242611,6.80877686,0.03651029,31.37254906,14.06866059,0,0,87,56.07843018,1270,-,0,-,0,43,3.91601893,7.3499999,-,0,3.13725495,20.7843132,20,13.60000038
Fri Jul 24 19:00:26 GMT+05:00 2026,24-Jul-2026 19:00:26.602,74.25835184,31.52833489,16.81999969482422,3.7900924682617188,171.0771484375,208.5,0.2105684,7.12373209,7.40249586,0.06646615,31.37254906,14.06866059,0,0,87,53.33333206,1270,-,0,-,0,43,3.91601893,14.30000019,-,0,14.90196037,20.7843132,20,13.60000038
Fri Jul 24 19:00:27 GMT+05:00 2026,24-Jul-2026 19:00:27.602,74.25826448,31.528201,17.040000915527344,3.7900924682617188,170.99737548828125,208.60000610351562,0.10408778,6.82433033,7.39292479,0.04465669,31.37254906,14.06866059,0,0,87,53.33333206,1270,-,0,-,0,43,3.91601893,14.30000019,-,0,14.90196037,14.11764717,-10,13.27499962
Fri Jul 24 19:00:28 GMT+05:00 2026,24-Jul-2026 19:00:28.602,74.25817872,31.52806907,16.799999237060547,3.7900924682617188,170.977783203125,208.5,-0.47168517,6.97029257,6.51206684,-0.00743967,30.98039246,14.06866059,0,0,87,40,1196,-,0,-,0,43,3.91601893,3.17000008,-,0,3.13725495,14.11764717,-10,13.27499962
Fri Jul 24 19:00:29 GMT+05:00 2026,24-Jul-2026 19:00:29.602,74.2580944,31.52793783,16.559999465942383,3.7900924682617188,170.84033203125,208.39999389648438,-0.01316052,7.14646387,6.38853741,-0.00386506,30.98039246,14.06866059,0,0,87,40,1196,-,0,-,0,43,3.91601893,3.17000008,-,0,3.13725495,14.11764717,-10,13.27499962
Fri Jul 24 19:00:30 GMT+05:00 2026,24-Jul-2026 19:00:30.602,74.25801017,31.52780402,16.770000457763672,3.7900924682617188,170.795654296875,208.3000030517578,0.12323037,7.39531755,6.14088011,-0.0010469,30.98039246,14.06866059,0,0,87,40,1196,-,0,-,0,43,3.91601893,3.17000008,-,0,3.13725495,14.11764717,-10,13.27499962
Fri Jul 24 19:00:31 GMT+05:00 2026,24-Jul-2026 19:00:31.602,74.25792311,31.5276714,17.209999084472656,3.7900924682617188,170.7572021484375,208.3000030517578,1.17906332,7.93280506,7.00857735,0.10470933,30.98039246,14.06866059,0,0,87,40,1196,-,0,-,0,43,3.91601893,3.17000008,-,0,3.13725495,14.11764717,-10,13.27499962
Fri Jul 24 19:00:32 GMT+05:00 2026,24-Jul-2026 19:00:32.602,74.25783025,31.52753079,17.729999542236328,3.7900924682617188,171.06890869140625,209.1999969482422,0.61166531,7.38454962,6.49292421,0.02329093,30.98039246,14.06866059,0,0,87,40,1196,-,-0.78125,-,-0.78125,43,3.91601893,3.17000008,-,0.63,3.13725495,35.68627548,17,13.27499962
Fri Jul 24 19:00:33 GMT+05:00 2026,24-Jul-2026 19:00:33.602,74.2577333,31.52738609,18.440000534057617,3.7900924682617188,171.0050048828125,210.5,0.57098728,7.36301422,6.29402065,0.0081268,30.98039246,14.06866059,0,-0.78125,86,40,1196,-,-0.78125,-,-0.78125,43,13.48850963,3.17000008,-,0.63,33.33333206,35.68627548,17,13.27499962
Fri Jul 24 19:00:34 GMT+05:00 2026,24-Jul-2026 19:00:34.601,74.2576253,31.52723659,19.190000534057617,3.7900924682617188,170.79876708984375,211.60000610351562,-0.10049855,7.815557,6.40528727,0.04912025,30.98039246,14.06866059,47.05882263,-0.78125,86,100,1196,-,-0.78125,-,-0.78125,43,13.48850963,3.17000008,-,0.63,33.33333206,36.47058868,17,13.27499962
Fri Jul 24 19:00:35 GMT+05:00 2026,24-Jul-2026 19:00:35.602,74.25751823,31.52708232,19.8700008392334,3.7900924682617188,170.6243896484375,210.3000030517578,0.06819545,6.54317331,6.52163792,-0.0392589,30.98039246,14.06866059,47.05882263,-0.78125,86,100,2459,-,-0.78125,-,-0.78125,43,13.48850963,31.76000023,-,0.63,36.07843018,36.47058868,17,13.27499962
Fri Jul 24 19:00:36 GMT+05:00 2026,24-Jul-2026 19:00:36.601,74.25741162,31.52692166,20.440000534057617,3.7900924682617188,170.5323486328125,209.8000030517578,0.28384858,7.44795942,6.9116683,0.05517048,30.98039246,14.06866059,26.27450943,-0.78125,86,100,2459,-,-0.78125,-,-10.15625,42,13.48850963,31.76000023,-,0.85500002,36.07843018,14.50980377,17,13.27499962
Fri Jul 24 19:00:37 GMT+05:00 2026,24-Jul-2026 19:00:37.601,74.25730732,31.52675949,20.489999771118164,3.7900924682617188,170.429931640625,209.1999969482422,0.14237295,8.71107101,5.72183704,0.0815044,82.35294342,14.06866059,26.27450943,-0.78125,86,92.15686035,2972,-,-0.78125,-,-10.15625,42,13.48850963,31.76000023,-,0.85500002,92.54901886,14.50980377,17,13.27499962
Fri Jul 24 19:00:38 GMT+05:00 2026,24-Jul-2026 19:00:38.602,74.25720344,31.52659343,20.850000381469727,3.7900924682617188,170.69140625,208.39999389648438,0.23210379,8.276474,5.96261501,0.05908841,82.35294342,14.06866059,26.27450943,0,86,92.15686035,2972,-,-0.78125,-,0,42,13.48850963,31.76000023,-,0.85500002,92.15686035,14.50980377,16.5,14
Fri Jul 24 19:00:39 GMT+05:00 2026,24-Jul-2026 19:00:39.602,74.25709423,31.526415,22.280000686645508,3.7900924682617188,170.50616455078125,207.8000030517578,0.04785645,8.53848839,5.9075799,0.0774141,82.35294342,14.06866059,26.27450943,0,86,94.50980377,5241,-,-0.78125,-,0,42,13.48850963,31.76000023,-,0.85500002,92.15686035,14.50980377,16.5,14
Fri Jul 24 19:00:40 GMT+05:00 2026,24-Jul-2026 19:00:40.602,74.25697661,31.52622266,23.979999542236328,3.7900924682617188,170.462646484375,206.89999389648438,1.32981122,8.26690292,5.62014198,0.04697627,82.35294342,14.06866059,0,0,86,94.50980377,5241,-,-0.78125,-,0,42,13.48850963,31.76000023,-,0.86000001,92.54901886,14.50980377,16.5,14
Fri Jul 24 19:00:41 GMT+05:00 2026,24-Jul-2026 19:00:41.602,74.25685857,31.52601653,25.6200008392334,3.7900924682617188,170.225341796875,206.8000030517578,0.97447699,7.55444002,6.09302378,0.01331025,82.35294342,14.06866059,0,0,86,99.60784149,5841,-,-0.78125,-,0,42,13.63354737,88.33999634,-,0.86000001,92.54901886,40.7843132,16.5,14
Fri Jul 24 19:00:42 GMT+05:00 2026,24-Jul-2026 19:00:42.602,74.25672422,31.52579699,27.06999969482422,3.7900924682617188,169.8798828125,207.60000610351562,1.10249305,7.4766736,6.56590557,0.03952557,51.76470566,14.06866059,0,0,86,99.60784149,5841,-,-0.78125,-,-4.6875,42,13.63354737,88.33999634,-,0.52499998,61.17647171,40.7843132,16.5,14.02499962
Fri Jul 24 19:00:43 GMT+05:00 2026,24-Jul-2026 19:00:43.602,74.2565877,31.52557476,27.979999542236328,3.7900924682617188,169.676025390625,207.89999389648438,-0.06819545,7.19910622,6.70588541,0.02192897,51.76470566,14.06866059,0,0,86,100,3127,-,-0.78125,-,-4.6875,42,13.77858511,46.49000168,-,0.52499998,61.17647171,40.7843132,15.5,14.02499962
Fri Jul 24 19:00:44 GMT+05:00 2026,24-Jul-2026 19:00:44.602,74.25644695,31.52534824,28.600000381469727,3.7900924682617188,169.86151123046875,208.0,0.39391842,7.99262571,6.96550655,0.10046977,64.31372833,14.06866059,0,0,86,100,3127,-,-0.78125,-,-2.34375,42,13.77858511,46.49000168,-,0.625,60.7843132,55.68627548,15.5,13.69999981
Fri Jul 24 19:00:45 GMT+05:00 2026,24-Jul-2026 19:00:45.603,74.2563019,31.52511626,29.170000076293945,3.7900924682617188,169.7730712890625,207.60000610351562,0.53030932,7.27806902,6.81236601,0.03663272,64.31372833,14.06866059,0,0,86,100,3225,-,-2.34375,-,-2.34375,41,13.77858511,46.49000168,-,0.625,60.7843132,55.68627548,15,13.69999981
Fri Jul 24 19:00:46 GMT+05:00 2026,24-Jul-2026 19:00:46.602,74.2561604,31.52487611,29.739999771118164,3.7900924682617188,169.4383544921875,207.39999389648438,1.10488582,7.54606533,7.30199718,0.09530503,64.31372833,14.06866059,0,0,86,100,3225,-,-2.34375,-,-2.34375,41,13.77858511,46.49000168,-,0.63,60.7843132,55.68627548,15,13.69999981
Fri Jul 24 19:00:47 GMT+05:00 2026,24-Jul-2026 19:00:47.602,74.25601315,31.52463419,30.31999969482422,3.7900924682617188,169.60205078125,207.39999389648438,0.83300138,7.34746122,6.83150864,0.04521841,64.31372833,14.06866059,0,0,86,100,3325,-,-1.5625,-,-1.5625,41,13.77858511,42.81999969,-,0.66500002,60.7843132,55.68627548,15,13.69999981
Fri Jul 24 19:00:48 GMT+05:00 2026,24-Jul-2026 19:00:48.602,74.25586171,31.52438752,30.899999618530273,3.7900924682617188,169.369384765625,207.60000610351562,0.53270215,7.34985399,6.55154848,0.02413458,64.31372833,14.06866059,0,0,86,100,3325,-,-1.5625,-,-1.5625,41,13.77858511,42.81999969,-,0.66500002,60.7843132,55.68627548,15,13.69999981
Fri Jul 24 19:00:49 GMT+05:00 2026,24-Jul-2026 19:00:49.602,74.25570608,31.52413704,31.469999313354492,3.7900924682617188,169.37518310546875,207.6999969482422,-0.12562318,6.45463896,7.01336336,-0.00930434,64.31372833,14.06866059,0,0,86,100,3430,-,-3.125,-,-1.5625,41,13.77858511,42.81999969,-,0.66500002,60.7843132,55.68627548,-4.5,12.47500038
Fri Jul 24 19:00:50 GMT+05:00 2026,24-Jul-2026 19:00:50.603,74.25554947,31.5238867,31.440000534057617,3.7900924682617188,169.2918701171875,207.60000610351562,-0.21415763,6.44835806,7.01216698,-0.00966662,64.31372833,14.06866059,0,0,86,100,3430,-,-3.125,-,-5.46875,41,2.75571702,42.81999969,-,0.79000002,3.52941179,55.68627548,-4.5,12.47500038
Fri Jul 24 19:00:51 GMT+05:00 2026,24-Jul-2026 19:00:51.602,74.25539677,31.52363738,31.020000457763672,3.7900924682617188,169.03076171875,207.5,0.75643104,6.9619174,7.34028244,0.05314475,64.31372833,14.06866059,0,0,86,18.8235302,1889,-,0,-,-5.46875,41,2.75571702,3.6400001,-,0.79000002,3.52941179,55.68627548,-4.5,12.77499962
Fri Jul 24 19:00:52 GMT+05:00 2026,24-Jul-2026 19:00:52.602,74.25524776,31.523391,30.600000381469727,3.7900924682617188,169.0196533203125,207.3000030517578,-0.40109691,7.25174809,7.31874704,0.0700509,31.37254906,14.06866059,0,0,87,18.8235302,1889,-,0,-,0,41,2.75571702,3.6400001,-,0,3.52941179,55.68627548,-4.5,12.77499962
Fri Jul 24 19:00:53 GMT+05:00 2026,24-Jul-2026 19:00:53.603,74.25510218,31.52314937,30.170000076293945,3.7900924682617188,168.73992919921875,207.10000610351562,0.02632105,5.91954422,6.6352973,-0.07457113,31.37254906,14.06866059,0,0,87,19.2156868,1761,-,0,-,0,41,2.75571702,3.6400001,-,0,3.52941179,55.68627548,-12.5,13.375
Fri Jul 24 19:00:54 GMT+05:00 2026,24-Jul-2026 19:00:54.602,74.25495811,31.52290915,29.760000228881836,3.7900924682617188,168.776123046875,207.0,-0.39511484,6.99780989,7.45753098,0.06224841,31.37254906,14.06866059,0,0,87,19.2156868,1685,-,0,-,0,41,2.75571702,3.25999999,-,0,3.52941179,55.68627548,-12.5,13.375
Fri Jul 24 19:00:55 GMT+05:00 2026,24-Jul-2026 19:00:55.602,74.25481997,31.5226728,29.329999923706055,3.7900924682617188,169.14190673828125,207.10000610351562,-0.35443684,6.4594245,7.54127979,0.03182656,31.37254906,14.06866059,0,0,87,20,1685,-,0,-,0,41,2.75571702,3.25999999,-,0,3.52941179,14.11764717,-13,13.85000038
Fri Jul 24 19:00:56 GMT+05:00 2026,24-Jul-2026 19:00:56.602,74.25468234,31.52244219,28.899999618530273,3.7900924682617188,169.39886474609375,207.60000610351562,0.61286169,7.56520796,8.0500536,0.14682513,31.37254906,14.06866059,0,0,87,20,1976,-,0,-,0,41,3.48090571,5.03999996,-,0,3.92156863,14.11764717,-13,13.85000038
Fri Jul 24 19:00:57 GMT+05:00 2026,24-Jul-2026 19:00:57.602,74.25453953,31.52221674,28.510000228881836,3.7900924682617188,169.3753662109375,208.0,0.62243301,6.93798923,7.00977373,0.02637094,31.37254906,14.06866059,0,0,87,20,1976,-,0,-,0,42,3.48090571,5.03999996,-,0,3.92156863,14.11764717,-13,13.85000038
Fri Jul 24 19:00:58 GMT+05:00 2026,24-Jul-2026 19:00:58.602,74.2544017,31.52199214,28.15999984741211,3.7900924682617188,169.209228515625,208.3000030517578,-0.22731815,7.50179815,7.26131964,0.0835219,31.37254906,14.06866059,0,0,87,20,2209,-,0,-,0,42,3.48090571,5.03999996,-,0,11.37254906,14.11764717,-13,13.85000038
Fri Jul 24 19:00:59 GMT+05:00 2026,24-Jul-2026 19:00:59.603,74.25426486,31.52176824,27.979999542236328,3.7900924682617188,169.33050537109375,208.10000610351562,-0.12562318,6.63290453,7.28644419,0.02349633,31.37254906,14.06866059,0,0,87,55.68627548,2209,-,0,-,0,42,3.48090571,5.03999996,-,0,11.37254906,14.50980377,-13,13.64999962
Fri Jul 24 19:01:00 GMT+05:00 2026,24-Jul-2026 19:01:00.602,74.25412821,31.52154884,27.579999923706055,3.7900924682617188,169.313720703125,207.6999969482422,-0.60329044,6.28564596,8.13260555,0.06856579,31.37254906,14.06866059,0,0,87,17.64705849,2209,-,0,-,0,42,3.48090571,3.68000007,-,0,3.92156863,14.50980377,-13,13.64999962
Fri Jul 24 19:01:01 GMT+05:00 2026,24-Jul-2026 19:01:01.602,74.25400002,31.52133509,26.790000915527344,3.7900924682617188,169.00067138671875,207.1999969482422,-0.36281174,6.53120947,6.7142601,-0.02545679,31.37254906,14.06866059,0,0,87,17.64705849,2209,-,0,-,0,42,3.48090571,3.68000007,-,0,3.92156863,14.50980377,-12.5,13.64999962
Fri Jul 24 19:01:02 GMT+05:00 2026,24-Jul-2026 19:01:02.602,74.25387928,31.52112832,25.739999771118164,3.7900924682617188,169.0145263671875,206.3000030517578,0.68225354,6.83868694,6.99063158,0.01830322,31.37254906,14.06866059,0,0,87,18.43137169,1835,-,0,-,0,42,2.90075476,3.68000007,-,0,3.52941179,14.50980377,-12.5,13.64999962
Fri Jul 24 19:01:03 GMT+05:00 2026,24-Jul-2026 19:01:03.602,74.25376219,31.5209212,25.3799991607666,3.7900924682617188,169.005615234375,206.0,1.12761772,6.78484869,6.74058151,0.00067371,31.37254906,14.06866059,0,-3.90625,87,18.43137169,1835,-,0,-,0,42,2.90075476,3.68000007,-,0.055,30.19607925,22.35294151,-12.5,13.875
Fri Jul 24 19:01:04 GMT+05:00 2026,24-Jul-2026 19:01:04.601,74.25364124,31.52071565,25.600000381469727,3.7900924682617188,169.19366455078125,207.3000030517578,2.00638175,6.90329313,6.75493813,0.02456504,31.37254906,14.06866059,0,-3.90625,86,100,1867,-,3.90625,-,0,42,13.63354737,3.68000007,-,0.055,30.19607925,22.35294151,-12.5,13.875
Fri Jul 24 19:01:05 GMT+05:00 2026,24-Jul-2026 19:01:05.601,74.25350906,31.52050916,25.920000076293945,3.7900924682617188,169.060546875,210.5,0.37238303,6.50488853,6.08464909,-0.07224506,31.37254906,14.06866059,0,-3.90625,86,100,1867,-,3.90625,-,1.5625,43,13.63354737,3.68000007,-,0.71499997,30.19607925,39.60784149,10,13.27499962
Fri Jul 24 19:01:06 GMT+05:00 2026,24-Jul-2026 19:01:06.601,74.25336482,31.52030494,26.309999465942383,3.7900924682617188,168.974365234375,211.39999389648438,-0.19142582,7.72462988,6.92363214,0.07660705,51.37254715,14.06866059,0,0,86,100,1867,-,3.90625,-,1.5625,43,13.63354737,3.68000007,-,0.71499997,38.82352829,39.60784149,10,13.27499962
Fri Jul 24 19:01:07 GMT+05:00 2026,24-Jul-2026 19:01:07.602,74.25322415,31.52009678,26.65999984741211,3.7900924682617188,169.05615234375,209.6999969482422,0.35324043,7.92801952,7.39651394,0.12484604,51.37254715,14.06866059,0,0,86,100,1939,-,0.78125,-,1.5625,43,13.77858511,25.69000053,-,0.71499997,38.82352829,39.60784149,10,13.27499962
Fri Jul 24 19:01:08 GMT+05:00 2026,24-Jul-2026 19:01:08.602,74.25308968,31.51987927,27.0,3.7900924682617188,168.91046142578125,208.6999969482422,-0.66191459,7.86700249,6.62572575,0.06963211,51.37254715,14.06866059,0,0,86,100,1939,-,0.78125,-,0,42,13.77858511,25.69000053,-,0.63999999,38.82352829,39.60784149,11,12.67500019
Fri Jul 24 19:01:09 GMT+05:00 2026,24-Jul-2026 19:01:09.601,74.25295522,31.51966235,27.350000381469727,3.7900924682617188,169.0352783203125,208.1999969482422,0.78394854,7.20628452,6.44835806,0.00797832,47.84313583,14.06866059,0,0,86,100,1939,-,0.78125,-,0,42,13.77858511,25.69000053,-,0.63999999,33.72549057,39.60784149,11,12.67500019
Fri Jul 24 19:01:10 GMT+05:00 2026,24-Jul-2026 19:01:10.601,74.25282226,31.51944023,27.719999313354492,3.7900924682617188,168.8623046875,207.89999389648438,-0.13519448,6.71665335,7.04835796,0.01156849,47.84313583,14.06866059,0,0,86,100,2020,-,-1.5625,-,0,42,13.3434719,26.60000038,-,0.63999999,33.72549057,39.60784149,11,12.67500019
Fri Jul 24 19:01:11 GMT+05:00 2026,24-Jul-2026 19:01:11.601,74.25268398,31.51921604,28.06999969482422,3.7900924682617188,168.7313232421875,207.60000610351562,-0.62482584,7.11057138,7.3223362,0.06138653,47.84313583,14.06866059,0,0,86,100,2020,-,-1.5625,-,-3.90625,42,13.3434719,26.60000038,-,0.79500002,33.72549057,14.50980377,12.5,12.375
Fri Jul 24 19:01:12 GMT+05:00 2026,24-Jul-2026 19:01:12.601,74.25254285,31.5189922,28.149999618530273,3.7900924682617188,168.7354736328125,207.60000610351562,0.93020982,6.76211691,6.09182739,-0.04839325,31.37254906,14.06866059,0,0,86,100,2020,-,-1.5625,-,-3.90625,42,13.3434719,26.60000038,-,0.79500002,3.92156863,14.50980377,12.5,12.375
Fri Jul 24 19:01:13 GMT+05:00 2026,24-Jul-2026 19:01:13.601,74.25240974,31.51877142,27.719999313354492,3.7900924682617188,168.51025390625,207.89999389648438,0.3807579,5.60099983,7.39771032,-0.03434634,31.37254906,14.06866059,0,0,86,17.64705849,1971,-,0,-,-3.90625,42,2.61067928,3.49000001,-,0.79500002,3.92156863,14.50980377,12.5,12.375
Fri Jul 24 19:01:14 GMT+05:00 2026,24-Jul-2026 19:01:14.601,74.25227679,31.51855731,27.079999923706055,3.7900924682617188,168.40362548828125,208.0,-0.11964113,7.51615524,4.26400995,-0.10003555,31.37254906,14.06866059,0,0,86,17.64705849,1971,-,0,-,0,42,2.61067928,3.49000001,-,0,3.92156863,14.50980377,-12.5,12.89999962
Fri Jul 24 19:01:15 GMT+05:00 2026,24-Jul-2026 19:01:15.601,74.25214882,31.51834551,26.329999923706055,3.7900924682617188,167.9306640625,207.10000610351562,-0.04546363,6.83390141,6.37657309,-0.02820468,31.37254906,14.06866059,0,0,86,17.64705849,1899,-,0,-,0,42,2.61067928,17.62000084,-,0,7.45098019,14.50980377,-12.5,12.89999962
Fri Jul 24 19:01:16 GMT+05:00 2026,24-Jul-2026 19:01:16.602,74.25202423,31.51813343,26.190000534057617,3.7900924682617188,168.0614013671875,206.10000610351562,0.42023948,6.23180771,7.15723181,-0.01266485,31.37254906,14.06866059,0,0,86,90.98039246,1899,-,0,-,-1.5625,42,2.61067928,17.62000084,-,0.56,7.45098019,17.25490189,-12.5,12.625
Fri Jul 24 19:01:17 GMT+05:00 2026,24-Jul-2026 19:01:17.602,74.25190202,31.51791917,26.149999618530273,3.7900924682617188,167.87591552734375,205.89999389648438,0.13639089,8.08953476,7.40129948,0.13677031,31.37254906,14.06866059,0,0,86,100,1880,-,0,-,-1.5625,42,8.4121888,17.62000084,-,0.56,5.09803915,17.25490189,-12.5,12.625
Fri Jul 24 19:01:18 GMT+05:00 2026,24-Jul-2026 19:01:18.602,74.25178294,31.51770383,26.06999969482422,3.7900924682617188,167.5849609375,205.60000610351562,0.63320071,7.28405142,8.08116055,0.1298936,31.37254906,14.06866059,0,99.21875,86,100,1880,-,0,-,-0.78125,42,8.4121888,17.62000084,-,0.76499999,5.09803915,25.09803963,22.5,12.30000019
Fri Jul 24 19:01:19 GMT+05:00 2026,24-Jul-2026 19:01:19.603,74.25166631,31.5174907,26.200000762939453,3.7900924682617188,167.25115966796875,206.10000610351562,0.53988063,6.49172783,6.36102009,-0.05289036,31.37254906,14.06866059,0,99.21875,86,100,1889,-,0,-,-0.78125,42,6.38166047,17.62000084,-,0.76499999,3.52941179,25.09803963,22.5,12.30000019
Fri Jul 24 19:01:20 GMT+05:00 2026,24-Jul-2026 19:01:20.602,74.25154323,31.51727617,26.290000915527344,3.7900924682617188,167.38494873046875,207.0,0.30538398,7.25414085,7.23260546,0.0636726,31.37254906,14.06866059,0,0,86,100,1889,-,0,-,-0.78125,42,6.38166047,17.62000084,-,0.76499999,14.11764717,25.09803963,1,12.22500038
Fri Jul 24 19:01:21 GMT+05:00 2026,24-Jul-2026 19:01:21.603,74.25141563,31.51706738,26.219999313354492,3.7900924682617188,167.282470703125,206.89999389648438,0.13519448,7.03998327,7.77009344,0.08789855,31.37254906,14.06866059,0,0,86,100,1889,-,0,-,-0.78125,42,6.38166047,12.52999973,-,0.76499999,14.11764717,25.09803963,1,12.22500038
Fri Jul 24 19:01:22 GMT+05:00 2026,24-Jul-2026 19:01:22.602,74.25129256,31.51685851,26.100000381469727,3.7900924682617188,167.2340087890625,206.39999389648438,3.45583415,6.83150864,7.67677307,0.12418073,40.39215851,14.06866059,0,0,86,100,1889,-,0,-,-0.78125,42,6.38166047,12.52999973,-,0.76499999,18.43137169,14.50980377,1,12.22500038
Fri Jul 24 19:01:23 GMT+05:00 2026,24-Jul-2026 19:01:23.602,74.25116534,31.51665364,25.760000228881836,3.7900924682617188,167.061767578125,209.89999389648438,-0.66071814,7.64805937,7.85743141,0.13876814,40.39215851,14.06866059,0,0,86,100,1891,-,0,-,-0.78125,42,12.61828321,23,-,0.76499999,18.43137169,14.50980377,1,12.22500038
Fri Jul 24 19:01:24 GMT+05:00 2026,24-Jul-2026 19:01:24.602,74.25102473,31.51645079,26.15999984741211,3.7900924682617188,167.28436279296875,211.0,-0.75762749,7.16680288,7.68993378,0.09331971,40.39215851,14.06866059,0,0,86,100,1891,-,0,-,-0.78125,42,12.61828321,23,-,0.76499999,18.43137169,14.50980377,1,12.22500038
Fri Jul 24 19:01:25 GMT+05:00 2026,24-Jul-2026 19:01:25.603,74.25088281,31.51624303,26.469999313354492,3.7900924682617188,167.29400634765625,209.60000610351562,-1.23290181,7.1368928,6.98704195,0.04484099,40.39215851,14.06866059,0,0,86,100,1891,-,0,-,-0.78125,42,12.61828321,23,-,0.76499999,18.43137169,14.50980377,1,12.22500038
Fri Jul 24 19:01:26 GMT+05:00 2026,24-Jul-2026 19:01:26.602,74.25074572,31.51603212,26.770000457763672,3.7900924682617188,167.0657958984375,208.10000610351562,-0.53509498,9.45314503,9.25902748,0.3689521,40.39215851,14.06866059,0,0,86,100,1954,-,0,-,-0.78125,42,12.61828321,23,-,0.76499999,18.43137169,14.50980377,11,12.22500038
Fri Jul 24 19:01:27 GMT+05:00 2026,24-Jul-2026 19:01:27.602,74.25061372,31.5158124,27.149999618530273,3.7900924682617188,166.6719970703125,207.8000030517578,0.43938205,7.43719196,6.68315363,0.03923112,49.80392075,14.06866059,0,0,86,100,1954,-,0,-,0,42,12.61828321,23,-,0.63499999,36.47058868,14.50980377,11,12.22500038
Fri Jul 24 19:01:28 GMT+05:00 2026,24-Jul-2026 19:01:28.602,74.25047638,31.51559254,27.469999313354492,3.7900924682617188,166.44122314453125,208.0,0.66909301,7.01485872,7.04835796,0.03497428,49.80392075,14.06866059,0,0,86,100,2001,-,0,-,0,42,13.63354737,23,-,0.63499999,36.47058868,14.50980377,12,12.22500038
Fri Jul 24 19:01:29 GMT+05:00 2026,24-Jul-2026 19:01:29.602,74.25033854,31.51537156,27.799999237060547,3.7900924682617188,166.499755859375,208.5,0.80907315,5.33419991,4.74496746,-0.24859279,31.37254906,14.06866059,0,0,86,100,2001,-,0,-,0,42,13.63354737,23,-,0.63499999,3.92156863,14.50980377,12,12.17500019
Fri Jul 24 19:01:30 GMT+05:00 2026,24-Jul-2026 19:01:30.602,74.25019783,31.5151556,27.6299991607666,3.7900924682617188,166.6190185546875,208.89999389648438,0.35443684,5.82831764,7.64447021,-0.00042933,31.37254906,14.06866059,0,0,86,100,2001,-,0,-,0,42,13.63354737,3.77999997,-,0.63499999,3.92156863,14.50980377,12,12.52499962
Fri Jul 24 19:01:31 GMT+05:00 2026,24-Jul-2026 19:01:31.601,74.25005796,31.51494236,27.139999389648438,3.7900924682617188,166.72357177734375,209.6999969482422,0.57098728,5.46101952,6.52403116,-0.11177289,31.37254906,14.06866059,0,0,86,100,2001,-,0,-,0,42,13.63354737,3.56999993,-,0.63499999,3.52941179,14.50980377,12,12.52499962
Fri Jul 24 19:01:32 GMT+05:00 2026,24-Jul-2026 19:01:32.602,74.24991591,31.51473529,26.6299991607666,3.7900924682617188,166.86279296875,210.89999389648438,1.41026986,6.20787907,6.66161823,-0.04172128,31.37254906,14.06866059,0,0,86,100,2001,-,0,-,0,42,13.63354737,3.56999993,-,0.63499999,3.52941179,17.25490189,17,12.92500019
Fri Jul 24 19:01:33 GMT+05:00 2026,24-Jul-2026 19:01:33.602,74.24976821,31.51453516,26.260000228881836,3.7900924682617188,166.875244140625,212.8000030517578,-0.06580263,6.06431007,7.13330317,-0.02657431,31.37254906,14.06866059,0,0,86,100,2001,-,0,-,0,42,2.75571702,3.56999993,-,0.63499999,3.52941179,17.25490189,17,12.92500019
Fri Jul 24 19:01:34 GMT+05:00 2026,24-Jul-2026 19:01:34.602,74.24961109,31.51434329,26.18000030517578,3.7900924682617188,166.9072265625,214.8000030517578,-0.30777681,7.20748091,7.73180819,0.09694666,31.37254906,14.06866059,0,0,86,100,1858,-,0,-,0,42,2.75571702,3.56999993,-,0.63499999,3.52941179,17.25490189,-12,13.32499981
Fri Jul 24 19:01:35 GMT+05:00 2026,24-Jul-2026 19:01:35.602,74.24945779,31.51414975,25.989999771118164,3.7900924682617188,166.92437744140625,212.6999969482422,-0.88594258,5.36889601,8.20947552,0.02298909,31.37254906,14.06866059,0,0,86,100,1792,-,0,-,0,42,2.75571702,3.3900001,-,0.63499999,3.52941179,17.25490189,-12,13.32499981
Fri Jul 24 19:01:36 GMT+05:00 2026,24-Jul-2026 19:01:36.602,74.24932444,31.51396406,24.729999542236328,3.7900924682617188,166.854248046875,211.6999969482422,-0.25124636,4.86969328,8.34825897,0.0045262,31.37254906,14.06866059,0,0,86,100,1792,-,0,-,0,42,2.75571702,3.3900001,-,0.63499999,3.52941179,17.25490189,-12,13.57499981
Fri Jul 24 19:01:37 GMT+05:00 2026,24-Jul-2026 19:01:37.602,74.24920111,31.51379466,22.690000534057617,3.7900924682617188,166.45172119140625,212.0,0.21894327,6.76211691,7.77248621,0.06942242,31.37254906,14.06866059,0,0,86,21.96078491,1792,-,0,-,0,42,2.90075476,3.23000002,-,0.63499999,3.13725495,17.25490189,-12,13.57499981
Fri Jul 24 19:01:38 GMT+05:00 2026,24-Jul-2026 19:01:38.602,74.24908578,31.5136325,21.1299991607666,3.7900924682617188,166.6160888671875,211.5,0.04426722,7.15723181,6.13250542,-0.02021909,31.37254906,14.06866059,0,0,86,21.96078491,1792,-,0,-,0,43,2.90075476,3.23000002,-,0.63499999,3.13725495,14.11764717,-12,14.05000019
Fri Jul 24 19:01:39 GMT+05:00 2026,24-Jul-2026 19:01:39.603,74.24897675,31.5134698,20.75,3.7900924682617188,166.74688720703125,209.8000030517578,0.16630118,6.19950438,6.37418032,-0.07444036,40.39215851,14.06866059,0,0,86,34.50980377,1494,-,-2.34375,-,0,43,2.90075476,14.47999954,-,0.63499999,19.6078434,14.11764717,-12,14.05000019
Fri Jul 24 19:01:40 GMT+05:00 2026,24-Jul-2026 19:01:40.602,74.24886659,31.51330819,20.8799991607666,3.7900924682617188,166.8634033203125,210.89999389648438,0.24646074,6.36939478,6.1552372,-0.07774061,40.39215851,14.06866059,0,0,86,34.50980377,1494,-,-2.34375,-,0,43,2.90075476,14.47999954,-,0.63499999,19.6078434,14.11764717,-10,13.57499981
Fri Jul 24 19:01:41 GMT+05:00 2026,24-Jul-2026 19:01:41.602,74.24875738,31.51314927,20.780000686645508,3.7900924682617188,166.47613525390625,211.39999389648438,0.57098728,7.72941542,6.81834793,0.071271,40.39215851,14.06866059,0,0,86,100,1513,-,-2.34375,-,0,43,2.90075476,14.47999954,-,0.63499999,23.52941132,14.11764717,-10,13.57499981
Fri Jul 24 19:01:42 GMT+05:00 2026,24-Jul-2026 19:01:42.602,74.24864011,31.51299118,21.09000015258789,3.7900924682617188,166.4755859375,212.5,-1.03070831,7.68275547,7.7868433,0.13901597,40.39215851,14.06866059,0,0,86,100,1513,-,-2.34375,-,0,43,2.90075476,14.47999954,-,0.63499999,17.25490189,31.76470566,-10,13.57499981
Fri Jul 24 19:01:43 GMT+05:00 2026,24-Jul-2026 19:01:43.602,74.24851561,31.51282752,21.5,3.7900924682617188,166.24835205078125,212.10000610351562,-0.1052842,7.93878746,8.31954479,0.19127423,39.2156868,14.06866059,0,0,85,100,1513,-,-1.5625,-,0,43,2.90075476,19.31999969,-,0.63499999,17.25490189,31.76470566,-10,13.57499981
Fri Jul 24 19:01:44 GMT+05:00 2026,24-Jul-2026 19:01:44.601,74.2484002,31.51265665,21.850000381469727,3.7900924682617188,166.19573974609375,209.89999389648438,1.07856476,7.37258577,7.49940538,0.09663826,39.2156868,14.06866059,0,0,85,100,1513,-,-1.5625,-,-0.78125,43,2.90075476,19.31999969,-,0.565,17.25490189,31.76470566,12,12.52499962
Fri Jul 24 19:01:45 GMT+05:00 2026,24-Jul-2026 19:01:45.602,74.24828673,31.51248284,22.18000030517578,3.7900924682617188,166.18780517578125,210.1999969482422,2.11884451,7.65763044,7.48983383,0.13205653,39.2156868,14.06866059,0,0,85,100,1513,-,-1.5625,-,-0.78125,43,2.90075476,19.31999969,-,0.565,49.80392075,31.76470566,12,12.52499962
Fri Jul 24 19:01:46 GMT+05:00 2026,24-Jul-2026 19:01:46.602,74.24815864,31.51231123,22.6299991607666,3.7900924682617188,166.37908935546875,212.6999969482422,1.65792704,6.68195724,5.78524685,-0.06432599,39.2156868,14.06866059,0,0,85,100,1513,-,1.5625,-,-0.78125,42,2.90075476,19.31999969,-,0.565,49.80392075,31.76470566,12,12.39999962
Fri Jul 24 19:01:47 GMT+05:00 2026,24-Jul-2026 19:01:47.603,74.24802389,31.51213711,22.920000076293945,3.7900924682617188,166.5042724609375,213.6999969482422,1.61964178,7.06032228,7.0591259,0.05003732,74.11764526,14.06866059,0,0,85,100,3585,-,1.5625,-,-0.78125,42,13.77858511,41.18000031,-,0.565,78.4313736,31.76470566,12,12.39999962
Fri Jul 24 19:01:48 GMT+05:00 2026,24-Jul-2026 19:01:48.601,74.24788396,31.51196229,23.469999313354492,3.7900924682617188,166.54705810546875,214.39999389648438,0.42741793,7.97109032,6.01884604,0.03810018,74.11764526,14.06866059,0,0,85,100,3585,-,-0.78125,-,-0.78125,42,13.77858511,41.18000031,-,0.565,75.29412079,66.66666412,15,12.39999962
Fri Jul 24 19:01:49 GMT+05:00 2026,24-Jul-2026 19:01:49.601,74.24773668,31.51178273,24.209999084472656,3.7900924682617188,166.27801513671875,215.0,0.09212367,9.38494968,8.48106098,0.30846685,74.11764526,14.06866059,0,0,85,100,3852,-,-1.5625,-,-0.78125,42,13.77858511,54.36000061,-,0.565,75.29412079,66.66666412,15,12.39999962
Fri Jul 24 19:01:50 GMT+05:00 2026,24-Jul-2026 19:01:50.602,74.24757487,31.51159142,25.6299991607666,3.7900924682617188,166.107177734375,215.10000610351562,-1.18624187,6.23898602,6.28325319,-0.07032502,74.11764526,14.06866059,0,0,85,100,3852,-,-1.5625,-,-1.5625,41,13.77858511,54.36000061,-,0.685,75.29412079,61.96078491,15.5,12.39999962
Fri Jul 24 19:01:51 GMT+05:00 2026,24-Jul-2026 19:01:51.602,74.24741578,31.51139443,26.549999237060547,3.7900924682617188,166.21258544921875,214.5,0.10767702,6.70708179,7.35463953,0.03370517,62.74509811,14.06866059,0,0,85,100,3852,-,-1.5625,-,-1.5625,41,13.77858511,54.36000061,-,0.685,40.39215851,61.96078491,15.5,12.39999962
Fri Jul 24 19:01:52 GMT+05:00 2026,24-Jul-2026 19:01:52.602,74.24725198,31.51119443,27.219999313354492,3.7900924682617188,166.1697998046875,214.10000610351562,0.45852464,7.22423077,6.72383165,0.02611107,62.74509811,14.06866059,0,0,85,100,3852,-,-1.5625,-,-1.5625,41,13.77858511,54.36000061,-,0.685,40.39215851,61.96078491,15.5,12.39999962
Fri Jul 24 19:01:53 GMT+05:00 2026,24-Jul-2026 19:01:53.602,74.24708585,31.51098743,27.770000457763672,3.7900924682617188,166.15509033203125,214.5,-0.07776674,6.32752037,6.27966404,-0.07223052,62.74509811,14.06866059,0,0,85,100,3852,-,-1.5625,-,-1.5625,41,13.77858511,54.36000061,-,0.685,40.39215851,61.96078491,15.5,12.39999962
Fri Jul 24 19:01:54 GMT+05:00 2026,24-Jul-2026 19:01:54.603,74.24691883,31.5107825,27.719999313354492,3.7900924682617188,166.046875,213.60000610351562,0.19621146,7.13569641,6.3969121,-0.00390965,38.4313736,14.06866059,0,0,85,100,2013,-,-1.5625,-,-1.5625,41,13.77858511,22.21999931,-,0.685,40.39215851,61.96078491,15.5,12.39999962
Fri Jul 24 19:01:55 GMT+05:00 2026,24-Jul-2026 19:01:55.602,74.24675936,31.51057145,27.850000381469727,3.7900924682617188,166.16046142578125,213.0,0.01794617,7.09262562,6.16600466,-0.04153788,38.4313736,14.06866059,0,0.78125,85,100,2013,-,-1.5625,-,-3.125,40,13.77858511,22.21999931,-,0.63499999,40.39215851,61.96078491,23.5,12.69999981
Fri Jul 24 19:01:56 GMT+05:00 2026,24-Jul-2026 19:01:56.603,74.24659767,31.51035786,28.059999465942383,3.7900924682617188,165.98065185546875,212.8000030517578,-0.33170503,7.62891674,6.68315363,0.05341965,38.4313736,14.06866059,0,0.78125,85,100,2013,-,-1.5625,-,-3.125,41,12.18316999,20.81999969,-,0.63499999,18.8235302,61.96078491,23.5,12.69999981
Fri Jul 24 19:01:57 GMT+05:00 2026,24-Jul-2026 19:01:57.602,74.24643562,31.51014205,28.25,3.7900924682617188,166.05303955078125,212.6999969482422,-1.24845517,7.32592583,6.8769722,0.051135,38.4313736,14.06866059,38.4313736,0,85,100,2013,-,-1.5625,-,-3.125,41,12.18316999,20.81999969,-,0.63499999,18.8235302,25.09803963,23.5,12.69999981
Fri Jul 24 19:01:58 GMT+05:00 2026,24-Jul-2026 19:01:58.602,74.24627176,31.50992717,28.5,3.7900924682617188,166.0057373046875,212.8000030517578,-0.76480591,6.81475878,6.53838778,-0.01514482,38.4313736,14.06866059,38.4313736,0,85,100,2057,-,-1.5625,-,-3.125,41,12.18316999,21.19000053,-,0.63999999,18.8235302,25.09803963,23.5,12.69999981
Fri Jul 24 19:01:59 GMT+05:00 2026,24-Jul-2026 19:01:59.602,74.24610683,31.509711,28.709999084472656,3.7900924682617188,165.93267822265625,212.8000030517578,1.42821598,8.74815941,7.70668364,0.21632594,39.60784149,14.06866059,38.4313736,0,86,100,2057,-,-1.5625,-,-3.125,41,12.03813225,21.19000053,-,0.63999999,18.43137169,25.09803963,23.5,12.69999981
Fri Jul 24 19:02:00 GMT+05:00 2026,24-Jul-2026 19:02:00.601,74.24594319,31.5094949,28.889999389648438,3.7900924682617188,165.45880126953125,212.8000030517578,-0.42981076,6.72861719,7.1440711,0.02035338,39.60784149,14.06866059,38.4313736,0,86,92.94117737,2057,-,-1.5625,-,-3.125,41,12.03813225,19.69000053,-,0.63999999,18.43137169,25.09803963,26.5,12.69999981
Fri Jul 24 19:02:01 GMT+05:00 2026,24-Jul-2026 19:02:01.601,74.24578057,31.50927895,29.010000228881836,3.7900924682617188,164.87847900390625,212.89999389648438,0.14955142,6.12891626,5.96500778,-0.10905421,39.60784149,14.06866059,0,0,86,92.94117737,2057,-,-1.5625,-,-5.46875,41,12.03813225,19.69000053,-,0.69999999,3.92156863,25.09803963,26.5,12.69999981
Fri Jul 24 19:02:02 GMT+05:00 2026,24-Jul-2026 19:02:02.602,74.2456091,31.50906287,28.690000534057617,3.7900924682617188,165.48883056640625,213.0,-1.08215404,6.30359221,8.92642498,0.13839132,39.60784149,14.06866059,0,0,86,17.64705849,2057,-,0,-,-5.46875,41,12.03813225,3.81999993,-,0.69999999,3.92156863,25.09803963,-12.5,12.67500019
Fri Jul 24 19:02:03 GMT+05:00 2026,24-Jul-2026 19:02:03.602,74.24544754,31.50885135,28.15999984741211,3.7900924682617188,165.5230712890625,213.10000610351562,-0.11006984,5.98056126,7.58464956,0.00365949,39.60784149,14.06866059,0,0,87,17.64705849,2057,-,0,-,0,41,12.03813225,3.81999993,-,0,3.52941179,25.09803963,-12.5,12.67500019
Fri Jul 24 19:02:04 GMT+05:00 2026,24-Jul-2026 19:02:04.602,74.24528763,31.50864264,27.40999984741211,3.7900924682617188,165.25048828125,213.89999389648438,0.55543393,6.60538673,6.92602491,-0.00373787,39.60784149,14.06866059,0,0,87,17.64705849,1961,-,0,-,0,41,12.03813225,3.5999999,-,0,3.52941179,14.50980377,-12.5,13.17500019
Fri Jul 24 19:02:05 GMT+05:00 2026,24-Jul-2026 19:02:05.602,74.24512894,31.50844138,26.940000534057617,3.7900924682617188,165.45703125,215.0,0.21415763,6.84107971,6.93918562,0.01254928,39.60784149,14.06866059,0,0,87,17.64705849,1961,-,0,-,0,41,12.03813225,6.92999983,-,0,3.92156863,14.50980377,-12.5,13.17500019
Fri Jul 24 19:02:06 GMT+05:00 2026,24-Jul-2026 19:02:06.602,74.24496583,31.5082478,26.59000015258789,3.7900924682617188,165.3013916015625,215.1999969482422,-0.6439684,7.05673313,6.98823833,0.0335024,39.60784149,14.06866059,0,0,87,39.2156868,1961,-,0,-,0.78125,41,12.03813225,6.92999983,-,0.07,3.92156863,18.03921509,26.5,13.17500019
Fri Jul 24 19:02:07 GMT+05:00 2026,24-Jul-2026 19:02:07.602,74.24481124,31.5080498,26.469999313354492,3.7900924682617188,165.3291015625,213.89999389648438,-0.14596218,7.66122007,7.53290462,0.1143356,39.60784149,14.06866059,9.8039217,0,87,39.2156868,1921,-,0,-,0.78125,41,10.87783035,17.84000015,-,0.07,12.54901981,18.03921509,26.5,13.17500019
Fri Jul 24 19:02:08 GMT+05:00 2026,24-Jul-2026 19:02:08.602,74.24465615,31.50784856,26.530000686645508,3.7900924682617188,165.85205078125,212.8000030517578,-0.44895336,6.94397116,6.52642393,-0.00850749,39.60784149,14.06866059,35.68627548,0,87,39.2156868,1921,-,-2.34375,-,-2.34375,42,10.87783035,17.84000015,-,0.75,12.54901981,24.31372643,26.5,12.52499962
Fri Jul 24 19:02:09 GMT+05:00 2026,24-Jul-2026 19:02:09.601,74.2445069,31.50764193,26.780000686645508,3.7900924682617188,166.05145263671875,211.8000030517578,0.70259255,7.07707214,6.96550655,0.03375441,39.2156868,14.06866059,35.68627548,0,86,39.2156868,1951,-,-2.34375,-,-2.34375,42,10.87783035,20.05999947,-,0.75,17.25490189,24.31372643,26.5,12.52499962
Fri Jul 24 19:02:10 GMT+05:00 2026,24-Jul-2026 19:02:10.602,74.24435623,31.5074332,27.020000457763672,3.7900924682617188,166.7161865234375,211.39999389648438,0.16510476,7.13808918,7.3917284,0.06660694,39.2156868,14.06866059,35.68627548,0,86,39.2156868,1951,-,-2.34375,-,-1.5625,42,10.87783035,20.05999947,-,0.60000002,17.25490189,27.84313774,22.5,12.10000038
Fri Jul 24 19:02:11 GMT+05:00 2026,24-Jul-2026 19:02:11.602,74.24420497,31.50722018,27.34000015258789,3.7900924682617188,166.31207275390625,211.8000030517578,0.90867442,7.31396151,6.4316082,0.01613414,49.01960754,14.06866059,42.74509811,0,86,39.2156868,1951,-,-2.34375,-,-1.5625,42,10.87783035,20.05999947,-,0.60000002,32.15686417,27.84313774,22.5,12.10000038
Fri Jul 24 19:02:12 GMT+05:00 2026,24-Jul-2026 19:02:12.602,74.24405056,31.5070065,27.690000534057617,3.7900924682617188,166.2259521484375,212.3000030517578,0.22253251,6.88893652,7.2852478,0.04132897,49.01960754,14.06866059,42.74509811,0,86,39.2156868,2016,-,-0.78125,-,-1.5625,42,13.77858511,28.28000069,-,0.60000002,32.15686417,27.84313774,22.5,12.10000038
Fri Jul 24 19:02:13 GMT+05:00 2026,24-Jul-2026 19:02:13.602,74.24389499,31.5067942,28.06999969482422,3.7900924682617188,165.88885498046875,212.8000030517578,-0.08853444,7.67916584,5.63928461,-0.0097667,49.01960754,14.06866059,0,0,86,39.2156868,2016,-,-0.78125,-,-1.5625,42,13.77858511,28.28000069,-,0.60000002,80,49.01960754,22.5,12.17500019
Fri Jul 24 19:02:14 GMT+05:00 2026,24-Jul-2026 19:02:14.602,74.2437317,31.50657654,28.399999618530273,3.7900924682617188,166.2999267578125,212.8000030517578,0.25722843,7.61575603,6.17677259,0.01890814,75.29412079,14.06866059,0,0,86,39.2156868,3192,-,0,-,-1.5625,42,13.77858511,43.24000168,-,0.60000002,80,49.01960754,22.5,12.17500019
Fri Jul 24 19:02:15 GMT+05:00 2026,24-Jul-2026 19:02:15.602,74.24357123,31.50635896,28.670000076293945,3.7900924682617188,166.3038330078125,212.60000610351562,0.48006004,7.72702265,6.18514729,0.02911788,75.29412079,14.06866059,0,0,86,39.2156868,3192,-,0,-,-0.78125,41,13.77858511,43.24000168,-,0.71499997,80,67.05882263,17,12.17500019
Fri Jul 24 19:02:16 GMT+05:00 2026,24-Jul-2026 19:02:16.602,74.24339931,31.50613096,29.559999465942383,3.7900924682617188,166.342529296875,212.8000030517578,0.19501504,6.65324354,6.98704195,0.00268972,75.29412079,14.06866059,0,0,86,98.03921509,4548,-,-0.78125,-,-0.78125,41,13.63354737,69.23999786,-,0.71499997,76.47058868,67.05882263,17,12.17500019
Fri Jul 24 19:02:17 GMT+05:00 2026,24-Jul-2026 19:02:17.602,74.24322458,31.50589902,30.600000381469727,3.7900924682617188,166.41046142578125,213.0,0.90867442,6.84466934,6.70109987,-0.00017983,75.29412079,14.06866059,0,0,86,98.03921509,4548,-,-0.78125,-,-1.5625,41,13.63354737,69.23999786,-,0.65499997,76.47058868,67.05882263,17.5,14.05000019
Fri Jul 24 19:02:18 GMT+05:00 2026,24-Jul-2026 19:02:18.602,74.24303969,31.50566347,31.530000686645508,3.7900924682617188,166.3885498046875,214.3000030517578,1.41385913,7.87059212,7.16441011,0.11345178,73.33333588,14.06866059,0,0,86,98.03921509,4882,-,-0.78125,-,-1.5625,41,13.63354737,70.68000031,-,0.65499997,76.47058868,67.05882263,17.5,14.05000019
Fri Jul 24 19:02:19 GMT+05:00 2026,24-Jul-2026 19:02:19.602,74.24284014,31.50542463,32.4900016784668,3.7900924682617188,166.1376953125,215.3000030517578,-0.67746788,6.44716167,6.6293149,-0.03582728,73.33333588,14.06866059,0,0,86,95.29412079,4882,-,-0.78125,-,-1.5625,40,13.63354737,70.68000031,-,0.65499997,76.47058868,29.01960754,24.5,14.125
Fri Jul 24 19:02:20 GMT+05:00 2026,24-Jul-2026 19:02:20.602,74.24264055,31.50517656,33.2400016784668,3.7900924682617188,166.03173828125,214.10000610351562,-0.53030932,6.58983374,7.2003026,0.01543671,73.33333588,14.06866059,0,0,85,95.29412079,3430,-,-0.78125,-,-1.5625,40,13.63354737,70.68000031,-,0.65499997,14.11764717,29.01960754,24.5,14.125
Fri Jul 24 19:02:21 GMT+05:00 2026,24-Jul-2026 19:02:21.601,74.24244742,31.50492613,33.2400016784668,3.7900924682617188,166.02490234375,213.3000030517578,-0.70259255,6.30957413,6.87338305,-0.02720845,73.33333588,14.06866059,0,0,85,95.29412079,3430,-,-3.90625,-,-1.5625,40,13.63354737,70.68000031,-,0.65499997,14.11764717,21.96078491,24.5,13.57499981
Fri Jul 24 19:02:22 GMT+05:00 2026,24-Jul-2026 19:02:22.603,74.24225343,31.50467825,33.22999954223633,3.7900924682617188,166.047119140625,213.39999389648438,0.21535404,6.82313395,6.76331329,-0.00143069,33.72549057,14.06866059,32.15686417,0,84,95.29412079,3430,-,-3.90625,-,-1.5625,40,4.35113214,8.81000042,-,0.65499997,14.11764717,21.96078491,24.5,13.57499981
Fri Jul 24 19:02:23 GMT+05:00 2026,24-Jul-2026 19:02:23.601,74.24206361,31.50442971,33.08000183105469,3.7900924682617188,165.986572265625,212.89999389648438,0.25483561,7.43121004,7.093822,0.06657177,33.72549057,14.06866059,20.3921566,0,84,33.72549057,3430,-,-3.125,-,-1.5625,40,4.35113214,8.81000042,-,0.65499997,14.11764717,18.8235302,24.5,13.57499981
Fri Jul 24 19:02:24 GMT+05:00 2026,24-Jul-2026 19:02:24.601,74.24187568,31.50417905,32.81999969482422,3.7900924682617188,166.2369384765625,212.8000030517578,-0.37956148,6.64247561,7.13569641,0.01352239,41.17647171,14.06866059,20.3921566,-70.3125,84,33.72549057,2372,-,-3.125,-,-1.5625,40,4.35113214,25.54999924,-,0.65499997,18.03921509,18.8235302,24.5,13.57499981
Fri Jul 24 19:02:25 GMT+05:00 2026,24-Jul-2026 19:02:25.602,74.2416877,31.50393042,32.849998474121094,3.7900924682617188,166.3062744140625,212.8000030517578,0.19860429,6.58863735,6.27368164,-0.05338264,41.17647171,14.06866059,20.3921566,-70.3125,84,100,2372,-,-3.125,-,-1.5625,40,4.35113214,25.54999924,-,0.63499999,18.03921509,32.15686417,24.5,13.57499981
Fri Jul 24 19:02:26 GMT+05:00 2026,24-Jul-2026 19:02:26.602,74.24149729,31.50368017,33.08000183105469,3.7900924682617188,166.6424560546875,212.6999969482422,0.06699903,6.90568638,7.24696255,0.0394451,41.17647171,14.06866059,20.3921566,0,85,100,2409,-,-3.125,-,-1.5625,40,12.90835868,27.67000008,-,0.63499999,27.84313774,32.15686417,24.5,13.57499981
Fri Jul 24 19:02:27 GMT+05:00 2026,24-Jul-2026 19:02:27.603,74.24130735,31.50342538,33.27000045776367,3.7900924682617188,166.9326171875,212.1999969482422,-0.24047868,7.35344315,6.05234575,-0.00985825,41.17647171,14.06866059,20.3921566,0,85,100,2409,-,-3.125,-,-3.90625,40,12.90835868,27.67000008,-,0.63,27.84313774,28.62745094,24.5,13.57499981
Fri Jul 24 19:02:28 GMT+05:00 2026,24-Jul-2026 19:02:28.602,74.24112394,31.50316851,33.470001220703125,3.7900924682617188,166.84649658203125,211.5,0.39391842,6.79800892,6.94995356,0.01082957,42.74509811,14.06866059,20.3921566,0,85,100,2432,-,-3.125,-,-3.90625,40,12.90835868,28.28000069,-,0.63,23.52941132,28.62745094,24.5,13.57499981
Fri Jul 24 19:02:29 GMT+05:00 2026,24-Jul-2026 19:02:29.602,74.2409445,31.50290823,33.70000076293945,3.7900924682617188,166.63275146484375,211.1999969482422,0.3484548,7.42403126,8.21426105,0.1482082,42.74509811,14.06866059,0,0,85,100,2432,-,-3.125,-,-3.90625,40,12.90835868,28.28000069,-,0.63,23.52941132,27.84313774,24.5,12.14999962
Fri Jul 24 19:02:30 GMT+05:00 2026,24-Jul-2026 19:02:30.601,74.24075979,31.50264762,33.779998779296875,3.7900924682617188,166.6768798828125,211.6999969482422,1.26400852,6.56949472,7.07587576,0.0116362,42.74509811,14.06866059,0,0,86,100,2432,-,-3.125,-,-3.90625,40,2.61067928,4,-,0.63,4.31372547,27.84313774,24.5,12.14999962
Fri Jul 24 19:02:31 GMT+05:00 2026,24-Jul-2026 19:02:31.602,74.24057121,31.50239782,33.29999923706055,3.7900924682617188,166.60174560546875,212.60000610351562,0.73609209,6.23539686,8.18913651,0.07089669,42.74509811,14.06866059,0,0,86,100,2432,-,-3.125,-,-3.90625,40,2.61067928,4,-,0.63,4.31372547,14.90196037,-12.5,12.14999962
Fri Jul 24 19:02:32 GMT+05:00 2026,24-Jul-2026 19:02:32.602,74.24038498,31.50214952,32.779998779296875,9.935046195983887,166.5260009765625,213.0,-1.56699967,6.69033194,8.11107063,0.10262936,42.74509811,14.06866059,0,0,86,100,2432,-,-3.125,-,-3.90625,40,2.61067928,4,-,0.63,3.92156863,14.90196037,-12.5,12.14999962
Fri Jul 24 19:02:33 GMT+05:00 2026,24-Jul-2026 19:02:33.601,74.24020256,31.50190414,32.31999969482422,9.935046195983887,166.0750732421875,213.10000610351562,1.19102752,6.48933506,8.14008331,0.08710581,42.74509811,14.06866059,0,0,86,100,2432,-,0,-,-3.90625,41,2.61067928,4,-,0.63,3.92156863,14.90196037,-12.5,13.14999962
Fri Jul 24 19:02:34 GMT+05:00 2026,24-Jul-2026 19:02:34.602,74.24001827,31.50166211,31.850000381469727,9.935046195983887,165.3201904296875,213.0,-0.33529428,6.46421051,7.40369225,0.02147514,31.76470566,14.06866059,0,0,86,15.68627453,2264,-,0,-,-3.90625,41,2.61067928,3.8599999,-,0.63,3.92156863,14.90196037,-12.5,13.14999962
Fri Jul 24 19:02:35 GMT+05:00 2026,24-Jul-2026 19:02:35.603,74.23983951,31.50142456,31.270000457763672,9.935046195983887,164.81640625,213.0,-0.0837488,6.30598497,7.77248621,0.03930539,31.76470566,14.06866059,0,0,86,15.68627453,2264,-,0,-,-3.90625,41,2.61067928,3.8599999,-,0.63,3.92156863,14.50980377,-12.5,13.69999981
Fri Jul 24 19:02:36 GMT+05:00 2026,24-Jul-2026 19:02:36.602,74.239667,31.50119671,30.139999389648438,9.935046195983887,164.6953125,213.1999969482422,-0.53389853,6.17796898,7.74377251,0.03027445,31.76470566,14.06866059,0,0,86,15.68627453,2070,-,0,-,-3.90625,41,2.61067928,3.8599999,-,0.63,3.92156863,14.50980377,-12.5,13.69999981
Fri Jul 24 19:02:37 GMT+05:00 2026,24-Jul-2026 19:02:37.603,74.23950459,31.50098044,28.59000015258789,9.935046195983887,164.6611328125,212.89999389648438,-0.68823564,5.47776937,7.60857773,-0.02273947,31.76470566,14.06866059,0,0,86,15.68627453,2070,-,0,-,0,41,2.61067928,3.8599999,-,0,3.92156863,14.50980377,-12.5,13.69999981
Fri Jul 24 19:02:38 GMT+05:00 2026,24-Jul-2026 19:02:38.601,74.23934683,31.50077758,27.3700008392334,3.7900924682617188,164.642822265625,212.6999969482422,0.36041892,6.62811852,7.55444002,0.04411834,31.76470566,14.06866059,0,0,86,18.43137169,1872,-,0,-,0,41,2.61067928,3.49000001,-,0,3.52941179,14.50980377,-12.5,13.69999981
Fri Jul 24 19:02:39 GMT+05:00 2026,24-Jul-2026 19:02:39.602,74.23919942,31.50058648,25.950000762939453,3.7900924682617188,164.8802490234375,212.8000030517578,-1.02831554,7.03519773,7.49701262,0.07224256,31.76470566,14.06866059,0,0,86,18.43137169,1872,-,0,-,0,41,2.61067928,3.49000001,-,0,3.52941179,14.50980377,-12.5,13.69999981
Fri Jul 24 19:02:40 GMT+05:00 2026,24-Jul-2026 19:02:40.602,74.23906032,31.50038724,25.280000686645508,3.7900924682617188,164.73468017578125,210.5,-0.70139611,6.41844749,6.71186733,-0.03163189,31.37254906,14.06866059,0,0,86,18.43137169,1800,-,0,-,0,41,2.61067928,3.3499999,-,0,3.52941179,14.50980377,-12.5,13.69999981
Fri Jul 24 19:02:41 GMT+05:00 2026,24-Jul-2026 19:02:41.601,74.23893001,31.50018987,24.920000076293945,3.7900924682617188,164.8583984375,209.39999389648438,0.93858469,7.02323341,6.66760015,0.01079649,31.37254906,14.06866059,32.54901886,0,86,18.43137169,1800,-,0,-,0,42,2.61067928,3.3499999,-,0,3.52941179,25.88235283,-12.5,13.69999981
Fri Jul 24 19:02:42 GMT+05:00 2026,24-Jul-2026 19:02:42.601,74.23880168,31.4999963,25.010000228881836,3.7900924682617188,164.5458984375,209.3000030517578,1.51076841,6.49531698,7.13210678,0.01432556,40.39215851,14.06866059,32.54901886,0,86,18.43137169,1828,-,0,-,0,42,12.47324547,3.3499999,-,0,19.2156868,25.88235283,-12.5,13.69999981
Fri Jul 24 19:02:43 GMT+05:00 2026,24-Jul-2026 19:02:43.603,74.23866623,31.499801,25.200000762939453,3.7900924682617188,164.1175537109375,211.60000610351562,1.62921309,7.8586278,8.17119026,0.18652445,40.39215851,14.06866059,0,0,86,18.43137169,1828,-,0,-,-7.8125,42,12.47324547,3.3499999,-,0.875,19.2156868,25.88235283,3,13.69999981
Fri Jul 24 19:02:44 GMT+05:00 2026,24-Jul-2026 19:02:44.602,74.23852451,31.49961157,24.950000762939453,3.7900924682617188,163.89892578125,213.5,-0.42263231,7.4766736,7.58106041,0.10524517,31.37254906,14.06866059,0,0,85,34.90196228,1828,-,0,-,-7.8125,42,3.62594345,6.21999979,-,0.875,3.52941179,25.88235283,3,13.69999981
Fri Jul 24 19:02:45 GMT+05:00 2026,24-Jul-2026 19:02:45.602,74.23837977,31.49942545,24.719999313354492,3.7900924682617188,163.8795166015625,213.8000030517578,-0.38673997,5.61535645,6.6006012,-0.09673291,31.37254906,14.06866059,7.05882359,30.46875,85,34.90196228,1828,-,0,-,1.5625,42,3.62594345,6.21999979,-,0.09,3.52941179,19.6078434,3,13.69999981
Fri Jul 24 19:02:46 GMT+05:00 2026,24-Jul-2026 19:02:46.602,74.23823494,31.49924062,24.780000686645508,3.7900924682617188,164.3758544921875,213.3000030517578,0.32811579,7.49701262,7.32353258,0.08786446,31.37254906,14.06866059,7.05882359,30.46875,85,34.90196228,1828,-,0,-,1.5625,42,3.0457925,6.21999979,-,0.09,3.52941179,19.6078434,3,13.69999981
Fri Jul 24 19:02:47 GMT+05:00 2026,24-Jul-2026 19:02:47.602,74.23809186,31.49905699,24.389999389648438,3.7900924682617188,164.3160400390625,212.89999389648438,-0.10049855,6.070292,6.95354271,-0.04002732,31.37254906,14.06866059,7.05882359,30.46875,85,34.90196228,1828,-,0,-,1.5625,42,3.0457925,6.21999979,-,0.09,3.52941179,19.6078434,3,13.69999981
Fri Jul 24 19:02:48 GMT+05:00 2026,24-Jul-2026 19:02:48.602,74.23795496,31.49887849,23.920000076293945,3.7900924682617188,164.3758544921875,212.89999389648438,-0.03708875,5.81994295,7.88016319,0.01761687,31.37254906,14.06866059,7.05882359,30.46875,85,34.90196228,1828,-,0,-,1.5625,42,3.0457925,6.21999979,-,0.09,3.52941179,19.6078434,3,13.69999981
Fri Jul 24 19:02:49 GMT+05:00 2026,24-Jul-2026 19:02:49.600,74.23782264,31.49870114,23.149999618530273,3.7900924682617188,164.0562744140625,213.1999969482422,-0.1698904,7.17039204,7.77487898,0.09727794,31.37254906,14.06866059,7.05882359,30.46875,85,20.3921566,1614,-,0,-,1.5625,42,2.90075476,6.21999979,-,0.09,3.52941179,19.6078434,-13,13.69999981
Fri Jul 24 19:02:50 GMT+05:00 2026,24-Jul-2026 19:02:50.601,74.23769361,31.49853284,22.34000015258789,3.7900924682617188,163.96075439453125,213.5,-0.62243301,6.75733137,8.06680298,0.09356207,31.37254906,14.06866059,0,0,85,20.3921566,1614,-,0,-,0,42,2.90075476,6.21999979,-,0,3.13725495,14.11764717,-13,14.125
Fri Jul 24 19:02:51 GMT+05:00 2026,24-Jul-2026 19:02:51.602,74.2375661,31.49836668,21.989999771118164,3.7900924682617188,163.87982177734375,213.8000030517578,1.11685002,6.28205681,8.01894665,0.06361645,31.37254906,14.06866059,0,0,85,21.1764698,1573,-,0,-,0,42,2.75571702,6.21999979,-,0,3.13725495,14.11764717,-13,14.125
Fri Jul 24 19:02:52 GMT+05:00 2026,24-Jul-2026 19:02:52.602,74.23743858,31.49820248,21.600000381469727,3.7900924682617188,164.06268310546875,214.10000610351562,0.73728848,7.47906637,7.09142923,0.07230061,42.74509811,14.06866059,0,0,85,21.1764698,1573,-,0,-,0,42,2.75571702,6.21999979,-,0,21.96078491,16.86274529,-13,13.97500038
Fri Jul 24 19:02:53 GMT+05:00 2026,24-Jul-2026 19:02:53.602,74.23730364,31.49804467,21.6299991607666,3.7900924682617188,163.9940185546875,216.0,0.2105684,6.90209675,7.04237604,0.02440041,42.74509811,14.06866059,0,0,86,21.1764698,1584,-,1.5625,-,0,42,2.75571702,19.31999969,-,0,21.96078491,16.86274529,-13,13.97500038
Fri Jul 24 19:02:54 GMT+05:00 2026,24-Jul-2026 19:02:54.601,74.23717151,31.49788263,22.0,3.7900924682617188,164.09710693359375,215.39999389648438,0.20697916,7.40129948,6.97148895,0.05567127,42.74509811,14.06866059,0,0,86,21.1764698,1584,-,1.5625,-,3.125,42,2.75571702,19.31999969,-,0.80000001,29.01960754,33.72549057,6.5,13.97500038
Fri Jul 24 19:02:55 GMT+05:00 2026,24-Jul-2026 19:02:55.601,74.23703467,31.49771662,22.440000534057617,3.7900924682617188,164.19940185546875,215.39999389648438,0.19980069,6.61615467,6.63888645,-0.02535552,45.88235474,14.06866059,0,0,86,21.1764698,1631,-,0,-,3.125,42,13.48850963,20.81999969,-,0.80000001,29.01960754,32.94117737,7.5,13.97500038
Fri Jul 24 19:02:56 GMT+05:00 2026,24-Jul-2026 19:02:56.601,74.23689702,31.49755006,22.81999969482422,3.7900924682617188,164.3309326171875,215.6999969482422,-0.93020982,7.12971401,6.08464909,-0.02083838,42.74509811,14.06866059,0,0,86,21.1764698,1631,-,0,-,3.125,42,13.05339642,21.19000053,-,0.80000001,23.92156792,32.94117737,7.5,12.92500019
Fri Jul 24 19:02:57 GMT+05:00 2026,24-Jul-2026 19:02:57.601,74.23675358,31.49738091,23.209999084472656,3.7900924682617188,164.2310791015625,214.89999389648438,-0.31136605,6.78843784,6.90209675,0.00636071,42.74509811,14.06866059,0,0,86,100,1683,-,0,-,-2.34375,42,13.05339642,21.19000053,-,0.73500001,23.92156792,19.2156868,9,12.64999962
Fri Jul 24 19:02:58 GMT+05:00 2026,24-Jul-2026 19:02:58.602,74.2366158,31.49720505,23.510000228881836,3.7900924682617188,164.0615234375,213.39999389648438,-0.19621146,6.91645384,7.33071136,0.04656714,31.37254906,14.06866059,0,0,86,100,1683,-,0,-,-2.34375,42,2.90075476,21.19000053,-,0.73500001,3.52941179,19.2156868,9,12.64999962
Fri Jul 24 19:02:59 GMT+05:00 2026,24-Jul-2026 19:02:59.602,74.236483,31.49702986,23.260000228881836,3.7900924682617188,164.0992431640625,212.6999969482422,0.24646074,6.66640377,7.35822868,0.03143924,31.37254906,14.06866059,0,0,86,100,1672,-,0,-,-2.34375,42,2.90075476,21.19000053,-,0.73500001,3.52941179,14.11764717,-13,12.47500038
Fri Jul 24 19:03:00 GMT+05:00 2026,24-Jul-2026 19:03:00.602,74.23635311,31.49685514,22.920000076293945,3.7900924682617188,164.509521484375,212.3000030517578,0.62123656,6.35743046,7.12612486,-0.00546694,31.37254906,14.06866059,0,0,86,100,1672,-,0,-,-2.34375,42,2.90075476,3.31999993,-,0.73500001,3.52941179,14.11764717,-13,12.47500038
Fri Jul 24 19:03:01 GMT+05:00 2026,24-Jul-2026 19:03:01.602,74.23622344,31.4966834,22.59000015258789,3.7900924682617188,164.22821044921875,212.8000030517578,0.40827537,6.38016224,6.940382,-0.01910299,31.37254906,14.06866059,0,0,86,20.7843132,1672,-,0,-,0,42,2.90075476,3.31999993,-,0,3.52941179,14.11764717,-13,12.47500038
Fri Jul 24 19:03:02 GMT+05:00 2026,24-Jul-2026 19:03:02.601,74.23608732,31.49651924,22.280000686645508,3.7900924682617188,164.44146728515625,213.8000030517578,-0.70019972,6.87577581,7.65763044,0.07051092,31.37254906,14.06866059,0,0,87,20.7843132,1672,-,0,-,0,42,2.90075476,3.23000002,-,0,3.13725495,14.11764717,-13,12.47500038
Fri Jul 24 19:03:03 GMT+05:00 2026,24-Jul-2026 19:03:03.602,74.23595922,31.49635219,21.959999084472656,3.7900924682617188,165.3701171875,213.39999389648438,-0.78155571,6.43519735,7.34147882,0.0173558,31.37254906,14.06866059,0,0,87,20.7843132,1672,-,0,-,0,42,2.90075476,3.23000002,-,0,3.13725495,14.11764717,-13,13.75
Fri Jul 24 19:03:04 GMT+05:00 2026,24-Jul-2026 19:03:04.602,74.23583593,31.49618935,21.56999969482422,3.7900924682617188,165.49566650390625,212.8000030517578,-0.61764735,6.4531436,7.35942507,0.01873797,31.37254906,14.06866059,0,0,87,20.7843132,1672,-,0,-,0,42,2.90075476,3.23000002,-,0,3.13725495,14.11764717,-13,13.75
Fri Jul 24 19:03:05 GMT+05:00 2026,24-Jul-2026 19:03:05.602,74.2357217,31.49603403,20.639999389648438,3.7900924682617188,165.2667236328125,212.5,0.23330021,6.38375187,6.89731121,-0.02268779,31.37254906,14.06866059,0,0,87,22.74509811,1469,-,0,-,0,42,2.90075476,3.20000005,-,0,3.13725495,14.11764717,-13,13.75
Fri Jul 24 19:03:06 GMT+05:00 2026,24-Jul-2026 19:03:06.601,74.23560434,31.49588183,20.200000762939453,3.7900924682617188,165.8475341796875,212.8000030517578,0.07776674,6.83629417,6.45194721,-0.02274758,32.54901886,14.06866059,0,0,87,22.74509811,1469,-,0,-,0,42,2.90075476,3.20000005,-,0,3.52941179,14.11764717,-13,14.10000038
Fri Jul 24 19:03:07 GMT+05:00 2026,24-Jul-2026 19:03:07.601,74.23549168,31.49573518,19.940000534057617,3.7900924682617188,165.35699462890625,213.1999969482422,0.20817557,6.664011,7.02682257,0.00641251,32.54901886,14.06866059,0,0,87,22.74509811,1432,-,0,-,0,42,2.90075476,5.03999996,-,0,3.52941179,14.11764717,-9,14.10000038
Fri Jul 24 19:03:08 GMT+05:00 2026,24-Jul-2026 19:03:08.601,74.23537985,31.49558517,19.700000762939453,3.7900924682617188,165.5726318359375,213.60000610351562,-0.16151553,6.33230591,7.18833828,-0.00433916,31.37254906,14.06866059,0,0,87,22.74509811,1432,-,0,-,0,42,2.90075476,5.03999996,-,0.01,3.13725495,14.11764717,-9,14.02499962
Fri Jul 24 19:03:09 GMT+05:00 2026,24-Jul-2026 19:03:09.602,74.23526562,31.49543967,19.420000076293945,3.7900924682617188,165.76708984375,212.6999969482422,-0.18664017,6.47378159,7.36899662,0.01905555,31.37254906,14.06866059,0,0,87,23.52941132,1432,-,0,-,0,42,3.0457925,3.20000005,-,0.01,3.13725495,14.11764717,-13,14.02499962
Fri Jul 24 19:03:10 GMT+05:00 2026,24-Jul-2026 19:03:10.602,74.23515694,31.49529379,19.09000015258789,3.7900924682617188,165.5872802734375,212.60000610351562,-0.24526432,6.79561615,7.20867729,0.02918071,31.37254906,14.06866059,0,0,87,23.52941132,1432,-,0,-,0,42,3.0457925,3.20000005,-,0.01,3.13725495,14.11764717,-13,14.17500019
Fri Jul 24 19:03:11 GMT+05:00 2026,24-Jul-2026 19:03:11.601,74.2350495,31.4951523,18.799999237060547,3.7900924682617188,165.6761474609375,212.89999389648438,0.29222345,6.69511795,6.96311378,0.00412804,31.37254906,14.06866059,0,0,87,23.52941132,1432,-,0,-,0,43,4.06105666,3.20000005,-,0.01,3.13725495,14.11764717,-13,14.17500019
Fri Jul 24 19:03:12 GMT+05:00 2026,24-Jul-2026 19:03:12.601,74.23494394,31.49500929,18.649999618530273,3.7900924682617188,165.83349609375,213.10000610351562,0.11365908,6.76331329,7.05075121,0.01500344,34.50980377,14.06866059,0,-100,87,23.52941132,1432,-,0,-,0,43,4.06105666,3.20000005,-,0.01,8.62745094,17.25490189,-13,14.17500019
Fri Jul 24 19:03:13 GMT+05:00 2026,24-Jul-2026 19:03:13.602,74.2348391,31.49486739,18.690000534057617,3.7900924682617188,165.05517578125,213.39999389648438,0.30658039,7.04835796,6.93918562,0.02773982,34.50980377,14.06866059,0,-100,87,23.52941132,1658,-,3.125,-,0,43,4.06105666,3.20000005,-,0.01,8.62745094,22.74509811,-13,14.17500019
Fri Jul 24 19:03:14 GMT+05:00 2026,24-Jul-2026 19:03:14.602,74.23472961,31.49472574,18.979999542236328,3.7900924682617188,165.1590576171875,213.60000610351562,-0.09332009,7.44795942,6.97029257,0.0588842,40.7843132,14.06866059,31.76470566,-0.78125,87,23.52941132,1658,-,3.125,-,0,43,4.06105666,3.20000005,-,0.01,19.6078434,22.74509811,-13,13.19999981
Fri Jul 24 19:03:15 GMT+05:00 2026,24-Jul-2026 19:03:15.602,74.23461836,31.49457937,19.350000381469727,3.7900924682617188,165.247802734375,213.1999969482422,-0.06819545,7.39890671,6.13130903,-0.00144404,40.7843132,14.06866059,31.76470566,-0.78125,87,23.52941132,1570,-,3.125,-,0,42,4.06105666,18.63999939,-,0.01,19.6078434,22.74509811,12.5,13.19999981
Fri Jul 24 19:03:16 GMT+05:00 2026,24-Jul-2026 19:03:16.602,74.23450415,31.49443257,19.719999313354492,3.7900924682617188,165.23809814453125,212.89999389648438,-0.61046886,7.34506798,6.47019243,0.01874006,56.86274338,14.06866059,31.76470566,0,87,23.52941132,1570,-,3.125,-,0,42,13.77858511,18.63999939,-,0.01,46.66666794,22.74509811,12.5,13.19999981
Fri Jul 24 19:03:17 GMT+05:00 2026,24-Jul-2026 19:03:17.602,74.23438711,31.49427742,20.34000015258789,3.7900924682617188,165.394287109375,212.60000610351562,0.40588254,7.23140907,6.59581566,0.01757902,56.86274338,14.06866059,31.76470566,0,87,100,2220,-,0,-,0.78125,42,13.77858511,18.63999939,-,0.60500002,46.66666794,22.74509811,12.5,12.42500019
Fri Jul 24 19:03:18 GMT+05:00 2026,24-Jul-2026 19:03:18.602,74.2342667,31.49412058,20.920000076293945,3.7900924682617188,165.479248046875,212.6999969482422,0.28863424,7.55085087,6.17198706,0.01356089,60,14.06866059,31.76470566,0,87,100,2220,-,0,-,0.78125,42,13.92362285,18.63999939,-,0.60500002,53.33333206,22.74509811,12.5,12.42500019
Fri Jul 24 19:03:19 GMT+05:00 2026,24-Jul-2026 19:03:19.602,74.23414155,31.49396046,21.59000015258789,3.7900924682617188,165.45880126953125,212.89999389648438,0.48843491,7.61814928,6.44716167,0.03755552,60,14.06866059,31.76470566,0,87,100,2220,-,0.78125,-,0,42,13.92362285,18.63999939,-,0.63499999,53.33333206,50.19607925,12.5,12.42500019
Fri Jul 24 19:03:20 GMT+05:00 2026,24-Jul-2026 19:03:20.602,74.23401473,31.49379169,22.110000610351562,3.7900924682617188,165.26123046875,213.0,0.16749759,7.1656065,6.1049881,-0.02125084,60,14.06866059,0,0,86,100,2250,-,0.78125,-,0,42,13.92362285,30.45000076,-,0.63499999,34.50980377,50.19607925,12.5,12.42500019
Fri Jul 24 19:03:21 GMT+05:00 2026,24-Jul-2026 19:03:21.602,74.23388499,31.49361917,22.59000015258789,3.7900924682617188,165.19873046875,213.0,0.02392823,6.78245592,6.00209665,-0.05776858,60,14.06866059,0,0,86,100,2250,-,-2.34375,-,0,42,13.92362285,30.45000076,-,0.63499999,34.50980377,50.19607925,12.5,12.22500038
Fri Jul 24 19:03:22 GMT+05:00 2026,24-Jul-2026 19:03:22.601,74.23375088,31.49344293,23.18000030517578,3.7900924682617188,164.9971923828125,212.89999389648438,0.03589234,7.41206741,6.15164804,0.00089425,49.01960754,14.06866059,0,0,86,100,2250,-,-2.34375,-,0,42,13.48850963,30.45000076,-,0.63499999,34.90196228,50.19607925,12.5,12.22500038
Fri Jul 24 19:03:23 GMT+05:00 2026,24-Jul-2026 19:03:23.602,74.233615,31.49326854,23.610000610351562,3.7900924682617188,165.23541259765625,212.5,-0.01794617,6.45583534,7.23021269,0.00707263,49.01960754,14.06866059,0,0,86,100,2250,-,-2.34375,-,0,41,13.48850963,30.45000076,-,0.63499999,34.90196228,50.19607925,12.5,12.25
Fri Jul 24 19:03:24 GMT+05:00 2026,24-Jul-2026 19:03:24.602,74.2334809,31.49308585,24.010000228881836,3.7900924682617188,165.1510009765625,212.39999389648438,0.21535404,6.40050125,6.28205681,-0.06653529,31.37254906,14.06866059,0,0,87,20.7843132,2250,-,-2.34375,-,0,41,3.48090571,3.56999993,-,0.63499999,3.52941179,50.19607925,12.5,12.25
Fri Jul 24 19:03:25 GMT+05:00 2026,24-Jul-2026 19:03:25.602,74.23335114,31.49290531,23.850000381469727,3.7900924682617188,164.9156494140625,212.1999969482422,0.18664017,6.55992317,7.04835796,0.00070357,31.37254906,14.06866059,0,0,87,20.7843132,2250,-,-2.34375,-,0,41,3.48090571,3.56999993,-,0.63499999,4.70588255,15.29411793,12.5,12.17500019
Fri Jul 24 19:03:26 GMT+05:00 2026,24-Jul-2026 19:03:26.602,74.23321843,31.49272376,23.670000076293945,3.7900924682617188,164.95318603515625,212.3000030517578,0.35084763,6.66042185,6.65802908,-0.02033746,31.37254906,14.06866059,0,0,87,28.23529434,1706,-,-9.375,-,0,41,3.33586797,4.75,-,0.63499999,4.70588255,15.29411793,12.5,12.17500019
Fri Jul 24 19:03:27 GMT+05:00 2026,24-Jul-2026 19:03:27.602,74.23308429,31.49254698,23.520000457763672,3.7900924682617188,165.20880126953125,212.6999969482422,-0.23569304,7.22542715,6.7704916,0.02864736,31.37254906,14.06866059,0,0,87,28.23529434,1706,-,-9.375,-,-11.71875,41,3.33586797,4.75,-,0.76499999,11.37254906,15.29411793,12.5,12.17500019
Fri Jul 24 19:03:28 GMT+05:00 2026,24-Jul-2026 19:03:28.603,74.23294859,31.49236907,23.610000610351562,3.7900924682617188,165.12615966796875,212.8000030517578,0.22971097,6.86979389,6.66760015,-0.00483221,35.68627548,14.06866059,0,0,87,100,1689,-,-3.90625,-,-11.71875,41,11.16790583,12.27999973,-,0.76499999,11.37254906,15.29411793,12.5,12.17500019
Fri Jul 24 19:03:29 GMT+05:00 2026,24-Jul-2026 19:03:29.602,74.23281469,31.49218411,23.770000457763672,3.7900924682617188,164.929443359375,212.60000610351562,0.47048876,7.17757082,6.72622442,0.02286249,35.68627548,14.06866059,20.3921566,0,87,100,1689,-,-3.90625,-,0.78125,41,11.16790583,12.27999973,-,0.59500003,11.37254906,21.56862831,12.5,12.17500019
Fri Jul 24 19:03:30 GMT+05:00 2026,24-Jul-2026 19:03:30.601,74.23268152,31.49200037,23.90999984741211,3.7900924682617188,165.0657958984375,212.5,-0.0107677,5.93390083,7.29481888,-0.02243811,36.86274338,14.06866059,20.3921566,0,87,100,1689,-,-3.90625,-,0.78125,41,11.16790583,16.32999992,-,0.59500003,10.1960783,21.56862831,12.5,12.17500019
Fri Jul 24 19:03:31 GMT+05:00 2026,24-Jul-2026 19:03:31.601,74.23254408,31.49181811,23.93000030517578,3.7900924682617188,165.2158203125,212.39999389648438,-0.52193445,6.33589506,6.83509779,-0.02946198,36.86274338,14.06866059,20.3921566,0,87,100,1689,-,-5.46875,-,0,41,11.16790583,16.32999992,-,0.73000002,10.1960783,21.56862831,12.5,12.27499962
Fri Jul 24 19:03:32 GMT+05:00 2026,24-Jul-2026 19:03:32.601,74.23241349,31.49163792,23.6200008392334,3.7900924682617188,165.13140869140625,211.8000030517578,-0.32811579,6.73579597,7.25892639,0.02900082,31.37254906,14.06866059,20.3921566,0,88,100,1689,-,-5.46875,-,0,41,2.90075476,16.32999992,-,0.73000002,3.52941179,21.56862831,12.5,12.27499962
Fri Jul 24 19:03:33 GMT+05:00 2026,24-Jul-2026 19:03:33.601,74.23228745,31.49145817,23.280000686645508,3.7900924682617188,164.957275390625,210.8000030517578,-0.22612174,6.77527714,7.15603542,0.02381116,31.37254906,14.06866059,20.3921566,0,88,20,1678,-,0,-,0,41,2.90075476,16.32999992,-,0,3.52941179,14.11764717,-13,12.27499962
Fri Jul 24 19:03:34 GMT+05:00 2026,24-Jul-2026 19:03:34.602,74.23216554,31.4912797,22.959999084472656,3.7900924682617188,165.24261474609375,210.10000610351562,-0.02033899,6.60897636,6.68793917,-0.02253658,36.47058868,14.06866059,0,0,88,20,1678,-,0,-,0,41,2.90075476,16.32999992,-,0,12.54901981,14.11764717,-13,12.27499962
Fri Jul 24 19:03:35 GMT+05:00 2026,24-Jul-2026 19:03:35.602,74.23204622,31.49109839,22.959999084472656,3.7900924682617188,165.6038818359375,209.60000610351562,-0.23808585,6.87936497,6.29761028,-0.02996606,36.47058868,14.06866059,0,0,88,90.58823395,1678,-,-1.5625,-,0,41,10.44271714,14.77000046,-,0,12.54901981,14.11764717,25.5,12.27499962
Fri Jul 24 19:03:36 GMT+05:00 2026,24-Jul-2026 19:03:36.602,74.23192662,31.49091173,23.18000030517578,3.7900924682617188,165.481201171875,208.89999389648438,-0.50039905,6.59461927,6.29162788,-0.05050087,36.47058868,14.06866059,27.45098114,0,88,90.58823395,1678,-,-1.5625,-,-1.5625,41,10.44271714,14.77000046,-,0.81999999,12.54901981,20.7843132,25.5,12.27499962
Fri Jul 24 19:03:37 GMT+05:00 2026,24-Jul-2026 19:03:37.602,74.23180679,31.49072704,23.43000030517578,3.7900924682617188,165.43170166015625,208.60000610351562,-0.29222345,7.27089071,6.68913555,0.02655524,36.47058868,14.06866059,27.45098114,0,88,91.37255096,1700,-,-3.90625,-,-1.5625,41,10.44271714,14.77000046,-,0.81999999,12.54901981,20.7843132,25.5,12.27499962
Fri Jul 24 19:03:38 GMT+05:00 2026,24-Jul-2026 19:03:38.601,74.23168966,31.49053875,23.639999389648438,3.7900924682617188,165.4315185546875,208.0,13.67378521,2.73290253,9.95115089,0.76526552,36.47058868,14.06866059,0,0,88,91.37255096,1700,-,-3.90625,-,-6.25,41,10.44271714,14.77000046,-,0.77499998,3.52941179,14.11764717,17.5,12.19999981
Fri Jul 24 19:03:39 GMT+05:00 2026,24-Jul-2026 19:03:39.601,74.23157096,31.49035887,23.40999984741211,3.7900924682617188,166.1190185546875,207.1999969482422,-0.27158538,8.58634472,6.03918505,0.08943743,32.15686417,14.06866059,0,0,87,68.23529053,1700,-,-0.78125,-,-6.25,41,4.35113214,8.53999996,-,0.77499998,3.52941179,14.11764717,17.5,12.19999981
Fri Jul 24 19:03:40 GMT+05:00 2026,24-Jul-2026 19:03:40.602,74.23145826,31.49016711,23.329999923706055,3.7900924682617188,165.9146728515625,207.0,-0.88833541,8.65812969,5.32911491,0.05931383,32.15686417,14.06866059,0,6.25,87,68.23529053,1700,-,-0.78125,-,-6.25,41,4.35113214,8.53999996,-,0.77499998,9.4117651,18.43137169,17.5,12.19999981
Fri Jul 24 19:03:41 GMT+05:00 2026,24-Jul-2026 19:03:41.602,74.2313491,31.48997734,23.65999984741211,3.7900924682617188,165.61785888671875,206.10000610351562,-0.63559353,8.39252663,5.16879606,0.02582866,36.86274338,14.06866059,0,6.25,87,68.23529053,1707,-,-10.15625,-,-6.25,41,11.74805678,8.53999996,-,0.77499998,9.4117651,18.43137169,17.5,12.19999981
Fri Jul 24 19:03:42 GMT+05:00 2026,24-Jul-2026 19:03:42.601,74.23123984,31.48977933,24.0,3.7900924682617188,165.899658203125,204.89999389648438,1.98484635,1.21256292,8.00937557,-0.1308201,36.86274338,14.06866059,0,6.25,87,68.23529053,1707,-,-10.15625,-,-6.25,41,11.74805678,8.53999996,-,0.77499998,9.4117651,18.43137169,17.5,12.19999981
Fri Jul 24 19:03:43 GMT+05:00 2026,24-Jul-2026 19:03:43.602,74.23113264,31.48957953,23.959999084472656,3.7900924682617188,165.94036865234375,204.89999389648438,0.26440689,7.14167833,7.14167833,0.04889995,36.86274338,14.06866059,0,6.25,87,68.23529053,1707,-,-10.15625,-,-6.25,41,11.74805678,8.53999996,-,0.77499998,9.4117651,18.43137169,17.5,12.19999981
Fri Jul 24 19:03:44 GMT+05:00 2026,24-Jul-2026 19:03:44.601,74.23102648,31.48938126,24.209999084472656,3.7900924682617188,166.31390380859375,204.8000030517578,-0.12562318,6.16720104,6.31914568,-0.0808239,36.86274338,14.06866059,0,6.25,87,68.23529053,1707,-,-10.15625,-,-6.25,41,11.74805678,8.53999996,-,0.77499998,9.4117651,18.43137169,17.5,12.19999981
Fri Jul 24 19:03:45 GMT+05:00 2026,24-Jul-2026 19:03:45.601,74.23092199,31.48917927,24.489999771118164,3.7900924682617188,165.99481201171875,203.6999969482422,-0.0526421,7.38454962,7.2003026,0.07037657,36.86274338,14.06866059,0,6.25,87,68.23529053,1707,-,-10.15625,-,-6.25,41,11.74805678,8.53999996,-,0.77499998,9.4117651,18.43137169,17.5,12.125
Fri Jul 24 19:03:46 GMT+05:00 2026,24-Jul-2026 19:03:46.601,74.23081605,31.48897658,24.6200008392334,3.7900924682617188,165.870849609375,203.6999969482422,0.00478565,6.96909618,7.00020266,0.02591246,38.03921509,14.06866059,31.76470566,6.25,87,68.23529053,1707,-,-10.15625,-,-6.25,41,11.74805678,8.53999996,-,0.77499998,14.90196037,18.43137169,17.5,12.125
Fri Jul 24 19:03:47 GMT+05:00 2026,24-Jul-2026 19:03:47.601,74.23071516,31.4887705,24.84000015258789,3.7900924682617188,165.86029052734375,202.89999389648438,0.02991028,6.42921543,6.52163792,-0.04747117,38.03921509,14.06866059,31.76470566,6.25,87,68.23529053,1794,-,-3.90625,-,-6.25,41,11.74805678,8.53999996,-,0.77499998,14.90196037,22.74509811,24,12.125
Fri Jul 24 19:03:48 GMT+05:00 2026,24-Jul-2026 19:03:48.602,74.23061271,31.48856416,25.09000015258789,3.7900924682617188,165.62445068359375,202.60000610351562,0.45254257,7.16082096,7.16321373,0.05250937,38.03921509,14.06866059,32.15686417,6.25,87,68.23529053,1840,-,-3.90625,-,-6.25,41,11.74805678,8.53999996,-,0.77499998,14.90196037,22.74509811,24,12.125
Fri Jul 24 19:03:49 GMT+05:00 2026,24-Jul-2026 19:03:49.603,74.2305136,31.48835159,25.34000015258789,3.7900924682617188,165.5958251953125,202.10000610351562,-0.17587246,7.16680288,6.40528727,-0.00101835,38.03921509,14.06866059,32.15686417,6.25,87,95.29412079,1840,-,-3.90625,-,-3.90625,41,11.74805678,8.53999996,-,0.64999998,14.90196037,22.74509811,24.5,12.10000038
Fri Jul 24 19:03:50 GMT+05:00 2026,24-Jul-2026 19:03:50.602,74.23041264,31.48813741,25.56999969482422,3.7900924682617188,165.35137939453125,201.60000610351562,-0.08614162,6.35503769,6.41366196,-0.06057799,33.72549057,14.06866059,32.54901886,6.25,87,95.29412079,1848,-,-3.90625,-,-3.90625,41,5.36639631,3.68000007,-,0.64999998,14.90196037,22.74509811,24.5,12.10000038
Fri Jul 24 19:03:51 GMT+05:00 2026,24-Jul-2026 19:03:51.601,74.23031719,31.48792448,25.639999389648438,3.7900924682617188,164.9952392578125,200.89999389648438,-0.15672988,6.48813868,6.86979389,-0.01763219,33.72549057,14.06866059,32.54901886,6.25,87,95.29412079,1848,-,-7.03125,-,0,41,5.36639631,3.68000007,-,0.755,14.90196037,22.74509811,24.5,12.02499962
Fri Jul 24 19:03:52 GMT+05:00 2026,24-Jul-2026 19:03:52.602,74.23022714,31.48771003,25.479999542236328,3.7900924682617188,165.0987548828125,200.0,-0.51116675,6.32752037,7.39771032,0.01268727,33.72549057,14.06866059,32.54901886,-15.625,87,95.29412079,1848,-,-7.03125,-,0,41,6.38166047,3.68000007,-,0.755,14.50980377,22.74509811,24.5,12.02499962
Fri Jul 24 19:03:53 GMT+05:00 2026,24-Jul-2026 19:03:53.603,74.23013562,31.48749141,25.540000915527344,3.7900924682617188,165.16455078125,199.39999389648438,0.28743783,7.23499823,7.01964426,0.04701239,33.72549057,14.06866059,37.25490189,-15.625,87,16.07843208,1848,-,-7.03125,-,0,41,6.38166047,3.68000007,-,0.755,14.50980377,27.45098114,24.5,12.02499962
Fri Jul 24 19:03:54 GMT+05:00 2026,24-Jul-2026 19:03:54.603,74.23004705,31.48727504,25.549999237060547,3.7900924682617188,165.2161865234375,199.10000610351562,-0.0107677,6.30837774,6.81475878,-0.03437716,33.72549057,14.06866059,37.25490189,-15.625,87,16.07843208,1869,-,-7.03125,-,0,41,12.90835868,21.19000053,-,0.755,22.35294151,27.45098114,24.5,12.02499962
Fri Jul 24 19:03:55 GMT+05:00 2026,24-Jul-2026 19:03:55.602,74.2299594,31.48705606,25.850000381469727,3.7900924682617188,165.09124755859375,198.8000030517578,-0.50997031,6.92602491,7.5484581,0.06458086,33.72549057,14.06866059,39.60784149,2.34375,87,100,1869,-,-7.03125,-,0,41,12.90835868,21.19000053,-,0.755,22.35294151,27.45098114,24.5,12.05000019
Fri Jul 24 19:03:56 GMT+05:00 2026,24-Jul-2026 19:03:56.602,74.2298703,31.48683248,26.040000915527344,3.7900924682617188,165.5283203125,198.1999969482422,0.03708875,6.95234632,6.44955444,-0.01430136,33.72549057,14.06866059,39.60784149,2.34375,87,100,1869,-,-7.03125,-,0,41,13.48850963,25.69000053,-,0.755,32.15686417,27.45098114,24.5,12.05000019
Fri Jul 24 19:03:57 GMT+05:00 2026,24-Jul-2026 19:03:57.602,74.22978377,31.48660885,26.43000030517578,3.7900924682617188,165.2510986328125,197.1999969482422,0.14356937,7.27806902,7.60618496,0.09222037,33.72549057,14.06866059,39.60784149,0,87,100,1869,-,-7.03125,-,0,41,13.48850963,25.69000053,-,0.61500001,32.15686417,57.25490189,24.5,12.25
Fri Jul 24 19:03:58 GMT+05:00 2026,24-Jul-2026 19:03:58.602,74.22970329,31.48637641,26.739999771118164,3.7900924682617188,165.0013427734375,196.10000610351562,-0.82941216,7.88853788,6.83509779,0.08634943,73.33333588,14.06866059,39.60784149,0,87,100,4105,-,-0.78125,-,0,41,13.48850963,61.75999832,-,0.61500001,76.86274719,57.25490189,24.5,12.25
Fri Jul 24 19:03:59 GMT+05:00 2026,24-Jul-2026 19:03:59.602,74.22963197,31.48613627,27.299999237060547,3.7900924682617188,165.082763671875,194.10000610351562,0.27517462,7.46590567,5.9985075,-0.00433296,73.33333588,14.06866059,39.60784149,0,87,100,4105,-,-0.78125,-,0,41,13.48850963,61.75999832,-,0.61500001,76.86274719,67.05882263,24.5,12.25
Fri Jul 24 19:04:00 GMT+05:00 2026,24-Jul-2026 19:04:00.601,74.22956384,31.48588653,28.420000076293945,3.7900924682617188,164.9405517578125,192.8000030517578,1.11565351,7.62173843,6.11695194,0.0216803,73.33333588,14.06866059,39.60784149,0,87,100,4391,-,-0.78125,-,0,41,13.77858511,61.75999832,-,0.61500001,76.86274719,67.05882263,17.5,12.25
Fri Jul 24 19:04:01 GMT+05:00 2026,24-Jul-2026 19:04:01.602,74.2294932,31.48562762,29.399999618530273,3.7900924682617188,164.89324951171875,193.0,0.60209399,7.07946491,5.95423985,-0.03603816,73.33333588,14.06866059,0,0,87,100,4391,-,-0.78125,-,-1.5625,41,13.77858511,61.75999832,-,0.65499997,76.86274719,67.05882263,17.5,14
Fri Jul 24 19:04:02 GMT+05:00 2026,24-Jul-2026 19:04:02.602,74.22942333,31.48535795,30.530000686645508,3.7900924682617188,164.3203125,192.6999969482422,0.52911294,7.50538731,6.97866726,0.06509501,73.33333588,14.06866059,0,0,87,100,4635,-,-1.5625,-,-1.5625,41,13.77858511,61.75999832,-,0.65499997,76.86274719,67.05882263,17.5,14.07499981
Fri Jul 24 19:04:03 GMT+05:00 2026,24-Jul-2026 19:04:03.602,74.22935092,31.48508032,31.579999923706055,3.7900924682617188,164.048583984375,192.6999969482422,-0.24646074,7.18474913,6.03200674,-0.02438706,73.33333588,14.06866059,0,0,86,100,4635,-,-1.5625,-,-1.5625,41,13.77858511,61.75999832,-,0.435,76.86274719,67.05882263,17.5,14.07499981
Fri Jul 24 19:04:04 GMT+05:00 2026,24-Jul-2026 19:04:04.601,74.22927198,31.48479293,32.540000915527344,3.7900924682617188,164.1484375,192.5,0.57338011,7.2792654,5.69551611,-0.03702253,73.33333588,14.06866059,0,0,86,100,4921,-,-1.5625,-,-1.5625,40,13.77858511,61.75999832,-,0.69,76.86274719,67.05882263,18,14
Fri Jul 24 19:04:05 GMT+05:00 2026,24-Jul-2026 19:04:05.601,74.22919773,31.4844966,33.52000045776367,3.7900924682617188,164.22216796875,192.0,1.09052896,7.23140907,6.2054863,-0.00330663,73.72548676,14.06866059,0,0,85,100,4921,-,-1.5625,-,-1.5625,40,13.77858511,76.98000336,-,0.69,76.86274719,67.05882263,18,14
Fri Jul 24 19:04:06 GMT+05:00 2026,24-Jul-2026 19:04:06.602,74.22912365,31.48419089,34.529998779296875,3.7900924682617188,164.09814453125,191.89999389648438,-0.23210379,8.43440056,6.96431017,0.13423973,73.72548676,14.06866059,0,0,85,100,4921,-,0,-,0,40,13.77858511,76.98000336,-,0.88999999,76.86274719,67.45098114,18,13.94999981
Fri Jul 24 19:04:07 GMT+05:00 2026,24-Jul-2026 19:04:07.602,74.22904727,31.48387587,35.439998626708984,3.7900924682617188,163.7335205078125,191.6999969482422,-1.16231358,7.3917284,8.51934624,0.1748386,73.33333588,14.06866059,0,0,85,100,4629,-,0,-,0,40,8.26715107,38.97000122,-,0.88999999,76.86274719,67.45098114,18,13.94999981
Fri Jul 24 19:04:08 GMT+05:00 2026,24-Jul-2026 19:04:08.602,74.22897602,31.48355656,35.939998626708984,3.7900924682617188,163.7135009765625,190.0,-0.5697909,6.76092052,6.64367199,-0.01301318,73.33333588,14.06866059,0,0,85,16.07843208,4629,-,0,-,0,40,8.26715107,38.97000122,-,0.88999999,76.86274719,16.07843208,-8.5,14.27499962
Fri Jul 24 19:04:09 GMT+05:00 2026,24-Jul-2026 19:04:09.602,74.22891855,31.48324066,35.41999816894531,3.7900924682617188,164.110595703125,188.89999389648438,-0.04546363,6.44835806,7.07109022,-0.00547123,31.76470566,14.06866059,0,0,85,16.07843208,4629,-,0,-,0,40,2.61067928,38.97000122,-,0.88999999,76.86274719,16.07843208,-8.5,14.27499962
Fri Jul 24 19:04:10 GMT+05:00 2026,24-Jul-2026 19:04:10.602,74.228866,31.48292942,34.900001525878906,3.7900924682617188,164.3677978515625,188.39999389648438,0.01316052,6.38494825,7.39053202,0.01458228,31.76470566,14.06866059,0,0,85,16.07843208,4629,-,0,-,0,40,2.61067928,3.8599999,-,0.88999999,76.86274719,16.07843208,-12.5,14.10000038
Fri Jul 24 19:04:11 GMT+05:00 2026,24-Jul-2026 19:04:11.602,74.22881321,31.48262151,34.41999816894531,3.7900924682617188,164.4788818359375,188.1999969482422,-0.31016964,5.69431973,7.5269227,-0.01837957,31.37254906,14.06866059,0,0,85,16.07843208,4629,-,0,-,0,40,2.61067928,3.8599999,-,0.88999999,3.92156863,16.07843208,-12.5,14.10000038
Fri Jul 24 19:04:12 GMT+05:00 2026,24-Jul-2026 19:04:12.601,74.22876413,31.48231951,33.84000015258789,3.7900924682617188,164.810546875,188.1999969482422,0.24885355,6.80638409,8.29681301,0.11322349,31.37254906,14.06866059,0,0,85,16.07843208,2068,-,0,-,0,40,2.61067928,3.8599999,-,0.88999999,3.92156863,16.07843208,-12.5,14.07499981
Fri Jul 24 19:04:13 GMT+05:00 2026,24-Jul-2026 19:04:13.603,74.22871691,31.48202021,33.36000061035156,3.7900924682617188,164.43292236328125,188.10000610351562,-0.37238303,5.63090992,6.51087046,-0.10270196,31.37254906,14.06866059,0,0,85,16.07843208,1981,-,0,-,0,40,2.61067928,3.8599999,-,0,3.92156863,16.07843208,-12.5,14.07499981
Fri Jul 24 19:04:14 GMT+05:00 2026,24-Jul-2026 19:04:14.602,74.22866955,31.48172768,32.849998474121094,3.7900924682617188,164.4310302734375,188.1999969482422,0.83180499,6.92123938,7.44556665,0.05871493,31.37254906,14.06866059,0,0,85,16.07843208,1981,-,0,-,0,40,2.61067928,3.8599999,-,0,3.92156863,16.07843208,-12.5,14.07499981
Fri Jul 24 19:04:15 GMT+05:00 2026,24-Jul-2026 19:04:15.601,74.22861955,31.48143807,32.349998474121094,3.7900924682617188,164.16522216796875,188.39999389648438,0.54107702,6.97388172,7.93998384,0.09765857,31.37254906,14.06866059,0,0,86,16.07843208,1904,-,0,-,0,40,2.75571702,3.8599999,-,0,3.52941179,16.07843208,-12.5,14.07499981
Fri Jul 24 19:04:16 GMT+05:00 2026,24-Jul-2026 19:04:16.602,74.22857376,31.48115312,31.860000610351562,3.7900924682617188,164.78173828125,188.39999389648438,0.19262223,6.6077795,7.96151924,0.07386428,31.37254906,14.06866059,0,0,86,16.07843208,1904,-,0,-,0,40,2.75571702,3.8599999,-,0,3.52941179,14.50980377,-12.5,14.07499981
Fri Jul 24 19:04:17 GMT+05:00 2026,24-Jul-2026 19:04:17.603,74.22852369,31.48087568,31.399999618530273,3.7900924682617188,165.1158447265625,188.39999389648438,-0.30777681,5.35812807,6.48454952,-0.12295103,31.37254906,14.06866059,0,0,86,18.8235302,1808,-,0,-,0,41,2.75571702,3.8599999,-,0,3.52941179,14.50980377,-12.5,14.07499981
Fri Jul 24 19:04:18 GMT+05:00 2026,24-Jul-2026 19:04:18.603,74.228477,31.48060485,30.639999389648438,3.7900924682617188,165.31231689453125,188.39999389648438,1.05344021,7.52452993,7.28764057,0.09218675,31.37254906,14.06866059,0,0,86,18.8235302,1808,-,0,-,0,41,2.75571702,3.8599999,-,0,3.52941179,14.50980377,-12.5,14.10000038
Fri Jul 24 19:04:19 GMT+05:00 2026,24-Jul-2026 19:04:19.602,74.22843291,31.48034181,29.420000076293945,3.7900924682617188,165.58514404296875,188.39999389648438,-0.33888352,6.81954432,7.15723181,0.02733475,31.37254906,14.06866059,0,0,86,18.8235302,1635,-,0,-,0,41,2.90075476,3.8599999,-,0,3.52941179,14.50980377,-12.5,14.10000038
Fri Jul 24 19:04:20 GMT+05:00 2026,24-Jul-2026 19:04:20.602,74.22838768,31.48008483,28.8799991607666,3.7900924682617188,165.40594482421875,188.60000610351562,-0.26440689,6.71784973,7.73659372,0.06381136,31.37254906,14.06866059,0,0,86,18.8235302,1635,-,0,-,0,41,2.90075476,3.8599999,-,0,5.49019623,14.11764717,-13,14.07499981
Fri Jul 24 19:04:21 GMT+05:00 2026,24-Jul-2026 19:04:21.602,74.22833777,31.47983294,28.389999389648438,3.7900924682617188,165.21221923828125,188.8000030517578,0.11844472,6.43639374,6.81475878,-0.02538872,31.37254906,14.06866059,0,0,86,41.5686264,2084,-,3.90625,-,0,41,2.90075476,3.8599999,-,0,5.49019623,14.11764717,29.5,14.07499981
Fri Jul 24 19:04:22 GMT+05:00 2026,24-Jul-2026 19:04:22.602,74.22829312,31.479583,27.889999389648438,3.7900924682617188,165.2550048828125,188.60000610351562,0.26081768,6.74417067,6.92602491,0.00479621,31.37254906,14.06866059,0,0,86,41.5686264,2084,-,3.90625,-,0,41,2.90075476,3.8599999,-,0,14.11764717,17.64705849,29.5,13.60000038
Fri Jul 24 19:04:23 GMT+05:00 2026,24-Jul-2026 19:04:23.601,74.22824507,31.47933328,27.739999771118164,3.7900924682617188,165.1697998046875,188.5,-0.69302124,7.4072814,7.33908606,0.08427745,31.37254906,14.06866059,0,0,86,44.70588303,2084,-,3.90625,-,0,41,11.31294356,15.26000023,-,0,14.11764717,17.64705849,29.5,13.60000038
Fri Jul 24 19:04:24 GMT+05:00 2026,24-Jul-2026 19:04:24.602,74.22820443,31.47908559,27.6200008392334,3.7900924682617188,165.04449462890625,187.39999389648438,0.01914258,6.82074118,7.06989384,0.02040273,37.64706039,14.06866059,0,-14.0625,86,44.70588303,2084,-,3.90625,-,-0.78125,41,11.31294356,15.26000023,-,0.755,21.56862831,21.96078491,29.5,12.82499981
Fri Jul 24 19:04:25 GMT+05:00 2026,24-Jul-2026 19:04:25.601,74.22817686,31.47884082,27.5,3.7900924682617188,166.09039306640625,186.10000610351562,1.77278244,6.00807858,6.33948469,-0.07251018,37.64706039,14.06866059,0,-14.0625,86,44.70588303,2084,-,3.125,-,-0.78125,41,11.31294356,18.87000084,-,0.755,21.56862831,21.96078491,29.5,12.82499981
Fri Jul 24 19:04:26 GMT+05:00 2026,24-Jul-2026 19:04:26.602,74.22813777,31.47859141,27.5,3.7900924682617188,166.92584228515625,186.60000610351562,0.56500524,6.20070076,6.87816858,-0.03525329,41.5686264,14.06866059,39.60784149,-14.0625,86,44.70588303,2084,-,3.125,-,-0.78125,41,11.31294356,18.87000084,-,0.70499998,20.7843132,25.88235283,22.5,12.60000038
Fri Jul 24 19:04:27 GMT+05:00 2026,24-Jul-2026 19:04:27.601,74.22810396,31.4783418,27.65999984741211,3.7900924682617188,167.29473876953125,187.1999969482422,0.19740787,7.20508814,6.96789932,0.04093295,41.5686264,14.06866059,39.60784149,-14.0625,85,44.70588303,2009,-,-2.34375,-,-0.78125,41,12.76332094,18.87000084,-,0.70499998,20.7843132,25.88235283,21,12.60000038
Fri Jul 24 19:04:28 GMT+05:00 2026,24-Jul-2026 19:04:28.602,74.22806592,31.47809281,27.739999771118164,3.7900924682617188,167.63336181640625,187.60000610351562,0.20817557,7.38096046,7.06750059,0.06090909,41.5686264,14.06866059,41.5686264,0,85,44.70588303,2009,-,-2.34375,-,-0.78125,41,12.90835868,18.87000084,-,0.70499998,23.13725471,25.88235283,21,12.27499962
Fri Jul 24 19:04:29 GMT+05:00 2026,24-Jul-2026 19:04:29.602,74.22802317,31.4778422,27.90999984741211,3.7900924682617188,168.0750732421875,188.1999969482422,0.60329044,7.65523767,8.1951189,0.16381234,41.5686264,14.06866059,41.5686264,0,85,100,2016,-,-2.34375,-,-0.78125,41,12.90835868,23.12999916,-,0.70499998,23.13725471,25.88235283,21,12.27499962
Fri Jul 24 19:04:30 GMT+05:00 2026,24-Jul-2026 19:04:30.601,74.2279767,31.4776008,28.030000686645508,3.7900924682617188,168.77264404296875,188.5,-0.14596218,7.51615524,7.56281519,0.10600227,41.5686264,14.06866059,41.5686264,0,85,100,2016,-,-2.34375,-,-0.78125,41,12.90835868,23.12999916,-,0.70499998,23.13725471,28.23529434,20,12.17500019
Fri Jul 24 19:04:31 GMT+05:00 2026,24-Jul-2026 19:04:31.601,74.22793318,31.47734924,28.100000381469727,3.7900924682617188,168.886474609375,188.1999969482422,0.33529428,7.28644419,6.84586573,0.03872758,42.35293961,14.06866059,41.5686264,0,85,100,2034,-,-2.34375,-,-0.78125,41,12.90835868,23.12999916,-,0.70499998,23.13725471,28.23529434,20,12.17500019
Fri Jul 24 19:04:32 GMT+05:00 2026,24-Jul-2026 19:04:32.601,74.22789204,31.47709573,28.239999771118164,3.7900924682617188,168.9593505859375,187.6999969482422,-0.07657032,7.08425045,6.46660328,-0.00320655,42.35293961,14.06866059,41.5686264,0,85,100,2034,-,-2.34375,-,-0.78125,41,12.90835868,23.12999916,-,0.70499998,23.13725471,28.23529434,20.5,12.07499981
Fri Jul 24 19:04:33 GMT+05:00 2026,24-Jul-2026 19:04:33.601,74.22785487,31.47684245,28.399999618530273,3.7900924682617188,168.8843994140625,187.0,-1.22213411,6.80040216,6.12413025,-0.03984094,42.35293961,14.06866059,41.5686264,0,86,100,2059,-,-2.34375,-,-0.78125,41,12.90835868,23.12999916,-,0.70499998,23.13725471,28.23529434,20.5,12.07499981
Fri Jul 24 19:04:34 GMT+05:00 2026,24-Jul-2026 19:04:34.602,74.2278259,31.47658369,28.639999389648438,3.7900924682617188,169.51763916015625,186.5,0.40588254,6.01166773,6.98464918,-0.0406906,42.35293961,14.06866059,41.5686264,0,86,100,2059,-,-2.34375,-,-4.6875,41,12.90835868,23.12999916,-,0.66500002,23.13725471,28.23529434,20.5,12.14999962
Fri Jul 24 19:04:35 GMT+05:00 2026,24-Jul-2026 19:04:35.601,74.22778711,31.47632415,28.530000686645508,3.7900924682617188,169.58050537109375,187.0,0.0215354,7.35463953,8.15085125,0.13811356,33.72549057,14.06866059,15.68627453,0,86,100,2059,-,-2.34375,-,-4.6875,41,12.90835868,23.12999916,-,0.66500002,7.84313726,28.23529434,20.5,12.14999962
Fri Jul 24 19:04:36 GMT+05:00 2026,24-Jul-2026 19:04:36.603,74.22773722,31.47606461,28.350000381469727,3.7900924682617188,167.9473876953125,188.0,-0.20817557,6.32632399,8.3446703,0.08665949,33.72549057,14.06866059,15.68627453,0,86,100,2059,-,-6.25,-,0,41,12.90835868,23.12999916,-,0.30500001,7.84313726,14.50980377,-5.5,12.125
Fri Jul 24 19:04:37 GMT+05:00 2026,24-Jul-2026 19:04:37.602,74.22769537,31.47581293,27.940000534057617,3.7900924682617188,167.60906982421875,188.3000030517578,-0.33888352,6.93559647,8.35424137,0.12636715,33.72549057,14.06866059,0,0,86,100,1950,-,-6.25,-,0,41,12.90835868,3.6400001,-,0.30500001,3.52941179,14.50980377,-5.5,12.125
Fri Jul 24 19:04:38 GMT+05:00 2026,24-Jul-2026 19:04:38.601,74.22765395,31.47557266,27.1299991607666,3.7900924682617188,168.66864013671875,188.39999389648438,-0.03948157,6.64965391,6.53360224,-0.03070295,33.72549057,14.06866059,0,0,86,18.03921509,1950,-,0,-,0,41,12.90835868,3.6400001,-,0.30500001,3.52941179,14.50980377,-5.5,12.77499962
Fri Jul 24 19:04:39 GMT+05:00 2026,24-Jul-2026 19:04:39.601,74.22761248,31.47533249,26.760000228881836,3.7900924682617188,168.85943603515625,188.1999969482422,-0.55184472,6.65443993,7.15962458,0.01697284,33.72549057,14.06866059,0,0,87,18.03921509,1932,-,0,-,0,41,12.90835868,15.55000019,-,0.30500001,10.5882349,14.50980377,-5.5,12.77499962
Fri Jul 24 19:04:40 GMT+05:00 2026,24-Jul-2026 19:04:40.602,74.22757935,31.475095,26.639999389648438,3.7900924682617188,170.1590576171875,188.10000610351562,-0.16031912,6.61136913,6.88893652,-0.00755244,33.72549057,14.06866059,0,0,87,94.11764526,1932,-,0,-,-3.125,41,12.90835868,15.55000019,-,0.81,10.5882349,21.56862831,26.5,12.14999962
Fri Jul 24 19:04:41 GMT+05:00 2026,24-Jul-2026 19:04:41.602,74.22754317,31.47485277,27.270000457763672,3.7900924682617188,171.1533203125,187.8000030517578,0.26679972,6.34307384,7.78445005,0.04296225,33.72549057,14.06866059,28.23529434,7.03125,87,94.11764526,1957,-,0,-,-3.125,41,9.28241523,15.55000019,-,0.81,11.76470566,21.56862831,26.5,12.14999962
Fri Jul 24 19:04:42 GMT+05:00 2026,24-Jul-2026 19:04:42.602,74.22749252,31.47461585,26.760000228881836,3.7900924682617188,171.1436767578125,187.89999389648438,0.57098728,5.15683174,6.32273483,-0.14725971,33.72549057,14.06866059,28.23529434,7.03125,87,94.11764526,1957,-,-3.90625,-,-3.90625,41,9.28241523,15.55000019,-,0.67500001,11.76470566,20,30.5,12.10000038
Fri Jul 24 19:04:43 GMT+05:00 2026,24-Jul-2026 19:04:43.601,74.22744928,31.47437827,27.110000610351562,3.7900924682617188,171.10919189453125,188.39999389648438,0.70259255,7.52931547,8.31954479,0.16504818,33.72549057,14.06866059,21.1764698,7.03125,87,94.11764526,1957,-,-3.90625,-,-3.90625,41,9.57249071,15.55000019,-,0.67500001,10.5882349,20,30.5,12.10000038
Fri Jul 24 19:04:44 GMT+05:00 2026,24-Jul-2026 19:04:44.602,74.22740643,31.47413253,27.510000228881836,9.935046195983887,170.76025390625,188.3000030517578,-1.5011971,6.79322338,7.51136923,0.06265622,33.72549057,14.06866059,21.1764698,0,87,61.17647171,1964,-,-6.25,-,-7.03125,41,9.57249071,15.55000019,-,0.70999998,10.5882349,19.2156868,30.5,12.10000038
Fri Jul 24 19:04:45 GMT+05:00 2026,24-Jul-2026 19:04:45.602,74.227374,31.47389406,27.25,9.935046195983887,171.19427490234375,188.10000610351562,-0.42981076,7.05553675,7.55444002,0.0736143,33.72549057,14.06866059,21.1764698,0,87,17.25490189,1959,-,0,-,-7.03125,41,4.78624535,15.55000019,-,0.70999998,4.70588255,19.2156868,30.5,12.10000038
Fri Jul 24 19:04:46 GMT+05:00 2026,24-Jul-2026 19:04:46.602,74.22732136,31.47363924,27.1200008392334,9.935046195983887,170.59747314453125,188.1999969482422,-0.80548394,7.31156874,8.37697315,0.15540797,33.72549057,14.06866059,21.1764698,0,87,17.25490189,1959,-,0,-,0,41,4.78624535,15.55000019,-,0,8.62745094,19.2156868,2.5,12.375
Fri Jul 24 19:04:47 GMT+05:00 2026,24-Jul-2026 19:04:47.602,74.22728511,31.4733952,26.90999984741211,10.169455528259277,170.264404296875,188.10000610351562,0.63918275,7.27089071,6.75733137,0.03293008,33.72549057,14.06866059,21.1764698,0,86,50.19607925,1950,-,0,-,0,41,4.78624535,15.55000019,-,0,8.62745094,19.2156868,30.5,12.375
Fri Jul 24 19:04:48 GMT+05:00 2026,24-Jul-2026 19:04:48.602,74.22723689,31.47316235,27.059999465942383,10.356266021728516,168.94122314453125,188.1999969482422,-0.63320071,7.50778008,8.28365326,0.16044909,33.72549057,14.06866059,0,0,86,50.19607925,1950,-,0,-,0,41,4.78624535,15.55000019,-,0,9.8039217,18.03921509,30.5,12.05000019
Fri Jul 24 19:04:49 GMT+05:00 2026,24-Jul-2026 19:04:49.602,74.22719981,31.47291868,27.079999923706055,10.387428283691406,169.3653564453125,188.10000610351562,0.28384858,6.80279493,6.47737074,-0.02303857,33.72549057,14.06866059,0,0,86,58.03921509,1950,-,-6.25,-,0,41,4.78624535,11.52999973,-,0,9.8039217,18.03921509,31.5,12.05000019
Fri Jul 24 19:04:50 GMT+05:00 2026,24-Jul-2026 19:04:50.602,74.22716473,31.47267745,27.110000610351562,10.389373779296875,169.16864013671875,188.0,-0.22492532,6.53958416,7.15962458,0.00771844,33.72549057,14.06866059,0,0,86,58.03921509,1950,-,-6.25,-,-5.46875,41,4.78624535,11.52999973,-,0.72000003,9.8039217,18.03921509,31.5,12.05000019
Fri Jul 24 19:04:51 GMT+05:00 2026,24-Jul-2026 19:04:51.602,74.22712234,31.47243755,27.18000030517578,10.402161598205566,168.7264404296875,187.89999389648438,0.36879379,6.15882635,6.56710196,-0.06247097,34.90196228,14.06866059,0,0,86,58.03921509,1969,-,-6.25,-,-5.46875,41,9.28241523,11.52999973,-,0.72000003,9.8039217,18.03921509,31.5,12.05000019
Fri Jul 24 19:04:52 GMT+05:00 2026,24-Jul-2026 19:04:52.601,74.22708698,31.47219822,27.239999771118164,10.398655891418457,168.84002685546875,187.8000030517578,0.95413804,6.75613451,8.09671402,0.09833938,34.90196228,14.06866059,0,0,86,58.03921509,1969,-,-6.25,-,-5.46875,41,9.28241523,11.52999973,-,0.63,9.8039217,18.03921509,31.5,12.05000019
Fri Jul 24 19:04:53 GMT+05:00 2026,24-Jul-2026 19:04:53.602,74.22704707,31.47195494,27.290000915527344,10.402165412902832,168.31719970703125,187.8000030517578,0.60927248,7.72582626,7.79162884,0.13923424,34.90196228,14.06866059,0,0,86,57.64706039,1978,-,-5.46875,-,-5.46875,41,9.28241523,11.52999973,-,0.63,9.8039217,18.03921509,31.5,12.05000019
Fri Jul 24 19:04:54 GMT+05:00 2026,24-Jul-2026 19:04:54.601,74.22701514,31.47170962,27.299999237060547,10.393500328063965,168.63714599609375,186.6999969482422,-0.89072824,6.44117928,6.6137619,-0.03554499,34.90196228,14.06866059,0,0,86,57.64706039,1978,-,-5.46875,-,-5.46875,41,9.28241523,11.52999973,-,0.625,9.8039217,18.03921509,31.5,12.02499962
Fri Jul 24 19:04:55 GMT+05:00 2026,24-Jul-2026 19:04:55.602,74.22698737,31.47146661,27.3799991607666,10.327109336853027,168.73388671875,185.10000610351562,-0.50638109,6.29880667,6.73100996,-0.03987503,34.90196228,14.06866059,0,0,86,57.64706039,1983,-,-5.46875,-,-5.46875,41,9.42745297,11.52999973,-,0.625,10.1960783,18.03921509,31.5,12.02499962
Fri Jul 24 19:04:56 GMT+05:00 2026,24-Jul-2026 19:04:56.601,74.22695481,31.47122275,27.399999618530273,10.254039764404297,167.65155029296875,182.8000030517578,0.20817557,7.46590567,8.24177837,0.15279192,31.37254906,14.06866059,0,0,86,57.64706039,1983,-,-5.46875,-,-5.46875,41,9.42745297,11.52999973,-,0.625,3.92156863,18.03921509,30.5,12
Fri Jul 24 19:04:57 GMT+05:00 2026,24-Jul-2026 19:04:57.602,74.22694871,31.47097686,27.229999542236328,10.0836181640625,167.9027099609375,181.1999969482422,0.07657032,5.79122877,6.64965391,-0.08209264,31.37254906,14.06866059,0,0,86,18.43137169,1949,-,0,-,-5.46875,41,2.90075476,11.52999973,-,0.625,3.92156863,18.03921509,30.5,12
Fri Jul 24 19:04:58 GMT+05:00 2026,24-Jul-2026 19:04:58.602,74.22694965,31.47074008,26.860000610351562,9.935046195983887,168.1744384765625,180.3000030517578,-0.92303133,6.64845753,9.01376247,0.16460758,31.37254906,14.06866059,0,0,86,18.43137169,1949,-,0,-,0,41,2.90075476,11.52999973,-,0,6.27450991,14.50980377,30.5,12.64999962
Fri Jul 24 19:04:59 GMT+05:00 2026,24-Jul-2026 19:04:59.603,74.22695298,31.47049887,26.479999542236328,9.935046195983887,168.6416015625,178.10000610351562,-1.08693969,7.09142923,7.71864748,0.03466004,31.37254906,14.06866059,0,0,86,32.54901886,1902,-,0.78125,-,0,41,2.90075476,6.34000015,-,0,6.27450991,14.50980377,30.5,12.64999962
Fri Jul 24 19:05:00 GMT+05:00 2026,24-Jul-2026 19:05:00.602,74.22697391,31.47026528,26.170000076293945,10.051543235778809,168.8739013671875,175.10000610351562,-2.12961221,7.3570323,6.86859751,0.06770521,31.37254906,14.06866059,13.33333302,-27.34375,86,32.54901886,1902,-,0.78125,-,0,41,2.90075476,6.34000015,-,0,12.94117641,14.50980377,27,12.14999962
Fri Jul 24 19:05:01 GMT+05:00 2026,24-Jul-2026 19:05:01.602,74.22701612,31.47003457,26.149999618530273,9.935046195983887,169.00531005859375,170.10000610351562,-0.64875406,7.14766026,7.03400135,0.04338676,31.37254906,14.06866059,13.33333302,-27.34375,86,73.72548676,1902,-,-5.46875,-,0,41,2.90075476,6.34000015,-,0,12.94117641,14.50980377,27,12.14999962
Fri Jul 24 19:05:02 GMT+05:00 2026,24-Jul-2026 19:05:02.602,74.22707433,31.46981088,26.200000762939453,9.935046195983887,168.0330810546875,167.0,-0.88713902,6.71306372,7.15603542,0.0232771,31.76470566,14.06866059,0,0,86,73.72548676,1902,-,-5.46875,-,-5.46875,41,2.90075476,6.34000015,-,0.73000002,7.84313726,14.50980377,25.5,12.14999962
Fri Jul 24 19:05:03 GMT+05:00 2026,24-Jul-2026 19:05:03.602,74.2271397,31.46958276,26.110000610351562,9.935046195983887,167.97119140625,165.0,-0.51355958,6.6006012,7.05792952,0.00545144,31.76470566,14.06866059,0,0,86,73.72548676,1883,-,0,-,-5.46875,41,5.22135857,6.34000015,-,0.73000002,7.84313726,14.50980377,-10.5,12.14999962
Fri Jul 24 19:05:04 GMT+05:00 2026,24-Jul-2026 19:05:04.601,74.22722145,31.46935953,25.889999389648438,9.935046195983887,168.54937744140625,162.39999389648438,-0.80069828,6.63888645,7.17278481,0.01862931,31.76470566,14.06866059,0,0,86,73.72548676,1883,-,0,-,0,41,5.22135857,6.34000015,-,0,7.84313726,14.50980377,-10.5,12.14999962
Fri Jul 24 19:05:05 GMT+05:00 2026,24-Jul-2026 19:05:05.601,74.2273153,31.46914226,25.43000030517578,9.935046195983887,169.11248779296875,159.8000030517578,-0.92662054,7.10578585,7.3785677,0.0674836,31.76470566,14.06866059,0,0,86,73.72548676,1883,-,0,-,0,41,5.22135857,6.34000015,-,0,7.84313726,14.50980377,-10.5,12.14999962
Fri Jul 24 19:05:06 GMT+05:00 2026,24-Jul-2026 19:05:06.602,74.22741513,31.46893856,24.979999542236328,9.935046195983887,169.439208984375,156.89999389648438,-0.86799639,6.35743046,7.89810944,0.0563063,31.76470566,14.06866059,0,0,86,73.72548676,1883,-,0,-,0,41,5.22135857,6.34000015,-,0,7.84313726,14.50980377,-10.5,12.14999962
Fri Jul 24 19:05:07 GMT+05:00 2026,24-Jul-2026 19:05:07.602,74.22751876,31.46874064,24.450000762939453,9.935046195983887,169.7974853515625,154.8000030517578,-0.22731815,5.40239525,9.24586678,0.11083585,31.76470566,14.06866059,0,0,86,73.72548676,1883,-,0,-,0,41,5.22135857,6.34000015,-,0,3.13725495,14.50980377,-10.5,12.14999962
Fri Jul 24 19:05:08 GMT+05:00 2026,24-Jul-2026 19:05:08.603,74.22762109,31.46856263,22.829999923706055,9.935046195983887,169.83050537109375,153.39999389648438,0.02392823,6.35862684,7.37378216,0.01153868,31.37254906,14.06866059,0,0,86,21.96078491,1883,-,0,-,0,41,5.22135857,3.3499999,-,0,3.13725495,14.50980377,-10.5,12.14999962
Fri Jul 24 19:05:09 GMT+05:00 2026,24-Jul-2026 19:05:09.602,74.22772642,31.46838867,21.389999389648438,9.935046195983887,169.75,152.39999389648438,-0.28145576,6.18275452,6.30957413,-0.08004713,31.37254906,14.06866059,0,0,86,21.96078491,1883,-,0,-,0,41,5.22135857,3.3499999,-,0,3.52941179,14.11764717,-13,13.77499962
Fri Jul 24 19:05:10 GMT+05:00 2026,24-Jul-2026 19:05:10.602,74.22782441,31.46822537,20.940000534057617,9.935046195983887,169.3394775390625,151.39999389648438,-0.5374878,6.58624411,7.17996359,0.01370353,31.37254906,14.06866059,0,0,86,27.05882263,1485,-,0,-,0,41,5.22135857,3.6400001,-,0,3.52941179,14.11764717,-13,13.77499962
Fri Jul 24 19:05:11 GMT+05:00 2026,24-Jul-2026 19:05:11.601,74.22793362,31.46806092,20.56999969482422,9.935046195983887,169.9256591796875,150.39999389648438,-0.0215354,7.30199718,7.52213717,0.08764666,31.37254906,14.06866059,0,0,86,27.05882263,1485,-,0,-,0,41,5.22135857,3.6400001,-,0,3.52941179,14.50980377,28,13.77499962
Fri Jul 24 19:05:12 GMT+05:00 2026,24-Jul-2026 19:05:12.601,74.22804041,31.46790234,20.139999389648438,9.935046195983887,170.03411865234375,149.39999389648438,0.28624141,6.78843784,8.08953476,0.09589547,31.37254906,14.06866059,0,0,86,27.05882263,1445,-,0,-,0,41,4.49616988,3.52999997,-,0,6.66666651,14.50980377,28,13.77499962
Fri Jul 24 19:05:13 GMT+05:00 2026,24-Jul-2026 19:05:13.601,74.22814776,31.46774563,19.860000610351562,9.935046195983887,170.77508544921875,148.89999389648438,0.285045,7.02921581,7.03639412,0.03326839,31.37254906,14.06866059,0,0,86,27.05882263,1445,-,-8.59375,-,-4.6875,41,4.49616988,3.52999997,-,0.78500003,6.66666651,14.50980377,38.5,12.94999981
Fri Jul 24 19:05:14 GMT+05:00 2026,24-Jul-2026 19:05:14.602,74.2282555,31.4675911,19.610000610351562,9.935046195983887,171.5684814453125,149.3000030517578,0.28265217,6.5443697,5.99970388,-0.07551026,31.37254906,14.06866059,0,0,86,94.50980377,1402,-,-8.59375,-,-4.6875,41,10.87783035,3.52999997,-,0.78500003,14.50980377,14.50980377,38.5,12.94999981
Fri Jul 24 19:05:15 GMT+05:00 2026,24-Jul-2026 19:05:15.602,74.22836204,31.46743209,19.59000015258789,9.935046195983887,172.129150390625,149.5,0.13639089,7.72223711,6.77168798,0.06606168,31.37254906,14.06866059,24.70588303,0,86,94.50980377,1402,-,-8.59375,-,-4.6875,42,10.87783035,3.52999997,-,0.78500003,14.50980377,20.3921566,23.5,12.5
Fri Jul 24 19:05:16 GMT+05:00 2026,24-Jul-2026 19:05:16.602,74.22846787,31.46727886,19.690000534057617,9.935046195983887,172.53692626953125,149.60000610351562,0.06819545,6.71186733,6.04397106,-0.06027091,31.37254906,14.06866059,24.70588303,0,86,94.50980377,1402,-,-8.59375,-,-4.6875,42,10.87783035,14.68000031,-,0.78500003,15.29411793,20.3921566,23.5,12.5
Fri Jul 24 19:05:17 GMT+05:00 2026,24-Jul-2026 19:05:17.602,74.22857615,31.46712275,19.799999237060547,9.935046195983887,173.74896240234375,149.5,0.22492532,6.70588541,7.16082096,0.01931554,31.37254906,14.06866059,24.70588303,0,86,94.50980377,1402,-,-2.34375,-,-2.34375,42,10.87783035,14.68000031,-,0.67500001,15.29411793,24.31372643,18.5,12.5
Fri Jul 24 19:05:18 GMT+05:00 2026,24-Jul-2026 19:05:18.602,74.22868148,31.46696359,19.950000762939453,9.935046195983887,174.3565673828125,149.39999389648438,0.00717847,6.90448952,7.3354969,0.04589134,39.2156868,14.06866059,30.19607925,0,86,94.50980377,1402,-,-2.34375,-,-2.34375,42,10.87783035,14.68000031,-,0.67500001,17.25490189,24.31372643,18.5,12.5
Fri Jul 24 19:05:19 GMT+05:00 2026,24-Jul-2026 19:05:19.601,74.22878538,31.4668069,20.09000015258789,9.935046195983887,175.21685791015625,149.5,0.05024927,6.76809883,6.54556656,-0.02120066,39.2156868,14.06866059,30.19607925,0,86,100,1455,-,-3.125,-,-2.34375,42,10.87783035,14.68000031,-,0.67500001,17.25490189,24.31372643,17,12.5
Fri Jul 24 19:05:20 GMT+05:00 2026,24-Jul-2026 19:05:20.601,74.22889257,31.46664051,20.25,9.935046195983887,176.4813232421875,149.39999389648438,0.1268196,6.792027,7.22303438,0.02976865,39.2156868,14.06866059,30.58823586,0,86,100,1455,-,-3.125,-,-3.125,42,10.87783035,14.68000031,-,0.66500002,11.37254906,24.31372643,17,12.10000038
Fri Jul 24 19:05:21 GMT+05:00 2026,24-Jul-2026 19:05:21.602,74.22900061,31.46648105,20.34000015258789,9.935046195983887,177.3114013671875,149.39999389648438,0.21415763,6.7142601,6.72981358,-0.011702,39.2156868,14.06866059,30.58823586,0,86,22.35294151,1450,-,0,-,-3.125,41,10.87783035,2.99000001,-,0.66500002,11.37254906,24.31372643,16.5,12.10000038
Fri Jul 24 19:05:22 GMT+05:00 2026,24-Jul-2026 19:05:22.602,74.2290995,31.46633275,20.059999465942383,9.935046195983887,177.126953125,149.1999969482422,-0.36879379,7.513762,7.43121004,0.09690875,39.2156868,14.06866059,7.45098019,-100,86,22.35294151,1450,-,0,-,-3.125,41,10.87783035,2.99000001,-,0.66500002,9.01960754,17.25490189,16.5,12.125
Fri Jul 24 19:05:23 GMT+05:00 2026,24-Jul-2026 19:05:23.602,74.22921436,31.46617174,19.979999542236328,9.935046195983887,177.81646728515625,149.10000610351562,0.68464637,6.05473852,5.49451923,-0.14463151,39.2156868,14.06866059,7.45098019,-100,87,33.33333206,1437,-,-4.6875,-,-3.125,41,8.4121888,8.06999969,-,0.66500002,9.01960754,17.25490189,16.5,12.125
Fri Jul 24 19:05:24 GMT+05:00 2026,24-Jul-2026 19:05:24.602,74.22931931,31.46601985,19.899999618530273,9.935046195983887,177.546875,149.0,-0.71455663,6.02961397,6.87099028,-0.04630381,39.2156868,14.06866059,0,0,87,33.33333206,1437,-,-4.6875,-,-3.125,41,8.4121888,8.06999969,-,0.66500002,9.01960754,14.11764717,-9,12.32499981
Fri Jul 24 19:05:25 GMT+05:00 2026,24-Jul-2026 19:05:25.602,74.22942274,31.46587319,19.540000915527344,9.935046195983887,177.4927978515625,148.89999389648438,-0.38195431,7.43001318,7.50060177,0.09591776,39.2156868,14.06866059,0,0,87,33.33333206,1376,-,-4.6875,-,-3.125,41,3.0457925,3.20000005,-,0.66500002,3.13725495,14.11764717,-9,12.32499981
Fri Jul 24 19:05:26 GMT+05:00 2026,24-Jul-2026 19:05:26.603,74.22952376,31.46572268,19.229999542236328,9.935046195983887,176.987548828125,149.10000610351562,0.18065812,6.78843784,6.99422073,0.01273817,39.2156868,14.06866059,0,0,87,33.33333206,1376,-,0,-,-3.125,41,3.0457925,3.20000005,-,0.66500002,3.13725495,14.11764717,-13,12.97500038
Fri Jul 24 19:05:27 GMT+05:00 2026,24-Jul-2026 19:05:27.602,74.22962519,31.46557578,18.989999771118164,9.935046195983887,176.93975830078125,149.5,-0.04546363,7.10458946,6.83629417,0.0240584,31.37254906,14.06866059,0,0,87,33.33333206,1582,-,0,-,-3.125,41,4.78624535,3.20000005,-,0.66500002,3.13725495,14.11764717,-13,12.97500038
Fri Jul 24 19:05:28 GMT+05:00 2026,24-Jul-2026 19:05:28.602,74.22972393,31.46542775,18.889999389648438,9.935046195983887,176.5394287109375,149.8000030517578,0.04307081,6.80399132,6.69631433,-0.00785446,31.37254906,14.06866059,0,0,87,33.33333206,1582,-,0,-,1.5625,41,4.78624535,3.20000005,-,0.23,3.13725495,19.6078434,-13,12.97500038
Fri Jul 24 19:05:29 GMT+05:00 2026,24-Jul-2026 19:05:29.602,74.22982263,31.46527663,19.139999389648438,9.935046195983887,176.47174072265625,151.10000610351562,0.83659059,6.94636393,6.80040216,0.01358831,31.37254906,14.06866059,0,0,88,33.33333206,1507,-,-1.5625,-,1.5625,41,10.58775487,13.96000004,-,0.23,11.37254906,19.6078434,-13,12.97500038
Fri Jul 24 19:05:30 GMT+05:00 2026,24-Jul-2026 19:05:30.602,74.22991663,31.4651202,19.489999771118164,9.935046195983887,176.611083984375,153.3000030517578,1.17786694,7.69950485,8.36141968,0.18386191,31.37254906,14.06866059,30.98039246,0.78125,88,33.33333206,1507,-,-1.5625,-,-1.5625,41,10.58775487,13.96000004,-,0.70499998,16.07843208,19.6078434,-13,12.25
Fri Jul 24 19:05:31 GMT+05:00 2026,24-Jul-2026 19:05:31.600,74.23000558,31.46495354,20.010000228881836,9.935046195983887,176.697021484375,156.39999389648438,-0.00239282,6.73699236,7.21107006,0.02495974,38.4313736,14.06866059,30.98039246,0.78125,88,100,1457,-,-1.5625,-,-1.5625,41,10.58775487,15.44999981,-,0.70499998,16.07843208,19.6078434,-13,12.25
Fri Jul 24 19:05:32 GMT+05:00 2026,24-Jul-2026 19:05:32.601,74.23008966,31.46478228,20.540000915527344,9.935046195983887,176.31317138671875,157.6999969482422,0.80069828,5.92791891,4.4171505,-0.22300851,38.4313736,14.06866059,30.98039246,0.78125,88,100,1457,-,-3.125,-,-1.5625,41,10.58775487,15.44999981,-,0.70499998,16.07843208,19.6078434,-13,12.25
Fri Jul 24 19:05:33 GMT+05:00 2026,24-Jul-2026 19:05:33.601,74.23017389,31.46460112,20.81999969482422,9.935046195983887,175.6505126953125,158.1999969482422,0.81864446,7.20867729,7.39651394,0.07513422,38.4313736,14.06866059,30.98039246,0.78125,88,100,1457,-,-3.125,-,-1.5625,41,10.58775487,15.44999981,-,0.70499998,16.07843208,19.6078434,-13,12.25
Fri Jul 24 19:05:34 GMT+05:00 2026,24-Jul-2026 19:05:34.602,74.23026078,31.46442572,21.020000457763672,9.935046195983887,176.05419921875,158.8000030517578,0.4848457,6.82552671,6.2748785,-0.03459501,38.4313736,14.06866059,30.98039246,0.78125,88,100,1457,-,-3.125,-,-1.5625,41,10.58775487,15.44999981,-,0.70499998,16.07843208,19.6078434,-13,12.25
Fri Jul 24 19:05:35 GMT+05:00 2026,24-Jul-2026 19:05:35.602,74.23034098,31.46424862,21.260000228881836,9.935046195983887,175.63690185546875,159.0,-0.32213375,6.46301413,6.84586573,-0.02073485,38.4313736,14.06866059,30.98039246,0.78125,88,100,1457,-,-3.125,-,-3.125,41,10.58775487,15.44999981,-,0.66500002,16.07843208,21.1764698,23.5,12.125
Fri Jul 24 19:05:36 GMT+05:00 2026,24-Jul-2026 19:05:36.602,74.23042683,31.46407119,21.3799991607666,9.935046195983887,175.841796875,157.1999969482422,-0.72652078,7.11416101,6.73100996,0.0200879,38.4313736,14.06866059,29.01960754,0.78125,88,100,1457,-,-3.125,-,-3.125,41,10.58775487,14.86999989,-,0.66500002,13.72549057,21.1764698,23.5,12.125
Fri Jul 24 19:05:37 GMT+05:00 2026,24-Jul-2026 19:05:37.602,74.2305249,31.46389894,21.510000228881836,9.935046195983887,176.0576171875,155.1999969482422,-0.41784665,7.26131964,6.2617178,-0.00266981,38.4313736,14.06866059,29.01960754,0.78125,88,100,1457,-,-3.125,-,-3.125,41,10.58775487,14.86999989,-,0.66500002,13.72549057,21.1764698,21,12.17500019
Fri Jul 24 19:05:38 GMT+05:00 2026,24-Jul-2026 19:05:38.601,74.23062691,31.46372169,21.579999923706055,9.935046195983887,176.726318359375,152.6999969482422,-0.27517462,7.05673313,6.75733137,0.01534927,38.4313736,14.06866059,29.01960754,0.78125,88,100,1556,-,-3.125,-,-3.125,41,12.32820773,14.86999989,-,0.66500002,16.07843208,21.1764698,21,12.17500019
Fri Jul 24 19:05:39 GMT+05:00 2026,24-Jul-2026 19:05:39.601,74.23074057,31.46354538,21.579999923706055,9.935046195983887,177.029296875,149.5,-0.84885383,6.71067095,6.95354271,0.00786787,38.4313736,14.06866059,29.01960754,0.78125,88,100,1556,-,-3.125,-,-3.90625,41,12.32820773,14.86999989,-,0.65499997,16.07843208,23.52941132,21,12.07499981
Fri Jul 24 19:05:40 GMT+05:00 2026,24-Jul-2026 19:05:40.601,74.23086048,31.46338203,21.579999923706055,9.935046195983887,177.6025390625,147.1999969482422,-0.5697909,7.18594551,6.86979389,0.03405982,39.2156868,14.06866059,29.01960754,0,88,100,1556,-,-3.125,-,-3.90625,41,12.61828321,14.86999989,-,0.65499997,17.25490189,23.52941132,21,12.07499981
Fri Jul 24 19:05:41 GMT+05:00 2026,24-Jul-2026 19:05:41.601,74.23098997,31.46322139,21.639999389648438,9.935046195983887,178.03070068359375,145.0,-0.11006984,7.29122972,7.26251602,0.06809896,39.2156868,14.06866059,29.01960754,0,88,100,1556,-,-3.125,-,-3.125,41,12.61828321,14.86999989,-,0.65499997,17.25490189,24.31372643,20,12.07499981
Fri Jul 24 19:05:42 GMT+05:00 2026,24-Jul-2026 19:05:42.601,74.23112619,31.46306037,21.780000686645508,3.7900924682617188,178.27008056640625,143.5,-0.50039905,7.14885664,8.17717266,0.12736148,39.2156868,14.06866059,32.15686417,0,88,100,1556,-,-3.125,-,-3.125,41,9.86256618,8.60999966,-,0.65499997,17.25490189,24.31372643,20,12.07499981
Fri Jul 24 19:05:43 GMT+05:00 2026,24-Jul-2026 19:05:43.601,74.23126441,31.46290353,21.889999389648438,3.7900924682617188,178.55035400390625,142.3000030517578,0.42861435,4.80389071,3.39720988,-0.37964106,39.2156868,14.06866059,32.15686417,0,88,21.56862831,1555,-,-7.8125,-,-3.125,41,9.86256618,8.60999966,-,0.65499997,17.25490189,20,17.5,12.14999962
Fri Jul 24 19:05:44 GMT+05:00 2026,24-Jul-2026 19:05:44.602,74.23140692,31.46275064,21.709999084472656,3.7900924682617188,178.80889892578125,141.1999969482422,0.99601245,7.17278481,6.68435001,0.02358919,39.2156868,14.06866059,26.66666603,0,88,21.56862831,1555,-,-7.8125,-,-4.6875,41,12.18316999,8.60999966,-,0.74000001,15.68627453,20,17.5,12.14999962
Fri Jul 24 19:05:45 GMT+05:00 2026,24-Jul-2026 19:05:45.602,74.23154865,31.46259657,21.850000381469727,3.7900924682617188,178.6610107421875,142.1999969482422,0.10049855,7.36062145,7.63968468,0.10046071,39.2156868,14.06866059,26.66666603,0,88,21.56862831,1584,-,-3.90625,-,-4.6875,41,12.18316999,8.60999966,-,0.74000001,15.68627453,20,16.5,12.14999962
Fri Jul 24 19:05:46 GMT+05:00 2026,24-Jul-2026 19:05:46.602,74.23168286,31.46243919,22.170000076293945,3.7900924682617188,178.53009033203125,142.89999389648438,0.15433706,6.7489562,6.2054863,-0.04628748,39.2156868,14.06866059,33.33333206,0,88,21.56862831,1584,-,-3.90625,-,-2.34375,41,12.18316999,8.60999966,-,0.63,19.2156868,20,16.5,12.14999962
Fri Jul 24 19:05:47 GMT+05:00 2026,24-Jul-2026 19:05:47.602,74.23182663,31.46227954,22.5,3.7900924682617188,178.5467529296875,142.6999969482422,0.33050862,6.11934471,7.03998327,-0.02955788,39.2156868,14.06866059,33.33333206,0,88,100,1631,-,-4.6875,-,-2.34375,41,12.18316999,17.31999969,-,0.63,19.2156868,16.86274529,16.5,12.14999962
Fri Jul 24 19:05:48 GMT+05:00 2026,24-Jul-2026 19:05:48.602,74.23196655,31.4621179,22.510000228881836,3.7900924682617188,178.42236328125,143.10000610351562,0.10408778,7.13569641,6.85902596,0.02799529,39.2156868,14.06866059,33.33333206,-67.96875,88,100,1631,-,-4.6875,-,-6.25,41,12.18316999,17.31999969,-,0.78500003,12.54901981,16.86274529,16.5,12.10000038
Fri Jul 24 19:05:49 GMT+05:00 2026,24-Jul-2026 19:05:49.604,74.232103,31.46195259,22.59000015258789,3.7900924682617188,177.610107421875,142.60000610351562,0.6762715,6.88056135,6.48335314,-0.01483846,39.2156868,14.06866059,33.33333206,-67.96875,88,100,1643,-,-3.90625,-,-6.25,41,11.02286809,17.31999969,-,0.78500003,12.54901981,16.86274529,24.5,12.10000038
Fri Jul 24 19:05:50 GMT+05:00 2026,24-Jul-2026 19:05:50.602,74.23225023,31.46178913,22.8700008392334,3.7900924682617188,177.206298828125,142.1999969482422,-0.25124636,7.23858738,6.90688276,0.03921014,36.07843018,14.06866059,28.62745094,-67.96875,88,100,1643,-,-3.90625,-,-6.25,41,11.02286809,17.31999969,-,0.78500003,11.76470566,21.1764698,24.5,12.10000038
Fri Jul 24 19:05:51 GMT+05:00 2026,24-Jul-2026 19:05:51.601,74.2323985,31.46162199,23.239999771118164,3.7900924682617188,176.81005859375,142.10000610351562,0.04546363,6.21027184,6.76570606,-0.04482102,36.07843018,14.06866059,28.62745094,-67.96875,88,24.31372643,1643,-,-9.375,-,-6.25,41,9.86256618,12.69999981,-,0.78500003,11.76470566,21.1764698,24.5,12.10000038
Fri Jul 24 19:05:52 GMT+05:00 2026,24-Jul-2026 19:05:52.602,74.2325486,31.4614553,23.34000015258789,3.7900924682617188,176.2559814453125,142.0,0.27517462,6.2054863,7.16201735,-0.01459688,36.07843018,14.06866059,28.62745094,-67.96875,88,24.31372643,1643,-,-9.375,-,0,41,9.86256618,12.69999981,-,0.28999999,3.52941179,21.1764698,-9.5,12.10000038
Fri Jul 24 19:05:53 GMT+05:00 2026,24-Jul-2026 19:05:53.602,74.23268821,31.46129427,23.209999084472656,3.7900924682617188,175.35986328125,142.10000610351562,-0.11126626,6.36341286,6.41366196,-0.05994898,31.37254906,14.06866059,28.62745094,-67.96875,88,20,1673,-,0,-,0,41,9.86256618,3.28999996,-,0.28999999,3.52941179,21.1764698,-9.5,12.10000038
Fri Jul 24 19:05:54 GMT+05:00 2026,24-Jul-2026 19:05:54.601,74.2328361,31.46112986,23.209999084472656,3.7900924682617188,174.3699951171875,142.3000030517578,0.46689951,5.942276,7.37617493,-0.01428336,31.37254906,14.06866059,0,0,88,20,1673,-,0,-,0,41,9.86256618,3.28999996,-,0,3.52941179,21.1764698,-12.5,12.10000038
Fri Jul 24 19:05:55 GMT+05:00 2026,24-Jul-2026 19:05:55.602,74.2329848,31.46096146,23.280000686645508,3.7900924682617188,173.29083251953125,142.5,-0.27996024,6.83868694,7.26251602,0.03627688,31.37254906,14.06866059,0,0,88,20,1680,-,0,-,0,41,9.86256618,3.20000005,-,0,3.52941179,21.1764698,-12.5,12.10000038
Fri Jul 24 19:05:56 GMT+05:00 2026,24-Jul-2026 19:05:56.602,74.23313359,31.4607957,23.290000915527344,3.7900924682617188,172.2618408203125,142.39999389648438,-0.02033899,6.31555605,7.498209,0.01834351,31.37254906,14.06866059,0,0,88,20,1680,-,0,-,0,41,9.86256618,3.20000005,-,0,3.52941179,21.1764698,-12.5,13.52499962
Fri Jul 24 19:05:57 GMT+05:00 2026,24-Jul-2026 19:05:57.602,74.23327663,31.46063171,23.31999969482422,3.7900924682617188,170.894775390625,142.3000030517578,-0.36281174,6.81116962,7.49342299,0.05191225,31.37254906,14.06866059,0,0,88,18.8235302,1680,-,0,-,0,41,2.75571702,3.17000008,-,0,3.52941179,21.1764698,-12.5,13.52499962
Fri Jul 24 19:05:58 GMT+05:00 2026,24-Jul-2026 19:05:58.602,74.23342898,31.46046603,23.420000076293945,3.7900924682617188,169.771240234375,142.0,-0.10049855,6.57428026,7.15005302,0.00917584,31.37254906,14.06866059,0,0,88,18.8235302,1680,-,0,-,0,41,2.75571702,3.17000008,-,0,3.52941179,21.1764698,-12.5,13.97500038
Fri Jul 24 19:05:59 GMT+05:00 2026,24-Jul-2026 19:05:59.602,74.23357861,31.46030233,23.40999984741211,3.7900924682617188,168.6549072265625,141.89999389648438,0.12203395,6.37059116,8.0572319,0.06611627,31.37254906,14.06866059,0,0,88,18.43137169,1685,-,0,-,0,42,2.75571702,3.1099999,-,0,3.52941179,21.1764698,-12.5,13.97500038
Fri Jul 24 19:06:00 GMT+05:00 2026,24-Jul-2026 19:06:00.602,74.23372878,31.46013629,23.350000381469727,3.7900924682617188,168.1102294921875,142.0,-0.07537391,6.99182796,8.43320465,0.13570946,31.37254906,14.06866059,0,0,88,18.43137169,1685,-,0,-,0,42,2.75571702,3.1099999,-,0,3.52941179,14.11764717,-12.5,14.07499981
Fri Jul 24 19:06:01 GMT+05:00 2026,24-Jul-2026 19:06:01.603,74.23387957,31.45997138,23.170000076293945,3.7900924682617188,167.60546875,142.10000610351562,0.55543393,7.10339308,8.08474922,0.11750728,31.37254906,14.06866059,0,0,88,20,1657,-,0,-,0,42,2.90075476,3.23000002,-,0,3.52941179,14.11764717,-12.5,14.07499981
Fri Jul 24 19:06:02 GMT+05:00 2026,24-Jul-2026 19:06:02.602,74.23402751,31.45980891,22.90999984741211,3.7900924682617188,167.326904296875,142.3000030517578,-0.05503492,6.75733137,6.88893652,0.00268745,31.37254906,14.06866059,0,0,88,20,1657,-,0,-,0,42,2.90075476,3.23000002,-,0,3.52941179,14.11764717,-13,14.07499981
Fri Jul 24 19:06:03 GMT+05:00 2026,24-Jul-2026 19:06:03.602,74.23417775,31.45964903,22.600000381469727,3.7900924682617188,167.3843994140625,142.39999389648438,-0.23449662,6.35264492,6.8554368,-0.02796948,31.37254906,14.06866059,0,0,87,21.1764698,1657,-,0,-,0,42,2.90075476,3.25999999,-,0,3.13725495,14.11764717,-13,14.07499981
Fri Jul 24 19:06:04 GMT+05:00 2026,24-Jul-2026 19:06:04.602,74.23432091,31.45949061,22.059999465942383,3.7900924682617188,167.2860107421875,142.5,-0.24406791,6.18036175,6.09541655,-0.0957886,31.37254906,14.06866059,0,0,87,21.1764698,1657,-,0,-,0,42,2.90075476,3.25999999,-,0,3.13725495,14.11764717,-13,14.07499981
Fri Jul 24 19:06:05 GMT+05:00 2026,24-Jul-2026 19:06:05.601,74.23446215,31.45933999,21.219999313354492,3.7900924682617188,167.2933349609375,142.10000610351562,-0.46091747,6.71784973,6.44596529,-0.0307849,31.37254906,14.06866059,0,0,87,21.1764698,1657,-,0,-,0,42,2.90075476,3.23000002,-,0,3.52941179,14.11764717,-13,14.07499981
Fri Jul 24 19:06:06 GMT+05:00 2026,24-Jul-2026 19:06:06.602,74.23459748,31.45918972,20.739999771118164,3.7900924682617188,167.2509765625,141.6999969482422,0.26679972,6.71306372,7.27687263,0.02858239,31.37254906,14.06866059,0,0,87,21.1764698,1657,-,0,-,0,42,2.90075476,3.23000002,-,0,3.52941179,14.11764717,-13,14.07499981
Fri Jul 24 19:06:07 GMT+05:00 2026,24-Jul-2026 19:06:07.602,74.23473417,31.4590458,20.40999984741211,3.7900924682617188,167.0870361328125,141.8000030517578,-1.41505551,6.93918562,10.72313595,0.32895845,31.37254906,14.06866059,0,0,87,21.1764698,1436,-,0,-,0,42,2.90075476,3.23000002,-,0,3.13725495,14.11764717,-13,14.07499981
Fri Jul 24 19:06:08 GMT+05:00 2026,24-Jul-2026 19:06:08.602,74.2348649,31.45890371,20.020000457763672,3.7900924682617188,167.1739501953125,142.10000610351562,-1.02592266,5.51366138,8.64496899,0.06943613,31.37254906,14.06866059,0,0,87,23.52941132,1436,-,0,-,0,42,2.90075476,3.23000002,-,0,3.13725495,14.11764717,-13,14.07499981
Fri Jul 24 19:06:09 GMT+05:00 2026,24-Jul-2026 19:06:09.601,74.23499043,31.45877062,19.049999237060547,3.7900924682617188,167.39892578125,142.0,-0.90628159,6.56949472,9.04008389,0.16188711,31.37254906,14.06866059,0,0,86,24.70588303,1294,-,0,-,0,42,2.90075476,3.23000002,-,0,3.13725495,14.11764717,-13,14.07499981
Fri Jul 24 19:06:10 GMT+05:00 2026,24-Jul-2026 19:06:10.601,74.23510946,31.45864683,17.829999923706055,3.7900924682617188,168.0028076171875,141.3000030517578,-0.22971097,6.47737074,7.385746,0.02067274,31.37254906,14.06866059,0,0,86,24.70588303,1294,-,0,-,0,42,2.90075476,3.23000002,-,0,3.13725495,14.11764717,-13,14.14999962
Fri Jul 24 19:06:11 GMT+05:00 2026,24-Jul-2026 19:06:11.601,74.23521866,31.45852694,16.75,3.7900924682617188,167.9970703125,141.60000610351562,-0.25962126,6.12532663,6.63170815,-0.0603658,31.37254906,14.06866059,0,0,86,24.70588303,1155,-,0,-,0,42,3.62594345,3.23000002,-,0,3.52941179,14.11764717,-13,14.14999962
Fri Jul 24 19:06:12 GMT+05:00 2026,24-Jul-2026 19:06:12.602,74.23532644,31.4584107,16.18000030517578,3.7900924682617188,167.9171142578125,141.5,-0.91944212,6.11455917,7.4635129,-0.0047527,31.37254906,14.06866059,0,0,86,27.05882263,1155,-,0,-,0,43,3.62594345,3.23000002,-,0,3.52941179,14.11764717,-13,14.14999962
Fri Jul 24 19:06:13 GMT+05:00 2026,24-Jul-2026 19:06:13.601,74.23543007,31.45830116,15.5,3.7900924682617188,168.17864990234375,141.10000610351562,-0.36879379,6.00329304,7.28764057,-0.01779038,31.37254906,14.06866059,0,0,86,29.01960754,1155,-,0,-,0,43,3.62594345,3.23000002,-,0,3.52941179,14.11764717,-13,14.14999962
Fri Jul 24 19:06:14 GMT+05:00 2026,24-Jul-2026 19:06:14.601,74.23552472,31.45820396,14.350000381469727,3.7900924682617188,168.251708984375,140.89999389648438,-0.42143589,4.9043889,8.61027336,0.03001279,31.37254906,14.06866059,0,0,86,29.01960754,1155,-,0,-,0,43,3.62594345,3.23000002,-,0,3.52941179,14.11764717,-13,14.14999962
Fri Jul 24 19:06:15 GMT+05:00 2026,24-Jul-2026 19:06:15.601,74.23560837,31.45811331,12.619999885559082,3.7900924682617188,168.294921875,141.1999969482422,0.01794617,5.29441929,9.54885769,0.1319887,31.37254906,14.06866059,0,0,86,29.41176414,1092,-,0,-,0,43,3.62594345,3.31999993,-,0,3.13725495,14.11764717,-13,14.14999962
Fri Jul 24 19:06:16 GMT+05:00 2026,24-Jul-2026 19:06:16.602,74.23567492,31.45803904,10.40999984741211,3.7900924682617188,168.119873046875,142.8000030517578,0.59730834,5.60219622,8.45115089,0.03265029,31.37254906,14.06866059,0,0,86,29.41176414,1092,-,0,-,0,43,3.62594345,3.31999993,-,0,3.52941179,14.11764717,-13,14.14999962
Fri Jul 24 19:06:17 GMT+05:00 2026,24-Jul-2026 19:06:17.602,74.23572727,31.45797605,8.350000381469727,3.7900924682617188,168.32232666015625,146.1999969482422,0.18544376,6.29761028,7.62652397,0.02739221,31.37254906,14.06866059,0,0,86,29.41176414,1092,-,0,-,0,43,4.2060944,3.42000008,-,0,3.52941179,14.11764717,-13,14.14999962
Fri Jul 24 19:06:18 GMT+05:00 2026,24-Jul-2026 19:06:18.601,74.23576719,31.45792163,7.409999847412109,3.7900924682617188,168.23699951171875,149.39999389648438,-0.44057846,6.0487566,7.90289497,0.03447324,31.37254906,14.06866059,0,0,86,29.41176414,1092,-,0,-,0.78125,43,4.2060944,3.42000008,-,0.05,3.13725495,14.11764717,1,14.14999962
Fri Jul 24 19:06:19 GMT+05:00 2026,24-Jul-2026 19:06:19.601,74.23580198,31.45786852,6.829999923706055,3.7900924682617188,168.35101318359375,150.3000030517578,-0.29940194,5.75772953,8.02373219,0.02617151,31.37254906,14.06866059,0,0,86,30.58823586,907,-,-2.34375,-,0.78125,43,3.91601893,3.1099999,-,0.05,3.13725495,14.11764717,1,14.14999962
Fri Jul 24 19:06:20 GMT+05:00 2026,24-Jul-2026 19:06:20.603,74.23582974,31.45782675,5.650000095367432,3.7900924682617188,168.47161865234375,149.39999389648438,-0.34606197,6.52403116,7.60498857,0.0410077,31.37254906,14.06866059,0,0,86,30.58823586,907,-,-2.34375,-,0.78125,43,3.91601893,3.1099999,-,0.05,3.13725495,14.11764717,1,14.14999962
Fri Jul 24 19:06:21 GMT+05:00 2026,24-Jul-2026 19:06:21.602,74.23585488,31.45779204,4.690000057220459,3.7900924682617188,168.5926513671875,147.89999389648438,-0.41306102,6.37657309,7.54127979,0.02658838,31.37254906,14.06866059,0,0,86,34.11764526,783,-,-2.34375,-,0.78125,43,3.91601893,3.1099999,-,0.05,3.13725495,14.11764717,1,14.14999962
Fri Jul 24 19:06:22 GMT+05:00 2026,24-Jul-2026 19:06:22.601,74.23587956,31.45776206,4.239999771118164,3.7900924682617188,168.8946533203125,146.89999389648438,-0.38793638,7.01964426,7.72223711,0.08353859,31.37254906,14.06866059,0,0,86,34.11764526,783,-,-2.34375,-,-6.25,43,3.91601893,3.1099999,-,0.85000002,3.13725495,14.11764717,1,14.14999962
Fri Jul 24 19:06:23 GMT+05:00 2026,24-Jul-2026 19:06:23.602,74.23590521,31.45773658,3.7699999809265137,3.7900924682617188,169.7047119140625,146.1999969482422,-0.23808585,5.9925251,8.23340321,0.05733508,31.37254906,14.06866059,0,0,86,32.54901886,755,-,-2.34375,-,-6.25,43,3.91601893,2.96000004,-,0.85000002,3.13725495,14.11764717,1,14.14999962
Fri Jul 24 19:06:24 GMT+05:00 2026,24-Jul-2026 19:06:24.602,74.23592188,31.45771402,3.140000104904175,3.7900924682617188,169.74591064453125,145.10000610351562,-0.32093734,6.90090036,7.21346283,0.03714126,31.37254906,14.06866059,0,0,86,32.54901886,755,-,-2.34375,-,-7.03125,43,3.91601893,2.96000004,-,0.75,3.13725495,14.11764717,1.5,12.39999962
Fri Jul 24 19:06:25 GMT+05:00 2026,24-Jul-2026 19:06:25.601,74.23593776,31.45769279,2.5999999046325684,3.7900924682617188,169.86248779296875,144.1999969482422,-0.15074782,6.61495829,7.19790983,0.01563901,30.98039246,14.06866059,0,0,86,32.54901886,917,-,-2.34375,-,-7.03125,43,4.78624535,3.01999998,-,0.75,3.13725495,14.11764717,1.5,12.39999962
Fri Jul 24 19:06:26 GMT+05:00 2026,24-Jul-2026 19:06:26.601,74.23595365,31.45767481,2.4800000190734863,3.7900924682617188,169.8057861328125,144.0,0.09092726,6.8769722,7.00259542,0.01952595,30.98039246,14.06866059,0,0,86,32.54901886,917,-,-6.25,-,-3.90625,43,4.78624535,3.01999998,-,0.71499997,3.13725495,14.11764717,1,12.39999962
Fri Jul 24 19:06:27 GMT+05:00 2026,24-Jul-2026 19:06:27.603,74.23596739,31.4576574,2.369999885559082,3.7900924682617188,170.086669921875,143.89999389648438,0.00837488,6.63290453,6.89252567,-0.00590432,30.98039246,14.06866059,0,0,86,32.54901886,911,-,-6.25,-,-3.90625,43,4.78624535,3.07999992,-,0.71499997,3.13725495,14.11764717,1,12.39999962
Fri Jul 24 19:06:28 GMT+05:00 2026,24-Jul-2026 19:06:28.602,74.23598154,31.45764012,2.319999933242798,3.7900924682617188,170.157958984375,143.60000610351562,-0.08853444,6.6855464,6.73938513,-0.01327842,30.98039246,14.06866059,0,0,86,30.19607925,911,-,-6.25,-,-5.46875,43,4.78624535,3.07999992,-,0.72000003,3.13725495,14.11764717,1,12.25
Fri Jul 24 19:06:29 GMT+05:00 2026,24-Jul-2026 19:06:29.602,74.23599454,31.45762388,2.259999990463257,3.7900924682617188,170.13812255859375,143.5,0.05503492,7.24217701,6.94157839,0.04161292,32.15686417,14.06866059,0,0,87,30.19607925,911,-,-6.25,-,-5.46875,43,4.78624535,3.07999992,-,0.72000003,4.31372547,14.11764717,1,12.25
Fri Jul 24 19:06:30 GMT+05:00 2026,24-Jul-2026 19:06:30.603,74.23600904,31.45760605,2.5,3.7900924682617188,169.93597412109375,143.5,-0.39032918,7.08903599,7.05792952,0.03949457,32.15686417,14.06866059,0,0,87,37.64706039,1135,-,-1.5625,-,-5.46875,43,4.78624535,4.46999979,-,0.72000003,4.31372547,14.11764717,1,12.25
Fri Jul 24 19:06:31 GMT+05:00 2026,24-Jul-2026 19:06:31.602,74.23602517,31.45758551,2.8399999141693115,3.7900924682617188,169.974853515625,143.3000030517578,-0.13878371,6.33589506,7.29242611,0.00385034,32.15686417,14.06866059,0,0,87,37.64706039,1135,-,-1.5625,-,-5.46875,43,4.78624535,4.46999979,-,0.72000003,4.31372547,14.11764717,7,12.17500019
Fri Jul 24 19:06:32 GMT+05:00 2026,24-Jul-2026 19:06:32.601,74.23604366,31.45756426,2.890000104904175,3.7900924682617188,169.95013427734375,143.1999969482422,0.31615168,6.83868694,6.81475878,0.00367212,32.94117737,14.06866059,0,0,87,37.64706039,1135,-,-1.5625,-,-5.46875,43,4.78624535,4.46999979,-,0.72000003,5.88235283,14.11764717,7,12.17500019
Fri Jul 24 19:06:33 GMT+05:00 2026,24-Jul-2026 19:06:33.601,74.23606265,31.45754264,2.869999885559082,3.7900924682617188,170.08221435546875,143.10000610351562,0.27158538,6.85663319,6.63051176,-0.00831324,32.94117737,14.06866059,0,0,87,37.64706039,1321,-,-1.5625,-,-5.46875,43,5.65647178,6.15999985,-,0.72000003,5.88235283,14.11764717,7,12.17500019
Fri Jul 24 19:06:34 GMT+05:00 2026,24-Jul-2026 19:06:34.602,74.23608341,31.45751784,3.319999933242798,3.7900924682617188,170.41973876953125,143.0,-0.43579283,6.82911587,6.74417067,-0.00160766,32.94117737,14.06866059,0,0,87,37.64706039,1321,-,-0.78125,-,-5.46875,44,5.65647178,6.15999985,-,0.72000003,5.88235283,16.07843208,27,12.17500019
Fri Jul 24 19:06:35 GMT+05:00 2026,24-Jul-2026 19:06:35.602,74.2361073,31.45748999,3.640000104904175,3.7900924682617188,170.56036376953125,142.89999389648438,-0.3915256,6.78006315,7.08305407,0.01929134,30.98039246,14.06866059,0,0,87,37.64706039,1321,-,-0.78125,-,0,44,5.65647178,6.15999985,-,0.63999999,3.92156863,16.07843208,27,12.17500019
Fri Jul 24 19:06:36 GMT+05:00 2026,24-Jul-2026 19:06:36.601,74.23613265,31.45746056,3.940000057220459,3.7900924682617188,170.7186279296875,142.89999389648438,-0.03589234,6.40050125,7.16799927,-0.00140959,30.98039246,14.06866059,0,0,87,31.37254906,1000,-,-0.78125,-,0,44,3.33586797,3.23000002,-,0.63999999,3.92156863,16.07843208,27,12.17500019
Fri Jul 24 19:06:37 GMT+05:00 2026,24-Jul-2026 19:06:37.601,74.23615745,31.45743187,3.7100000381469727,3.7900924682617188,170.43798828125,142.60000610351562,0.10408778,6.67477894,7.31396151,0.02841896,30.98039246,14.06866059,0,0,87,31.37254906,1000,-,0,-,0,44,3.33586797,3.23000002,-,0.095,3.92156863,14.11764717,19.5,12.22500038
Fri Jul 24 19:06:38 GMT+05:00 2026,24-Jul-2026 19:06:38.602,74.23618114,31.45740657,3.5399999618530273,3.7900924682617188,170.41400146484375,142.1999969482422,0.00717847,6.93559647,6.86859751,0.01402104,32.15686417,14.06866059,0,0,87,31.37254906,1000,-,0,-,0,44,3.33586797,3.23000002,-,0.095,4.70588255,14.11764717,19.5,12.22500038
Fri Jul 24 19:06:39 GMT+05:00 2026,24-Jul-2026 19:06:39.602,74.23620321,31.4573834,3.2799999713897705,3.7900924682617188,170.3597412109375,141.5,0.12442677,7.23380184,6.30718136,-0.0025984,32.15686417,14.06866059,0,0,88,31.37254906,1000,-,0,-,0,44,4.06105666,3.23000002,-,0.095,4.70588255,14.11764717,19.5,12.22500038
Fri Jul 24 19:06:40 GMT+05:00 2026,24-Jul-2026 19:06:40.601,74.23622662,31.45735998,3.4700000286102295,3.7900924682617188,169.66082763671875,140.89999389648438,0.26679972,7.78564692,7.05194759,0.09014887,32.15686417,14.06866059,23.52941132,-3.90625,88,31.37254906,1000,-,0,-,0,44,4.06105666,3.23000002,-,0.095,12.15686321,19.6078434,19.5,12.22500038
Fri Jul 24 19:06:41 GMT+05:00 2026,24-Jul-2026 19:06:41.601,74.23625806,31.45732964,4.639999866485596,3.7900924682617188,169.583984375,139.8000030517578,0.33888352,8.12901688,6.92602491,0.10817724,36.47058868,14.06866059,23.52941132,-3.90625,88,100,1700,-,-5.46875,-,0,44,9.28241523,3.23000002,-,0.095,12.15686321,19.6078434,24,12.22500038
Fri Jul 24 19:06:42 GMT+05:00 2026,24-Jul-2026 19:06:42.602,74.23630129,31.45728761,5.78000020980835,3.7900924682617188,169.62213134765625,138.60000610351562,0.16749759,7.41446018,6.56351233,0.02854472,36.47058868,14.06866059,30.19607925,0,88,100,1700,-,-5.46875,-,-3.90625,44,9.28241523,3.23000002,-,0.73000002,14.50980377,19.6078434,24,12.22500038
Fri Jul 24 19:06:43 GMT+05:00 2026,24-Jul-2026 19:06:43.602,74.23635237,31.45723962,6.960000038146973,3.7900924682617188,169.412841796875,138.60000610351562,0.46929234,7.56879711,7.05673313,0.07494122,36.47058868,14.06866059,30.19607925,0,88,96.86274719,1681,-,-3.125,-,-3.90625,44,9.28241523,16.12999916,-,0.73000002,14.50980377,19.6078434,24.5,12.22500038
Fri Jul 24 19:06:44 GMT+05:00 2026,24-Jul-2026 19:06:44.602,74.23641074,31.45718384,8.119999885559082,3.7900924682617188,169.8814697265625,139.6999969482422,0.48963133,7.62532759,6.01286411,0.01014805,37.64706039,14.06866059,31.76470566,0,88,96.86274719,1681,-,-3.125,-,-3.90625,44,9.28241523,16.12999916,-,0.63,14.50980377,22.35294151,24.5,12.22500038
Fri Jul 24 19:06:45 GMT+05:00 2026,24-Jul-2026 19:06:45.602,74.23646961,31.45711873,9.140000343322754,3.7900924682617188,170.0821533203125,140.89999389648438,0.4549354,7.15483904,6.36460924,-0.00375128,37.64706039,14.06866059,31.76470566,0,88,100,2040,-,-3.125,-,-3.90625,42,9.28241523,16.12999916,-,0.63,14.50980377,22.35294151,23.5,12.22500038
Fri Jul 24 19:06:46 GMT+05:00 2026,24-Jul-2026 19:06:46.602,74.23653487,31.45704703,9.979999542236328,3.7900924682617188,169.9559326171875,142.60000610351562,0.36520454,6.4100728,7.03280497,-0.01028144,37.64706039,14.06866059,30.58823586,0,88,100,2040,-,-3.125,-,-4.6875,42,9.28241523,16.12999916,-,0.64999998,14.50980377,21.96078491,23.5,12.14999962
Fri Jul 24 19:06:47 GMT+05:00 2026,24-Jul-2026 19:06:47.602,74.23660502,31.45696722,10.770000457763672,3.7900924682617188,169.80889892578125,144.89999389648438,1.25563371,7.10100031,5.9985075,-0.02484095,37.64706039,14.06866059,30.58823586,0,88,97.64705658,2040,-,-3.90625,-,-4.6875,42,9.28241523,16.12999916,-,0.64999998,14.50980377,21.96078491,23.5,12.14999962
Fri Jul 24 19:06:48 GMT+05:00 2026,24-Jul-2026 19:06:48.602,74.23667459,31.45688363,11.5,3.7900924682617188,169.7786865234375,145.6999969482422,0.07178468,7.51615524,6.31435966,0.01968962,37.64706039,14.06866059,30.58823586,0,88,97.64705658,2040,-,-3.90625,-,-4.6875,42,9.28241523,16.12999916,-,0.64999998,14.50980377,21.96078491,24,12.14999962
Fri Jul 24 19:06:49 GMT+05:00 2026,24-Jul-2026 19:06:49.602,74.23674764,31.45679095,12.220000267028809,3.7900924682617188,170.28924560546875,147.1999969482422,-0.16271193,6.49292421,5.28604412,-0.1273635,37.64706039,14.06866059,30.58823586,0,88,90.58823395,1840,-,-3.90625,-,-4.6875,42,9.28241523,17.12000084,-,0.64999998,14.50980377,21.96078491,24,12.14999962
Fri Jul 24 19:06:50 GMT+05:00 2026,24-Jul-2026 19:06:50.602,74.23681471,31.45669609,12.880000114440918,3.7900924682617188,169.871826171875,148.8000030517578,0.31495529,6.32632399,6.88415098,-0.02739722,37.64706039,14.06866059,30.58823586,0,88,90.58823395,1840,-,-3.90625,-,-3.90625,41,9.28241523,17.12000084,-,0.64499998,14.50980377,22.35294151,24,12.14999962
Fri Jul 24 19:06:51 GMT+05:00 2026,24-Jul-2026 19:06:51.602,74.23688295,31.45659313,13.390000343322754,3.7900924682617188,169.639892578125,150.89999389648438,0.62961143,6.45194721,7.10100031,-0.00087768,37.64706039,14.06866059,30.58823586,0,88,90.58823395,1296,-,-3.90625,-,-3.90625,41,3.33586797,17.12000084,-,0.64499998,3.52941179,22.35294151,24,12.14999962
Fri Jul 24 19:06:52 GMT+05:00 2026,24-Jul-2026 19:06:52.602,74.23694996,31.45648856,13.149999618530273,3.7900924682617188,170.134521484375,151.8000030517578,-0.32333016,6.88893652,6.99541712,0.02035898,37.64706039,14.06866059,30.58823586,0,88,25.09803963,1296,-,-3.90625,-,-3.90625,41,3.33586797,17.12000084,-,0.64499998,3.52941179,16.86274529,21,12.19999981
Fri Jul 24 19:06:53 GMT+05:00 2026,24-Jul-2026 19:06:53.602,74.23701357,31.45638662,13.0600004196167,3.7900924682617188,170.3897705078125,151.89999389648438,-0.07537391,6.89731121,6.4028945,-0.02162558,35.68627548,14.06866059,3.52941179,-100,88,25.09803963,1296,-,-3.90625,-,-3.90625,41,3.33586797,13.10999966,-,0.64499998,11.37254906,16.86274529,21,12.19999981
Fri Jul 24 19:06:54 GMT+05:00 2026,24-Jul-2026 19:06:54.602,74.23708261,31.4562806,13.300000190734863,3.7900924682617188,170.340576171875,151.10000610351562,0.10648061,7.2003026,6.47497797,0.00616211,35.68627548,14.06866059,3.52941179,-100,88,25.09803963,1296,-,-3.125,-,-3.90625,41,3.33586797,13.10999966,-,0.64499998,11.37254906,20,21,12.19999981
Fri Jul 24 19:06:55 GMT+05:00 2026,24-Jul-2026 19:06:55.602,74.23715857,31.45617486,13.710000038146973,3.7900924682617188,169.9146728515625,150.89999389648438,0.12323037,6.23061085,7.39531755,0.00482112,35.68627548,14.06866059,3.52941179,-100,88,25.09803963,1296,-,-3.125,-,-3.90625,41,3.33586797,13.10999966,-,0.64499998,11.37254906,20,21,12.19999981
Fri Jul 24 19:06:56 GMT+05:00 2026,24-Jul-2026 19:06:56.601,74.23723124,31.45606737,13.670000076293945,3.7900924682617188,169.82342529296875,150.60000610351562,-0.43938205,6.99182796,7.79880714,0.08763653,35.68627548,14.06866059,3.52941179,-100,88,25.09803963,1296,-,-3.125,-,-3.90625,41,3.33586797,13.10999966,-,0.64499998,11.37254906,20,21,12.19999981
Fri Jul 24 19:06:57 GMT+05:00 2026,24-Jul-2026 19:06:57.602,74.23730418,31.45596148,13.350000381469727,3.7900924682617188,168.8905029296875,150.1999969482422,0.64277196,7.07467937,7.98664379,0.10858327,35.68627548,14.06866059,3.52941179,0,88,25.09803963,1296,-,-3.125,-,-3.90625,41,3.33586797,13.10999966,-,0.64499998,11.37254906,20,21,12.55000019
Fri Jul 24 19:06:58 GMT+05:00 2026,24-Jul-2026 19:06:58.602,74.23737463,31.45585899,13.15999984741211,3.7900924682617188,168.84796142578125,149.6999969482422,-0.58654064,6.70827818,7.26251602,0.0285818,32.94117737,14.06866059,3.52941179,0,88,25.09803963,1296,-,1.5625,-,-3.90625,41,5.07632083,6.80999994,-,0.64499998,6.27450991,20,21,12.55000019
Fri Jul 24 19:06:59 GMT+05:00 2026,24-Jul-2026 19:06:59.601,74.23744424,31.45575536,13.170000076293945,3.7900924682617188,168.9791259765625,151.0,0.90269232,7.05434036,7.815557,0.09616619,32.94117737,14.06866059,3.52941179,0,88,25.09803963,1296,-,1.5625,-,-3.90625,41,5.07632083,6.80999994,-,0.64499998,6.27450991,22.35294151,24,12.02499962
Fri Jul 24 19:07:00 GMT+05:00 2026,24-Jul-2026 19:07:00.601,74.23751307,31.45565154,13.199999809265137,3.7900924682617188,169.35113525390625,151.10000610351562,0.15792629,7.10339308,6.70349264,0.01475054,32.94117737,14.06866059,3.52941179,0,88,63.52941132,1296,-,-7.8125,-,-3.90625,41,5.07632083,8.60999966,-,0.64499998,7.84313726,22.35294151,24,12.02499962
Fri Jul 24 19:07:01 GMT+05:00 2026,24-Jul-2026 19:07:01.601,74.23758215,31.4555425,13.40999984741211,3.7900924682617188,169.3560791015625,151.8000030517578,-0.25483561,7.21705198,7.51854801,0.08168477,32.94117737,14.06866059,0,0,88,63.52941132,1296,-,-7.8125,-,-3.90625,42,5.07632083,8.60999966,-,0.64499998,8.23529434,22.35294151,25.5,12.05000019
Fri Jul 24 19:07:02 GMT+05:00 2026,24-Jul-2026 19:07:02.602,74.23765074,31.4554363,13.550000190734863,3.7900924682617188,169.157958984375,152.3000030517578,0.28743783,6.54197693,6.56351233,-0.03589815,32.94117737,14.06866059,0,0,90,63.52941132,1410,-,-7.8125,-,-3.90625,42,5.07632083,8.60999966,-,0.64499998,8.23529434,22.35294151,25.5,12.05000019
Fri Jul 24 19:07:03 GMT+05:00 2026,24-Jul-2026 19:07:03.603,74.23771591,31.45532702,13.720000267028809,3.7900924682617188,168.990478515625,153.5,-0.49082774,6.59940481,7.05792952,0.00524795,32.94117737,14.06866059,0,0,90,63.52941132,1410,-,-7.8125,-,-3.90625,42,5.07632083,8.60999966,-,0.64499998,8.23529434,17.64705849,25.5,12.10000038
Fri Jul 24 19:07:04 GMT+05:00 2026,24-Jul-2026 19:07:04.602,74.23777945,31.45521536,13.949999809265137,3.7900924682617188,169.01080322265625,151.5,0.14117654,7.06391144,6.86859751,0.02345973,32.94117737,14.06866059,0,0,88,62.74509811,1435,-,-7.8125,-,-3.90625,42,10.00760392,8.67000008,-,0.64499998,8.23529434,17.64705849,25.5,12.10000038
Fri Jul 24 19:07:05 GMT+05:00 2026,24-Jul-2026 19:07:05.601,74.23785492,31.45510887,14.020000457763672,3.7900924682617188,169.0926513671875,150.60000610351562,0.53270215,7.53649426,7.82153893,0.12753159,32.94117737,14.06866059,0,0,88,62.74509811,1435,-,-7.8125,-,-3.90625,42,10.00760392,8.67000008,-,0.64499998,16.47058868,17.64705849,20.5,12.02499962
Fri Jul 24 19:07:06 GMT+05:00 2026,24-Jul-2026 19:07:06.602,74.23793342,31.4549999,14.430000305175781,3.7900924682617188,168.44476318359375,150.0,-0.33888352,6.74656343,6.45583534,-0.01873565,32.94117737,14.06866059,0,0,90,66.66666412,1519,-,-7.8125,-,-3.90625,42,10.00760392,8.67000008,-,0.64499998,16.47058868,20,20.5,12.02499962
Fri Jul 24 19:07:07 GMT+05:00 2026,24-Jul-2026 19:07:07.603,74.23801426,31.45488867,14.75,3.7900924682617188,168.51416015625,148.89999389648438,-0.64875406,7.37737131,7.2720871,0.07703191,35.68627548,14.06866059,24.31372643,1.5625,90,66.66666412,1519,-,-7.8125,-,-3.90625,42,10.00760392,8.67000008,-,0.64499998,11.37254906,20,20.5,12.19999981
Fri Jul 24 19:07:08 GMT+05:00 2026,24-Jul-2026 19:07:08.601,74.23810405,31.4547743,15.140000343322754,3.7900924682617188,168.6141357421875,146.60000610351562,-0.17347965,7.15483904,6.69631433,0.01809728,35.68627548,14.06866059,24.31372643,1.5625,90,87.45098114,1519,-,-7.8125,-,-3.90625,42,10.44271714,13.61999989,-,0.64499998,11.37254906,20,26,12.19999981
Fri Jul 24 19:07:09 GMT+05:00 2026,24-Jul-2026 19:07:09.601,74.23819752,31.45466118,15.550000190734863,3.7900924682617188,168.6614990234375,144.6999969482422,0.1052842,6.99302435,6.90448952,0.02081341,35.68627548,14.06866059,23.52941132,14.0625,90,87.45098114,1519,-,-7.8125,-,-4.6875,42,10.44271714,13.61999989,-,0.65499997,3.13725495,20,26,12.19999981
Fri Jul 24 19:07:10 GMT+05:00 2026,24-Jul-2026 19:07:10.601,74.2382951,31.45454576,15.770000457763672,3.7900924682617188,168.80450439453125,143.89999389648438,-0.43579283,6.22343254,6.65204716,-0.05135679,30.98039246,14.06866059,23.52941132,14.0625,90,21.96078491,1547,-,-7.8125,-,-4.6875,42,10.44271714,3.25999999,-,0.65499997,3.13725495,20,26,12.19999981
Fri Jul 24 19:07:11 GMT+05:00 2026,24-Jul-2026 19:07:11.601,74.23838993,31.45443155,15.470000267028809,3.7900924682617188,169.00390625,143.10000610351562,-0.05144569,6.21745062,7.73300457,0.03048164,30.98039246,14.06866059,23.52941132,0,90,21.96078491,1547,-,-7.8125,-,0,42,10.44271714,3.25999999,-,0,3.13725495,14.11764717,26,12.55000019
Fri Jul 24 19:07:12 GMT+05:00 2026,24-Jul-2026 19:07:12.601,74.23848969,31.45432315,15.119999885559082,3.7900924682617188,169.166748046875,142.6999969482422,0.06460621,6.69033194,7.43001318,0.03821403,31.37254906,14.06866059,23.52941132,0,90,23.52941132,1477,-,-7.8125,-,0,42,2.90075476,3.25999999,-,0,3.13725495,14.11764717,26,12.55000019
Fri Jul 24 19:07:13 GMT+05:00 2026,24-Jul-2026 19:07:13.602,74.2385863,31.45421723,14.819999694824219,3.7900924682617188,169.28289794921875,142.6999969482422,-0.16390835,6.57547665,7.34746122,0.02424842,31.37254906,14.06866059,23.52941132,0,90,23.52941132,1477,-,-7.8125,-,0,42,2.90075476,3.25999999,-,0,3.52941179,14.11764717,-13,13.10000038
Fri Jul 24 19:07:14 GMT+05:00 2026,24-Jul-2026 19:07:14.603,74.23867749,31.45411906,14.460000038146973,3.7900924682617188,168.97064208984375,142.8000030517578,-0.00837488,6.4594245,7.370193,0.01800126,31.37254906,14.06866059,23.52941132,0,88,24.31372643,1477,-,0,-,0,42,3.0457925,3.17000008,-,0,3.52941179,14.11764717,-13,13.10000038
Fri Jul 24 19:07:15 GMT+05:00 2026,24-Jul-2026 19:07:15.602,74.23876974,31.45401972,14.130000114440918,3.7900924682617188,168.932373046875,142.60000610351562,-0.33170503,6.43400097,6.88056135,-0.02014893,31.37254906,14.06866059,0,0,88,24.31372643,1477,-,0,-,0,42,3.0457925,3.17000008,-,0,3.52941179,14.11764717,-13,13.60000038
Fri Jul 24 19:07:16 GMT+05:00 2026,24-Jul-2026 19:07:16.602,74.23885891,31.45391863,13.710000038146973,3.7900924682617188,169.41998291015625,141.89999389648438,0.39870408,6.42682266,7.39531755,0.01857191,31.37254906,14.06866059,0,0,88,25.49019623,1329,-,0,-,0,42,3.0457925,3.17000008,-,0,3.52941179,14.11764717,-13,13.60000038
Fri Jul 24 19:07:17 GMT+05:00 2026,24-Jul-2026 19:07:17.602,74.23894262,31.45382707,13.380000114440918,3.7900924682617188,169.565673828125,141.39999389648438,-0.32691941,5.76490784,7.76171827,0.00513148,31.37254906,14.06866059,0,0,88,25.49019623,1329,-,0,-,0,42,3.0457925,3.17000008,-,0,3.52941179,14.50980377,-13,13.60000038
Fri Jul 24 19:07:18 GMT+05:00 2026,24-Jul-2026 19:07:18.602,74.23902,31.45373702,12.600000381469727,3.7900924682617188,169.53118896484375,141.6999969482422,-0.3592225,5.59621382,7.86102057,0.0033226,31.37254906,14.06866059,0,0,88,25.49019623,1112,-,0,-,0,42,3.62594345,3.17000008,-,0,3.52941179,14.50980377,-13,13.60000038
Fri Jul 24 19:07:19 GMT+05:00 2026,24-Jul-2026 19:07:19.601,74.23909422,31.45365587,11.149999618530273,3.7900924682617188,169.83416748046875,141.89999389648438,-0.13160525,5.82831764,7.20269537,-0.03641695,31.37254906,14.06866059,0,0,88,25.49019623,1112,-,0,-,0,42,3.62594345,3.17000008,-,0,3.52941179,14.50980377,-13,13.60000038
Fri Jul 24 19:07:20 GMT+05:00 2026,24-Jul-2026 19:07:20.601,74.23915798,31.45358144,10.180000305175781,3.7900924682617188,169.69378662109375,141.8000030517578,-0.00119641,6.88056135,7.88255596,0.08557659,31.37254906,14.06866059,0,0,88,25.49019623,930,-,0,-,0,42,3.62594345,3.3900001,-,0,3.52941179,14.50980377,-13,13.60000038
Fri Jul 24 19:07:21 GMT+05:00 2026,24-Jul-2026 19:07:21.601,74.23922096,31.45351213,9.670000076293945,3.7900924682617188,169.8499755859375,141.6999969482422,-0.61525452,5.83908558,8.49781036,0.0718953,31.37254906,14.06866059,0,0,88,32.54901886,930,-,0,-,0,42,3.62594345,3.3900001,-,0.04,3.52941179,14.50980377,1,13.60000038
Fri Jul 24 19:07:22 GMT+05:00 2026,24-Jul-2026 19:07:22.601,74.23927864,31.45345187,8.680000305175781,3.7900924682617188,170.107666015625,141.10000610351562,-0.70737821,7.37737131,8.54447079,0.17198569,31.37254906,14.06866059,0,0,87,32.54901886,930,-,0,-,0,42,3.62594345,3.28999996,-,0.04,3.52941179,14.50980377,1,13.60000038
Fri Jul 24 19:07:23 GMT+05:00 2026,24-Jul-2026 19:07:23.602,74.23932851,31.45339893,7.699999809265137,3.7900924682617188,170.34576416015625,140.89999389648438,0.97567344,7.06869698,7.40967464,0.06762046,31.37254906,14.06866059,0,0,87,32.54901886,930,-,0,-,-2.34375,42,3.62594345,3.28999996,-,0.245,3.52941179,14.11764717,1,13.10000038
Fri Jul 24 19:07:24 GMT+05:00 2026,24-Jul-2026 19:07:24.602,74.23937792,31.45334721,7.519999980926514,3.7900924682617188,170.2806396484375,141.1999969482422,0.31375888,7.57986403,6.63170815,0.04614836,35.68627548,14.06866059,0,0,87,32.54901886,1447,-,0,-,-2.34375,42,10.00760392,13.44999981,-,0.245,9.8039217,14.11764717,1,13.10000038
Fri Jul 24 19:07:25 GMT+05:00 2026,24-Jul-2026 19:07:25.601,74.23943208,31.4532909,8.0,3.7900924682617188,170.1268310546875,141.39999389648438,-0.11246266,7.26490879,7.1871419,0.06078488,35.68627548,14.06866059,0,0,87,96.86274719,1447,-,-1.5625,-,-2.34375,43,10.00760392,13.44999981,-,0.245,9.8039217,14.11764717,22,12.60000038
Fri Jul 24 19:07:26 GMT+05:00 2026,24-Jul-2026 19:07:26.601,74.2394893,31.45322939,8.789999961853027,3.7900924682617188,169.9422607421875,141.8000030517578,0.21894327,7.11176777,6.17677259,-0.02053201,36.86274338,14.06866059,0,-0.78125,87,96.86274719,1456,-,-1.5625,-,-2.34375,43,11.60301904,13.96000004,-,0.245,13.33333302,14.11764717,22,12.60000038
Fri Jul 24 19:07:27 GMT+05:00 2026,24-Jul-2026 19:07:27.601,74.2395526,31.45315995,9.569999694824219,3.7900924682617188,169.721435546875,142.5,0.2105684,6.45194721,7.05673313,-0.00607997,36.86274338,14.06866059,0,-0.78125,87,100,1456,-,-2.34375,-,-2.34375,43,11.60301904,13.96000004,-,0.685,13.33333302,14.11764717,23,12.60000038
Fri Jul 24 19:07:28 GMT+05:00 2026,24-Jul-2026 19:07:28.602,74.2396148,31.45308762,10.130000114440918,3.7900924682617188,169.90478515625,142.0,0.13160525,6.59103012,7.52811909,0.03903836,36.86274338,14.06866059,0,-0.78125,87,100,1456,-,-2.34375,-,-2.34375,43,3.48090571,3.20000005,-,0.685,3.13725495,14.11764717,23,12.60000038
Fri Jul 24 19:07:29 GMT+05:00 2026,24-Jul-2026 19:07:29.602,74.23968019,31.45301717,9.890000343322754,3.7900924682617188,169.85089111328125,141.8000030517578,0.28743783,6.85902596,6.80877686,0.00462019,36.86274338,14.06866059,0,-0.78125,87,23.92156792,1456,-,0,-,0,42,3.48090571,3.20000005,-,0,3.13725495,14.11764717,23,12.52499962
Fri Jul 24 19:07:30 GMT+05:00 2026,24-Jul-2026 19:07:30.602,74.23974068,31.45294987,9.529999732971191,3.7900924682617188,170.295166015625,141.5,0.02632105,5.92791891,8.0440712,0.03759295,36.86274338,14.06866059,0,-0.78125,87,23.92156792,1456,-,0,-,0,42,3.33586797,3.23000002,-,0,3.13725495,14.11764717,23,12.52499962
Fri Jul 24 19:07:31 GMT+05:00 2026,24-Jul-2026 19:07:31.602,74.2398002,31.45288638,8.90999984741211,3.7900924682617188,170.53802490234375,141.1999969482422,0.34366915,5.79003239,8.42243671,0.0614503,36.86274338,14.06866059,0,-0.78125,87,23.92156792,1238,-,0,-,0,43,3.33586797,3.23000002,-,0,3.13725495,14.11764717,-13,13.19999981
Fri Jul 24 19:07:32 GMT+05:00 2026,24-Jul-2026 19:07:32.602,74.23985265,31.45283164,7.760000228881836,3.7900924682617188,170.39947509765625,141.60000610351562,0.89192462,8.92403221,7.63370228,0.21955103,36.86274338,14.06866059,0,-0.78125,87,23.92156792,1238,-,0,-,0,43,4.49616988,3.5999999,-,0,3.52941179,14.11764717,-13,13.19999981
Fri Jul 24 19:07:33 GMT+05:00 2026,24-Jul-2026 19:07:33.603,74.23989344,31.45278363,6.630000114440918,3.7900924682617188,170.9246826171875,142.1999969482422,0.81266236,5.03479815,3.43429875,-0.35424191,36.86274338,14.06866059,0,-0.78125,87,32.94117737,1238,-,0,-,0,43,4.49616988,3.5999999,-,0,3.52941179,16.47058868,-13,13.19999981
Fri Jul 24 19:07:34 GMT+05:00 2026,24-Jul-2026 19:07:34.602,74.2399346,31.45273557,6.420000076293945,3.7900924682617188,170.58819580078125,142.60000610351562,0.20458634,7.63609505,6.23659325,0.02423793,36.86274338,14.06866059,3.13725495,-100,87,32.94117737,1238,-,0,-,-0.78125,43,11.16790583,3.5999999,-,0.05,14.50980377,16.47058868,-13,13.19999981
Fri Jul 24 19:07:35 GMT+05:00 2026,24-Jul-2026 19:07:35.602,74.2399776,31.45268551,6.909999847412109,3.7900924682617188,170.7159423828125,142.6999969482422,0.24047868,7.25533724,6.05234575,-0.01755631,36.86274338,14.06866059,3.13725495,-100,87,32.94117737,1238,-,0.78125,-,-0.78125,43,11.16790583,17.21999931,-,0.05,14.50980377,22.35294151,-13,13.19999981
Fri Jul 24 19:07:36 GMT+05:00 2026,24-Jul-2026 19:07:36.601,74.24002932,31.45262879,7.900000095367432,3.7900924682617188,171.10845947265625,142.1999969482422,0.19142582,7.7018981,6.29761028,0.03333908,36.86274338,14.06866059,30.58823586,0,87,32.94117737,1238,-,0.78125,-,-1.5625,43,11.16790583,17.21999931,-,0.76499999,14.50980377,22.35294151,-13,13.19999981
Fri Jul 24 19:07:37 GMT+05:00 2026,24-Jul-2026 19:07:37.601,74.24008624,31.4525662,8.789999961853027,3.7900924682617188,170.9288330078125,141.8000030517578,0.53270215,7.50658369,6.44237566,0.02882677,36.86274338,14.06866059,30.58823586,0,87,100,1440,-,-3.90625,-,-1.5625,42,11.16790583,17.21999931,-,0.76499999,14.50980377,22.35294151,20.5,12.25
Fri Jul 24 19:07:38 GMT+05:00 2026,24-Jul-2026 19:07:38.602,74.24014761,31.45249786,9.630000114440918,3.7900924682617188,171.03997802734375,141.60000610351562,0.44057846,7.62891674,6.58026218,0.04696745,38.4313736,14.06866059,31.37254906,0,87,100,1440,-,-3.90625,-,-3.125,42,12.03813225,17.21999931,-,0.63499999,15.68627453,22.35294151,20.5,12.25
Fri Jul 24 19:07:39 GMT+05:00 2026,24-Jul-2026 19:07:39.602,74.24021643,31.45242145,10.479999542236328,3.7900924682617188,171.2744140625,141.10000610351562,0.62961143,7.28405142,6.05593491,-0.01325434,38.4313736,14.06866059,31.37254906,0,87,100,1440,-,-3.125,-,-3.125,42,12.03813225,16.92000008,-,0.66500002,15.68627453,23.13725471,22.5,12.25
Fri Jul 24 19:07:40 GMT+05:00 2026,24-Jul-2026 19:07:40.602,74.24029208,31.45234056,11.329999923706055,3.7900924682617188,171.2684326171875,141.0,0.44177487,7.32592583,5.67637348,-0.03520685,38.4313736,14.06866059,32.15686417,0,87,100,1440,-,-3.125,-,-3.125,42,12.03813225,18.06999969,-,0.66500002,15.68627453,23.13725471,22.5,12.25
Fri Jul 24 19:07:41 GMT+05:00 2026,24-Jul-2026 19:07:41.602,74.24036925,31.4522573,12.100000381469727,3.7900924682617188,171.07330322265625,141.39999389648438,0.13519448,7.36062145,6.41126919,0.01413178,38.4313736,14.06866059,32.15686417,0,87,100,1440,-,-3.90625,-,-3.125,42,12.03813225,18.06999969,-,0.66500002,15.68627453,23.13725471,23.5,12.19999981
Fri Jul 24 19:07:42 GMT+05:00 2026,24-Jul-2026 19:07:42.603,74.24045215,31.4521676,12.859999656677246,3.7900924682617188,171.16864013671875,141.3000030517578,-0.06101698,6.76809883,6.6006012,-0.01728576,38.4313736,14.06866059,33.72549057,0,87,100,1440,-,-3.90625,-,-3.125,42,10.44271714,18.06999969,-,0.66500002,15.29411793,23.13725471,23.5,12.19999981
Fri Jul 24 19:07:43 GMT+05:00 2026,24-Jul-2026 19:07:43.602,74.24054185,31.45207117,13.489999771118164,3.7900924682617188,171.49688720703125,141.10000610351562,0.30179477,6.48813868,7.11296463,0.00088626,38.4313736,14.06866059,33.72549057,0,87,72.54901886,1919,-,-3.90625,-,0,41,10.44271714,18.06999969,-,0.815,15.29411793,23.13725471,-4.5,12.19999981
Fri Jul 24 19:07:44 GMT+05:00 2026,24-Jul-2026 19:07:44.602,74.24062923,31.4519757,13.460000038146973,3.7900924682617188,171.82861328125,141.10000610351562,-0.32093734,5.99731064,8.70987415,0.0974732,30.98039246,14.06866059,33.72549057,0,87,72.54901886,1919,-,-3.90625,-,0,41,3.33586797,18.06999969,-,0.815,3.13725495,23.13725471,-4.5,12.19999981
Fri Jul 24 19:07:45 GMT+05:00 2026,24-Jul-2026 19:07:45.601,74.24071739,31.45188436,12.930000305175781,3.7900924682617188,172.04547119140625,140.1999969482422,0.29820552,6.09661293,7.58225679,0.01123953,30.98039246,14.06866059,0,0,87,72.54901886,1919,-,0,-,0,42,3.33586797,18.06999969,-,0.815,3.13725495,23.13725471,-13,12.64999962
Fri Jul 24 19:07:46 GMT+05:00 2026,24-Jul-2026 19:07:46.601,74.24079883,31.45180557,11.550000190734863,3.7900924682617188,172.1646728515625,139.3000030517578,-0.0634098,5.55912542,7.95553732,0.00835669,30.98039246,14.06866059,0,0,87,30.58823586,1014,-,0,-,0,42,3.91601893,18.06999969,-,0.815,3.52941179,23.13725471,-13,12.64999962
Fri Jul 24 19:07:47 GMT+05:00 2026,24-Jul-2026 19:07:47.603,74.24086677,31.45173654,10.010000228881836,3.7900924682617188,172.79107666015625,138.3000030517578,-0.59371912,5.68474817,8.3829546,0.05325812,30.98039246,14.06866059,0,0,87,30.58823586,1014,-,0,-,0,42,3.91601893,18.06999969,-,0.815,3.52941179,14.50980377,-13,12.64999962
Fri Jul 24 19:07:48 GMT+05:00 2026,24-Jul-2026 19:07:48.602,74.24092635,31.45168122,8.600000381469727,3.7900924682617188,172.63934326171875,137.5,0.20458634,5.97338247,7.34626484,-0.01560551,31.37254906,14.06866059,0,0,87,29.41176414,1057,-,0,-,0,42,3.91601893,18.06999969,-,0.815,3.52941179,14.50980377,-13,12.64999962
Fri Jul 24 19:07:49 GMT+05:00 2026,24-Jul-2026 19:07:49.602,74.2409743,31.45163521,7.360000133514404,3.7900924682617188,172.3155517578125,137.5,0.63080788,6.56111956,7.60139942,0.0446052,31.37254906,14.06866059,0,0,87,29.41176414,1057,-,0,-,-2.34375,42,3.91601893,18.06999969,-,0.065,3.13725495,14.11764717,-13,12.5
Fri Jul 24 19:07:50 GMT+05:00 2026,24-Jul-2026 19:07:50.602,74.24102039,31.45159034,6.570000171661377,3.7900924682617188,172.50390625,138.10000610351562,0.28145576,6.81954432,7.83230686,0.07801706,30.98039246,14.06866059,0,0,87,29.41176414,1057,-,-6.25,-,-2.34375,42,4.06105666,18.06999969,-,0.065,3.13725495,14.11764717,-13,12.5
Fri Jul 24 19:07:51 GMT+05:00 2026,24-Jul-2026 19:07:51.602,74.2410594,31.45155021,5.690000057220459,3.7900924682617188,172.82904052734375,138.8000030517578,-0.45373899,6.78484869,7.498209,0.05084604,30.98039246,14.06866059,0,0,87,29.41176414,1057,-,-6.25,-,-6.25,42,4.06105666,18.06999969,-,0.85500002,3.13725495,14.11764717,1,12.25
Fri Jul 24 19:07:52 GMT+05:00 2026,24-Jul-2026 19:07:52.602,74.24109377,31.45151682,5.329999923706055,3.7900924682617188,172.6207275390625,139.89999389648438,0.00119641,6.39930487,7.62173843,0.03347343,31.37254906,14.06866059,0,0,88,29.41176414,793,-,-6.25,-,-6.25,42,4.06105666,3.01999998,-,0.85500002,3.13725495,14.11764717,1,12.25
Fri Jul 24 19:07:53 GMT+05:00 2026,24-Jul-2026 19:07:53.601,74.24112797,31.45148058,4.929999828338623,3.7900924682617188,172.95550537109375,139.10000610351562,-0.00957129,5.72303343,8.26809978,0.04403359,31.37254906,14.06866059,0,0,88,29.41176414,793,-,-6.25,-,-7.03125,42,4.06105666,3.01999998,-,0.75999999,3.13725495,14.11764717,1,12.19999981
Fri Jul 24 19:07:54 GMT+05:00 2026,24-Jul-2026 19:07:54.602,74.24115368,31.45145307,3.759999990463257,3.7900924682617188,172.9873046875,140.0,0.07298109,6.49531698,7.77607536,0.05184573,30.98039246,14.06866059,0,0,88,29.41176414,728,-,-6.25,-,-7.03125,42,4.06105666,3.25999999,-,0.75999999,3.13725495,14.11764717,1,12.19999981
Fri Jul 24 19:07:55 GMT+05:00 2026,24-Jul-2026 19:07:55.602,74.24117111,31.45143617,2.880000114440918,3.7900924682617188,172.9373779296875,139.6999969482422,-0.08853444,5.67996264,8.08116055,0.02593213,30.98039246,14.06866059,0,0,88,29.41176414,728,-,-8.59375,-,-8.59375,43,4.06105666,3.25999999,-,0.70499998,3.13725495,14.11764717,4.5,12.19999981
Fri Jul 24 19:07:56 GMT+05:00 2026,24-Jul-2026 19:07:56.602,74.24118553,31.45142148,1.9600000381469727,3.7900924682617188,173.05279541015625,138.8000030517578,0.16151553,6.78365231,7.25653362,0.03172714,30.98039246,14.06866059,0,0,88,29.41176414,728,-,-8.59375,-,-8.59375,43,4.06105666,3.25999999,-,0.70499998,3.13725495,14.11764717,4.5,12.19999981
Fri Jul 24 19:07:57 GMT+05:00 2026,24-Jul-2026 19:07:57.602,74.24119509,31.45141333,1.309999942779541,3.7900924682617188,172.9049072265625,136.10000610351562,0.02632105,7.02323341,6.88056135,0.02124459,30.98039246,14.06866059,0,0,88,29.41176414,728,-,-8.59375,-,-7.8125,43,4.06105666,3.25999999,-,0.69,3.13725495,14.11764717,5.5,12.30000019
Fri Jul 24 19:07:58 GMT+05:00 2026,24-Jul-2026 19:07:58.601,74.2412061,31.45140645,1.4800000190734863,3.7900924682617188,172.68060302734375,131.5,0.21296121,7.2003026,6.65085077,0.01841491,30.98039246,14.06866059,0,0,88,33.72549057,728,-,-8.59375,-,-7.8125,43,5.07632083,3.25999999,-,0.69,3.13725495,14.11764717,5.5,12.30000019
Fri Jul 24 19:07:59 GMT+05:00 2026,24-Jul-2026 19:07:59.601,74.2412201,31.4513966,1.7200000286102295,3.7900924682617188,172.796630859375,128.10000610351562,0.38793638,7.23380184,6.51685238,0.01228368,30.98039246,14.06866059,1.96078432,-100,88,33.72549057,728,-,-8.59375,-,-7.03125,43,5.07632083,3.25999999,-,0.685,4.31372547,14.11764717,5.5,12.30000019
Fri Jul 24 19:08:00 GMT+05:00 2026,24-Jul-2026 19:08:00.601,74.24124393,31.4513848,2.5,3.7900924682617188,172.6129150390625,126.5,0.49082774,6.66161823,7.20628452,0.02062231,30.98039246,14.06866059,1.96078432,-100,88,28.23529434,728,-,0,-,-7.03125,43,4.64120762,3.25999999,-,0.685,4.31372547,14.11764717,5.5,12.30000019
Fri Jul 24 19:08:01 GMT+05:00 2026,24-Jul-2026 19:08:01.602,74.24126887,31.45136991,2.6700000762939453,3.7900924682617188,172.5203857421875,129.0,0.40348971,6.8554368,7.2158556,0.03442758,30.98039246,14.06866059,0,-100,88,28.23529434,728,-,0,-,-1.5625,43,4.64120762,3.25999999,-,0.64499998,3.13725495,14.11764717,2.5,12.17500019
Fri Jul 24 19:08:02 GMT+05:00 2026,24-Jul-2026 19:08:02.603,74.24129094,31.45135369,2.5299999713897705,3.7900924682617188,172.58685302734375,133.60000610351562,0.04666004,6.54795933,7.15603542,0.00777006,31.37254906,14.06866059,0,-100,88,31.37254906,902,-,-5.46875,-,-1.5625,43,4.06105666,3.1400001,-,0.64499998,3.13725495,14.11764717,2.5,12.17500019
Fri Jul 24 19:08:03 GMT+05:00 2026,24-Jul-2026 19:08:03.602,74.24130956,31.45133817,2.3499999046325684,3.7900924682617188,172.3990478515625,137.5,-0.1160519,6.72263527,7.05673313,0.01258194,31.37254906,14.06866059,0,0,88,31.37254906,902,-,-5.46875,-,-1.5625,43,4.06105666,3.1400001,-,0.64499998,3.13725495,14.11764717,2.5,12.19999981
Fri Jul 24 19:08:04 GMT+05:00 2026,24-Jul-2026 19:08:04.601,74.24132332,31.45132416,2.069999933242798,3.7900924682617188,172.369873046875,139.39999389648438,0.14356937,6.89252567,6.94875717,0.01679796,30.98039246,14.06866059,0,0,88,31.37254906,819,-,-5.46875,-,-1.5625,43,4.49616988,3.1400001,-,0.64499998,3.13725495,14.11764717,2.5,12.19999981
Fri Jul 24 19:08:05 GMT+05:00 2026,24-Jul-2026 19:08:05.602,74.24133703,31.45130976,2.0299999713897705,3.7900924682617188,172.4459228515625,139.39999389648438,0.21655045,6.88534737,6.7489562,0.00206035,30.98039246,14.06866059,0,0,88,31.37254906,819,-,-5.46875,-,-7.8125,43,4.49616988,3.1400001,-,0.66000003,3.13725495,14.11764717,1,12.19999981
Fri Jul 24 19:08:06 GMT+05:00 2026,24-Jul-2026 19:08:06.601,74.2413498,31.45129324,2.0199999809265137,3.7900924682617188,172.29180908203125,139.39999389648438,0.14356937,6.67358255,7.09501839,0.01201612,30.98039246,14.06866059,0,0,88,31.37254906,806,-,-5.46875,-,-7.8125,43,4.64120762,3.1400001,-,0.66000003,3.13725495,14.11764717,1,12.19999981
Fri Jul 24 19:08:07 GMT+05:00 2026,24-Jul-2026 19:08:07.601,74.24136177,31.45127834,1.9900000095367432,3.7900924682617188,172.2520751953125,139.39999389648438,0.19980069,6.45463896,7.40488863,0.02054995,30.98039246,14.06866059,0,0,88,31.37254906,806,-,-5.46875,-,-7.8125,43,4.64120762,3.1400001,-,0.66500002,3.13725495,14.11764717,1,12.19999981
Fri Jul 24 19:08:08 GMT+05:00 2026,24-Jul-2026 19:08:08.602,74.241372,31.45126602,1.7100000381469727,3.7900924682617188,172.47021484375,139.39999389648438,0.04067798,6.62333298,7.21705198,0.01754379,30.98039246,14.06866059,0,0,88,32.94117737,731,-,-5.46875,-,-7.8125,43,4.93128309,3.07999992,-,0.66500002,3.13725495,14.11764717,1,12.19999981
Fri Jul 24 19:08:09 GMT+05:00 2026,24-Jul-2026 19:08:09.603,74.2413805,31.45125638,1.2699999809265137,3.7900924682617188,172.6702880859375,139.3000030517578,0.26081768,7.0304122,6.86381197,0.0209232,30.98039246,14.06866059,0,0,88,32.94117737,731,-,-5.46875,-,-7.8125,43,4.93128309,3.07999992,-,0.66000003,3.13725495,14.11764717,1,12.10000038
Fri Jul 24 19:08:10 GMT+05:00 2026,24-Jul-2026 19:08:10.602,74.24138773,31.45124868,1.1100000143051147,3.7900924682617188,172.5657958984375,139.3000030517578,0.11964113,6.49172783,7.37258577,0.0204317,30.98039246,14.06866059,0,0,88,36.07843018,728,-,-7.8125,-,-7.8125,43,5.07632083,3.25999999,-,0.66000003,3.13725495,14.11764717,1,12.10000038
Fri Jul 24 19:08:11 GMT+05:00 2026,24-Jul-2026 19:08:11.602,74.24139616,31.45124006,1.149999976158142,3.7900924682617188,172.88397216796875,139.39999389648438,-0.11365908,6.12532663,7.77607536,0.02812225,30.98039246,14.06866059,0,0,88,36.07843018,728,-,-7.8125,-,-7.8125,43,5.07632083,3.25999999,-,0.66000003,3.13725495,14.11764717,4,12.125
Fri Jul 24 19:08:12 GMT+05:00 2026,24-Jul-2026 19:08:12.602,74.24139868,31.45123652,0.38999998569488525,3.7900924682617188,172.84912109375,139.39999389648438,0.12562318,6.78006315,7.10219669,0.01998729,30.98039246,14.06866059,0,0,88,36.07843018,728,-,-7.8125,-,-7.8125,43,5.07632083,2.96000004,-,0.66000003,3.13725495,14.11764717,4,12.125
Fri Jul 24 19:08:13 GMT+05:00 2026,24-Jul-2026 19:08:13.602,74.24139647,31.45123732,0.0,3.7900924682617188,173.03033447265625,0.0,0.23330021,6.86620474,7.1943202,0.03304023,30.98039246,14.06866059,0,0,88,32.15686417,728,-,-7.8125,-,-7.03125,44,5.07632083,2.96000004,-,0.67000002,3.13725495,14.11764717,5,12.125
Fri Jul 24 19:08:14 GMT+05:00 2026,24-Jul-2026 19:08:14.602,74.24139559,31.4512373,0.0,3.7900924682617188,173.02484130859375,0.0,0.23808585,6.84706211,7.17398119,0.03020555,30.98039246,14.06866059,0,0,88,32.15686417,734,-,-7.8125,-,-7.03125,44,5.07632083,3.20000005,-,0.67000002,3.13725495,14.11764717,5,12.125
Fri Jul 24 19:08:15 GMT+05:00 2026,24-Jul-2026 19:08:15.601,74.24139515,31.45123651,0.0,3.7900924682617188,173.19976806640625,0.0,0.21655045,6.83150864,7.18474913,0.0298565,30.98039246,14.06866059,0,0,88,32.15686417,734,-,-7.8125,-,-7.03125,44,5.07632083,3.20000005,-,0.67500001,3.13725495,14.11764717,5.5,12.10000038
Fri Jul 24 19:08:16 GMT+05:00 2026,24-Jul-2026 19:08:16.602,74.24139451,31.45123656,0.0,3.7900924682617188,173.36846923828125,0.0,0.02273181,6.79083061,6.89611483,0.00558966,30.98039246,14.06866059,0,0,88,32.15686417,734,-,-7.8125,-,-7.03125,44,4.93128309,2.99000001,-,0.67500001,3.13725495,14.11764717,5.5,12.10000038
Fri Jul 24 19:08:17 GMT+05:00 2026,24-Jul-2026 19:08:17.602,74.2413946,31.45123615,0.0,3.7900924682617188,173.762939453125,0.0,0.03708875,6.78963423,6.91645384,0.00698709,30.98039246,14.06866059,0,0,88,34.90196228,727,-,-7.8125,-,-7.03125,44,4.93128309,2.99000001,-,0.67500001,3.13725495,14.11764717,6,12.10000038
Fri Jul 24 19:08:18 GMT+05:00 2026,24-Jul-2026 19:08:18.601,74.24139441,31.45123523,0.0,3.7900924682617188,173.827880859375,0.0,0.04546363,6.78245592,6.93918562,0.00813401,30.98039246,14.06866059,0,0,88,34.90196228,727,-,-7.8125,-,-7.8125,44,4.93128309,2.99000001,-,0.70499998,3.13725495,14.11764717,6,12.10000038
Fri Jul 24 19:08:19 GMT+05:00 2026,24-Jul-2026 19:08:19.602,74.24139405,31.45123461,0.0,3.7900924682617188,173.84295654296875,0.0,0.08853444,6.80638409,7.00259542,0.01449537,30.98039246,14.06866059,0,0,88,35.29411697,720,-,-7.8125,-,-7.8125,44,4.93128309,3.01999998,-,0.70499998,3.13725495,14.11764717,6,12.10000038
Fri Jul 24 19:08:20 GMT+05:00 2026,24-Jul-2026 19:08:20.601,74.24139446,31.45123429,0.0,3.7900924682617188,174.1068115234375,0.0,0.12323037,6.83150864,7.06510782,0.02089113,30.98039246,14.06866059,0,0,88,35.29411697,720,-,-7.8125,-,-7.8125,44,4.93128309,3.01999998,-,0.69499999,3.13725495,14.11764717,6,12.10000038
Fri Jul 24 19:08:21 GMT+05:00 2026,24-Jul-2026 19:08:21.602,74.24139442,31.45123405,0.0,3.7900924682617188,174.11309814453125,0.0,0.0418744,6.81475878,6.90927553,0.00826377,30.98039246,14.06866059,0,0,88,34.90196228,717,-,-7.8125,-,-7.8125,44,5.07632083,3.04999995,-,0.69499999,3.13725495,14.11764717,6,12.10000038
Fri Jul 24 19:08:22 GMT+05:00 2026,24-Jul-2026 19:08:22.602,74.24139461,31.4512343,0.0,3.7900924682617188,174.30999755859375,0.0,0.00717847,6.79681253,6.88774014,0.00540733,30.98039246,14.06866059,0,0,88,34.90196228,717,-,-7.8125,-,-7.8125,44,5.07632083,3.04999995,-,0.69499999,2.74509811,14.11764717,7.5,12.10000038
Fri Jul 24 19:08:23 GMT+05:00 2026,24-Jul-2026 19:08:23.601,74.24139477,31.4512344,0.0,3.7900924682617188,174.2855224609375,0.0,0.15912271,6.80040216,7.04835796,0.01483595,30.98039246,14.06866059,0,0,90,34.90196228,709,-,-7.8125,-,-7.8125,44,5.07632083,3.1099999,-,0.69499999,2.74509811,14.11764717,7.5,12.10000038
Fri Jul 24 19:08:24 GMT+05:00 2026,24-Jul-2026 19:08:24.602,74.24139487,31.45123427,0.0,3.7900924682617188,174.30291748046875,0.0,0.03110669,6.84706211,6.93440008,0.01239556,30.98039246,14.06866059,0,0,90,34.90196228,709,-,-7.8125,-,-7.8125,45,5.07632083,3.1099999,-,0.69499999,2.74509811,14.11764717,7.5,12.10000038
Fri Jul 24 19:08:25 GMT+05:00 2026,24-Jul-2026 19:08:25.602,74.24139491,31.45123425,0.0,3.7900924682617188,174.31475830078125,0.0,0.05383851,6.77527714,6.92961454,0.00692922,30.98039246,14.06866059,0,0,90,32.54901886,709,-,-7.8125,-,-7.8125,45,5.07632083,2.99000001,-,0.69499999,2.74509811,14.11764717,7.5,12.10000038
Fri Jul 24 19:08:26 GMT+05:00 2026,24-Jul-2026 19:08:26.602,74.24139495,31.45123425,0.0,3.7900924682617188,174.31451416015625,0.0,0.19142582,6.80399132,7.10339308,0.02186912,30.98039246,14.06866059,0,0,90,32.54901886,709,-,-7.8125,-,-7.8125,45,5.07632083,2.99000001,-,0.69499999,2.74509811,13.72549057,7.5,12.19999981
Fri Jul 24 19:08:27 GMT+05:00 2026,24-Jul-2026 19:08:27.602,74.24139496,31.45123424,0.0,3.7900924682617188,174.3154296875,0.0,0.0418744,6.79083061,6.93559647,0.00846779,30.98039246,14.06866059,0,0,90,31.76470566,709,-,-7.8125,-,-7.8125,45,5.07632083,2.96000004,-,0.69499999,2.74509811,13.72549057,7.5,12.19999981
Fri Jul 24 19:08:28 GMT+05:00 2026,24-Jul-2026 19:08:28.602,74.24139497,31.45123424,0.0,3.7900924682617188,174.31671142578125,0.0,0.17108682,6.78963423,7.09262562,0.02002627,30.98039246,14.06866059,0,0,90,31.76470566,709,-,-7.8125,-,-7.8125,45,5.07632083,2.96000004,-,0.67000002,2.74509811,14.11764717,7.5,12.19999981
Fri Jul 24 19:08:29 GMT+05:00 2026,24-Jul-2026 19:08:29.602,74.24139499,31.45123424,0.0,3.7900924682617188,174.3167724609375,0.0,0.19860429,6.83629417,7.20748091,0.03183395,30.98039246,14.06866059,0,0,90,34.50980377,709,-,-7.8125,-,-7.8125,45,5.07632083,2.93000007,-,0.67000002,2.74509811,14.11764717,7.5,12.19999981
Fri Jul 24 19:08:30 GMT+05:00 2026,24-Jul-2026 19:08:30.601,74.241395,31.45123423,0.0,3.7900924682617188,174.31640625,0.0,0.04785645,6.81715155,7.00139904,0.01514435,30.98039246,14.06866059,0,0,90,34.50980377,709,-,-7.8125,-,-7.8125,45,5.07632083,2.93000007,-,0.67500001,2.74509811,13.72549057,7,12.07499981
Fri Jul 24 19:08:31 GMT+05:00 2026,24-Jul-2026 19:08:31.602,74.24139501,31.45123423,0.0,3.7900924682617188,174.3154296875,0.0,0.18664017,6.86381197,7.18953466,0.03241867,30.98039246,14.06866059,0,0,90,34.50980377,718,-,-7.8125,-,-7.8125,45,5.07632083,2.93000007,-,0.67500001,2.74509811,13.72549057,7,12.07499981
Fri Jul 24 19:08:32 GMT+05:00 2026,24-Jul-2026 19:08:32.602,74.24139502,31.45123424,0.0,3.7900924682617188,174.316162109375,0.0,0.05742774,6.83150864,7.02801943,0.0181151,30.98039246,14.06866059,0,0,90,34.50980377,718,-,-7.8125,-,-7.8125,45,5.07632083,2.93000007,-,0.67500001,3.13725495,13.72549057,7,12.17500019
Fri Jul 24 19:08:33 GMT+05:00 2026,24-Jul-2026 19:08:33.602,74.24139504,31.45123424,0.0,3.7900924682617188,174.318603515625,0.0,0.00598206,6.79441977,6.95114994,0.009848,30.98039246,14.06866059,0,0,90,34.50980377,713,-,-7.8125,-,-7.8125,45,4.93128309,2.93000007,-,0.67500001,3.13725495,13.72549057,7,12.14999962
Fri Jul 24 19:08:34 GMT+05:00 2026,24-Jul-2026 19:08:34.602,74.24139504,31.45123425,0.0,3.7900924682617188,174.32232666015625,0.0,0.18544376,6.81236601,7.12732124,0.02420968,30.98039246,14.06866059,0,0,90,34.50980377,713,-,-7.8125,-,-7.8125,45,4.93128309,2.93000007,-,0.67500001,2.74509811,13.72549057,7,12.14999962
Fri Jul 24 19:08:35 GMT+05:00 2026,24-Jul-2026 19:08:35.602,74.24139505,31.45123424,0.0,3.7900924682617188,174.3232421875,0.0,0.12442677,6.76092052,6.99780989,0.0109601,30.98039246,14.06866059,0,0,90,34.11764526,716,-,-7.8125,-,-7.8125,46,4.93128309,2.93000007,-,0.67500001,2.74509811,13.72549057,7.5,12.17500019
Fri Jul 24 19:08:36 GMT+05:00 2026,24-Jul-2026 19:08:36.602,74.24139506,31.45123424,0.0,3.7900924682617188,174.3226318359375,0.0,0.16749759,6.84706211,7.13450003,0.02715129,30.98039246,14.06866059,0,0,90,34.11764526,716,-,-7.8125,-,-7.8125,46,5.07632083,2.93000007,-,0.67500001,2.74509811,13.72549057,7.5,12.17500019
Fri Jul 24 19:08:37 GMT+05:00 2026,24-Jul-2026 19:08:37.601,74.24139506,31.45123424,0.0,3.7900924682617188,174.322021484375,0.0,0.08614162,6.85184765,7.00738096,0.01807743,30.98039246,14.06866059,0,0,90,34.11764526,717,-,-7.8125,-,-7.8125,46,5.07632083,2.93000007,-,0.67500001,2.74509811,13.72549057,7.5,12.125
Fri Jul 24 19:08:38 GMT+05:00 2026,24-Jul-2026 19:08:38.602,74.24139507,31.45123423,0.0,3.7900924682617188,174.32012939453125,0.0,0.07537391,6.84586573,6.89132929,0.009215,30.98039246,14.06866059,0,0,90,34.11764526,717,-,-7.8125,-,-7.8125,46,4.93128309,2.77999997,-,0.67500001,2.74509811,13.72549057,7.5,12.125
Fri Jul 24 19:08:39 GMT+05:00 2026,24-Jul-2026 19:08:39.602,74.24139509,31.45123422,0.0,3.7900924682617188,174.3187255859375,0.0,0.14356937,7.10458946,6.89132929,0.02805179,30.98039246,14.06866059,0,0,90,33.33333206,721,-,-7.8125,-,-7.8125,46,4.93128309,2.77999997,-,0.67500001,2.74509811,13.72549057,7.5,12.19999981
Fri Jul 24 19:08:40 GMT+05:00 2026,24-Jul-2026 19:08:40.601,74.2413951,31.45123421,0.0,3.7900924682617188,174.31829833984375,0.0,0.65593249,8.25254631,5.42393064,0.0278849,30.98039246,14.06866059,0,0,90,33.33333206,721,-,-7.8125,-,-7.8125,46,4.93128309,2.77999997,-,0.67500001,11.76470566,13.72549057,7.5,12.19999981
Fri Jul 24 19:08:41 GMT+05:00 2026,24-Jul-2026 19:08:41.602,74.24140159,31.45122885,0.8899999856948853,3.7900924682617188,174.21649169921875,138.39999389648438,0.4872385,6.98704195,6.74536705,0.01023316,30.98039246,14.06866059,0,0,90,33.33333206,721,-,1.5625,-,-7.8125,46,4.93128309,7.53000021,-,0.67500001,11.76470566,13.72549057,7.5,12.19999981
Fri Jul 24 19:08:42 GMT+05:00 2026,24-Jul-2026 19:08:42.602,74.24141484,31.45121549,2.0799999237060547,3.7900924682617188,174.2542724609375,140.10000610351562,0.32452658,6.80159855,6.93200731,0.00951827,30.98039246,14.06866059,0,0,90,33.33333206,721,-,1.5625,-,0,46,4.93128309,7.3499999,-,0.57499999,3.13725495,13.72549057,7.5,12.19999981
Fri Jul 24 19:08:43 GMT+05:00 2026,24-Jul-2026 19:08:43.602,74.24142888,31.45119937,2.2200000286102295,3.7900924682617188,174.1859130859375,142.8000030517578,0.25842485,7.03639412,6.70229626,0.00993049,30.98039246,14.06866059,0,0,90,33.33333206,721,-,-4.6875,-,0,46,4.93128309,7.3499999,-,0.57499999,3.13725495,15.29411793,7.5,12.22500038
Fri Jul 24 19:08:44 GMT+05:00 2026,24-Jul-2026 19:08:44.602,74.24144631,31.45118042,2.7200000286102295,3.7900924682617188,174.39508056640625,143.5,0.15074782,6.88654375,7.36780024,0.04715616,30.98039246,14.06866059,0,0,90,33.33333206,721,-,-4.6875,-,-2.34375,46,4.93128309,7.3499999,-,0.71499997,3.13725495,15.29411793,7.5,12.22500038
Fri Jul 24 19:08:45 GMT+05:00 2026,24-Jul-2026 19:08:45.602,74.24146356,31.45116157,2.740000009536743,3.7900924682617188,174.34161376953125,143.6999969482422,0.0418744,6.76211691,7.27687263,0.03162211,30.98039246,14.06866059,0,0,90,31.37254906,945,-,-4.6875,-,-2.34375,46,4.93128309,3.1400001,-,0.71499997,3.13725495,14.11764717,1,12.19999981
Fri Jul 24 19:08:46 GMT+05:00 2026,24-Jul-2026 19:08:46.602,74.2414817,31.45114362,2.549999952316284,3.7900924682617188,174.13116455078125,143.0,0.07178468,6.75374174,6.88056135,0.00183302,30.98039246,14.06866059,0,0,91,31.37254906,945,-,-4.6875,-,-6.25,46,4.64120762,3.1400001,-,0.66000003,3.13725495,14.11764717,1,12.19999981
Fri Jul 24 19:08:47 GMT+05:00 2026,24-Jul-2026 19:08:47.602,74.24149939,31.45112717,2.390000104904175,3.7900924682617188,173.8775634765625,141.6999969482422,0.08973085,7.30199718,6.78963423,0.03543991,30.98039246,14.06866059,0,0,91,40.39215851,1019,-,-7.8125,-,-6.25,46,4.64120762,4.15999985,-,0.66000003,3.13725495,14.11764717,1,12.19999981
Fri Jul 24 19:08:48 GMT+05:00 2026,24-Jul-2026 19:08:48.602,74.2415183,31.45111046,2.5999999046325684,3.7900924682617188,173.9498291015625,140.3000030517578,0.16749759,7.01605511,6.64726114,0.00436115,30.98039246,14.06866059,0,99.21875,91,40.39215851,1019,-,-7.8125,-,0,46,4.64120762,4.15999985,-,0.565,5.49019623,15.68627453,1,12.19999981
Fri Jul 24 19:08:49 GMT+05:00 2026,24-Jul-2026 19:08:49.602,74.241539,31.4510909,3.049999952316284,3.7900924682617188,173.86822509765625,140.39999389648438,0.07298109,7.37138939,6.95713186,0.05226094,32.54901886,14.06866059,0,99.21875,91,40.39215851,1358,-,-7.8125,-,0,46,5.07632083,5.28999996,-,0.565,5.49019623,15.68627453,1,12.19999981
Fri Jul 24 19:08:50 GMT+05:00 2026,24-Jul-2026 19:08:50.602,74.24156117,31.45106807,3.4100000858306885,3.7900924682617188,173.58978271484375,140.60000610351562,0.04546363,7.04476881,6.74775982,0.03402811,32.54901886,14.06866059,0,0,91,40.39215851,1358,-,0,-,-0.78125,46,5.07632083,5.28999996,-,0.55500001,5.49019623,15.68627453,27,12.14999962
Fri Jul 24 19:08:51 GMT+05:00 2026,24-Jul-2026 19:08:51.601,74.24158516,31.45104283,3.690000057220459,3.7900924682617188,173.42822265625,141.10000610351562,0.08255238,7.1656065,6.7202425,0.02044481,32.54901886,14.06866059,0,0,91,40.39215851,1358,-,0,-,-0.78125,46,5.07632083,5.28999996,-,0.55500001,5.49019623,15.68627453,27,12.14999962
Fri Jul 24 19:08:52 GMT+05:00 2026,24-Jul-2026 19:08:52.601,74.24161177,31.45101477,4.019999980926514,3.7900924682617188,173.06298828125,141.5,0.00957129,6.7417779,7.43838835,0.04234225,32.54901886,14.06866059,0,0,91,40.39215851,1358,-,0,-,-0.78125,46,5.07632083,5.28999996,-,0.72500002,3.13725495,16.86274529,27,12.14999962
Fri Jul 24 19:08:53 GMT+05:00 2026,24-Jul-2026 19:08:53.602,74.24163883,31.45098551,4.139999866485596,3.7900924682617188,172.718017578125,142.0,-0.02512464,6.63051176,7.4204421,0.03339797,32.54901886,14.06866059,0,0,91,40.39215851,905,-,0,-,-0.78125,46,5.07632083,3.23000002,-,0.72500002,3.13725495,16.86274529,27,12.14999962
Fri Jul 24 19:08:54 GMT+05:00 2026,24-Jul-2026 19:08:54.602,74.24166392,31.45095923,3.690000057220459,3.7900924682617188,172.4437255859375,141.8000030517578,-0.05024927,6.17437983,7.66002369,0.02193302,31.37254906,14.06866059,0,99.21875,91,40.39215851,905,-,0,-,-0.78125,46,5.07632083,3.23000002,-,0.72500002,3.13725495,16.86274529,27,12.19999981
Fri Jul 24 19:08:55 GMT+05:00 2026,24-Jul-2026 19:08:55.602,74.24168497,31.45093695,3.1500000953674316,3.7900924682617188,172.0599365234375,141.39999389648438,-0.32931221,5.92552614,7.92443037,0.02820975,31.37254906,14.06866059,0,99.21875,91,31.76470566,905,-,-3.90625,-,-0.78125,47,5.07632083,3.23000002,-,0.72500002,3.13725495,16.86274529,27,12.19999981
Fri Jul 24 19:08:56 GMT+05:00 2026,24-Jul-2026 19:08:56.602,74.24169877,31.4509223,1.9800000190734863,3.7900924682617188,171.91583251953125,141.5,-0.01435694,5.9709897,8.05125046,0.04078895,30.98039246,14.06866059,0,0,91,31.76470566,905,-,-3.90625,-,-0.78125,47,5.07632083,3.23000002,-,0.72500002,3.13725495,16.86274529,27,12.14999962
Fri Jul 24 19:08:57 GMT+05:00 2026,24-Jul-2026 19:08:57.603,74.24170344,31.45091704,0.7599999904632568,3.7900924682617188,171.9537353515625,141.8000030517578,0.0634098,6.78365231,6.95832825,0.00962579,30.98039246,14.06866059,0,0,91,31.76470566,713,-,-3.90625,-,-0.78125,47,5.07632083,3.23000002,-,0.72500002,3.13725495,16.86274529,7,12.14999962
Fri Jul 24 19:08:58 GMT+05:00 2026,24-Jul-2026 19:08:58.602,74.24170313,31.45091739,0.0,3.7900924682617188,171.91461181640625,0.0,0.20578274,6.81236601,7.17158842,0.0275169,30.98039246,14.06866059,0,99.21875,91,31.76470566,713,-,-3.90625,-,-0.78125,47,5.07632083,3.23000002,-,0.72500002,3.13725495,16.86274529,7,12.19999981
Fri Jul 24 19:08:59 GMT+05:00 2026,24-Jul-2026 19:08:59.601,74.24170163,31.45091851,0.0,3.7900924682617188,172.083740234375,0.0,0.19142582,6.8554368,7.21705198,0.03387028,30.98039246,14.06866059,0,99.21875,91,34.90196228,713,-,-8.59375,-,-0.78125,47,5.07632083,3.23000002,-,0.72500002,3.13725495,14.11764717,7,12.19999981
Fri Jul 24 19:09:00 GMT+05:00 2026,24-Jul-2026 19:09:00.601,74.24170204,31.45091926,0.0,3.7900924682617188,171.98248291015625,0.0,0.21774685,6.78843784,7.16201735,0.02515692,30.98039246,14.06866059,0,99.21875,92,34.90196228,713,-,-8.59375,-,-8.59375,47,5.07632083,3.23000002,-,0.67500001,3.13725495,14.11764717,7,12.19999981
Fri Jul 24 19:09:01 GMT+05:00 2026,24-Jul-2026 19:09:01.601,74.24170241,31.45092076,0.0,3.7900924682617188,171.90582275390625,0.0,0.21296121,6.82552671,7.14766026,0.02669162,30.98039246,14.06866059,0,99.21875,92,34.90196228,713,-,-8.59375,-,-8.59375,47,5.07632083,2.93000007,-,0.67500001,3.13725495,14.11764717,5.5,12.19999981
Fri Jul 24 19:09:02 GMT+05:00 2026,24-Jul-2026 19:09:02.601,74.2417024,31.45092184,0.0,3.7900924682617188,171.86376953125,0.0,-0.05503492,6.75254536,6.90329313,0.0033915,30.98039246,14.06866059,0,99.21875,92,34.90196228,713,-,-8.59375,-,-8.59375,47,5.07632083,2.93000007,-,0.63,3.13725495,14.11764717,5.5,12.19999981
Fri Jul 24 19:09:03 GMT+05:00 2026,24-Jul-2026 19:09:03.602,74.2417025,31.45092242,0.0,3.7900924682617188,171.9423828125,0.0,0.22372891,6.97627449,6.75374174,0.00905496,30.98039246,14.06866059,0,99.21875,92,32.54901886,733,-,-8.59375,-,-8.59375,47,4.93128309,2.99000001,-,0.63,3.13725495,14.11764717,5.5,12.19999981
Fri Jul 24 19:09:04 GMT+05:00 2026,24-Jul-2026 19:09:04.602,74.24170428,31.45092051,0.2800000011920929,3.7900924682617188,171.77410888671875,142.0,0.49680981,7.77009344,5.90997267,0.01542342,30.98039246,14.06866059,0,-95.3125,92,32.54901886,733,-,-8.59375,-,-9.375,47,4.93128309,2.99000001,-,0.65499997,7.05882359,16.07843208,7,12.19999981
Fri Jul 24 19:09:05 GMT+05:00 2026,24-Jul-2026 19:09:05.601,74.24171097,31.45091384,1.0199999809265137,3.7900924682617188,171.43359375,142.3000030517578,0.20817557,7.16441011,6.78006315,0.02472597,30.98039246,14.06866059,0,-95.3125,92,48.23529434,1256,-,-8.59375,-,-9.375,47,4.93128309,7.11000013,-,0.65499997,7.05882359,16.07843208,7,12.19999981
Fri Jul 24 19:09:06 GMT+05:00 2026,24-Jul-2026 19:09:06.601,74.24172519,31.45089818,2.190000057220459,3.7900924682617188,171.313232421875,142.39999389648438,0.39511484,7.57627487,6.32153845,0.02563757,33.72549057,14.06866059,0,99.21875,92,48.23529434,1256,-,-8.59375,-,-1.5625,46,4.93128309,7.11000013,-,0.73500001,8.62745094,15.29411793,7,12.17500019
Fri Jul 24 19:09:07 GMT+05:00 2026,24-Jul-2026 19:09:07.602,74.24174461,31.4508779,2.799999952316284,3.7900924682617188,171.150390625,141.6999969482422,0.29102704,7.06151867,6.63290453,0.0070256,33.72549057,14.06866059,0,99.21875,92,53.72549057,1391,-,-0.78125,-,-1.5625,46,6.67173595,7.17000008,-,0.73500001,8.62745094,15.29411793,27,12.17500019
Fri Jul 24 19:09:08 GMT+05:00 2026,24-Jul-2026 19:09:08.601,74.24176858,31.45085315,3.5299999713897705,3.7900924682617188,171.098876953125,141.0,0.17587246,7.28883696,6.4725852,0.01283115,33.72549057,14.06866059,0,-2.34375,92,53.72549057,1391,-,-0.78125,-,-1.5625,46,6.67173595,7.17000008,-,0.63,8.62745094,15.29411793,27,12.14999962
Fri Jul 24 19:09:09 GMT+05:00 2026,24-Jul-2026 19:09:09.602,74.24179718,31.45082399,4.239999771118164,3.7900924682617188,170.9979248046875,140.3000030517578,0.16749759,7.36540699,6.58744097,0.02643079,33.72549057,14.06866059,0,-2.34375,92,41.96078491,1783,-,-0.78125,-,-1.5625,46,6.091585,6.98999977,-,0.63,8.62745094,15.29411793,27,12.14999962
Fri Jul 24 19:09:10 GMT+05:00 2026,24-Jul-2026 19:09:10.601,74.2418284,31.45079262,4.639999866485596,3.7900924682617188,171.29583740234375,139.10000610351562,0.12801601,6.77886677,7.23858738,0.03000838,33.72549057,14.06866059,0,-2.34375,92,41.96078491,1783,-,-3.125,-,-3.125,47,6.091585,6.98999977,-,0.71499997,8.62745094,14.11764717,8.5,12.19999981
Fri Jul 24 19:09:11 GMT+05:00 2026,24-Jul-2026 19:09:11.602,74.24186214,31.45075934,4.960000038146973,3.7900924682617188,171.27874755859375,138.3000030517578,0.27038896,6.58026218,7.18235636,0.01234359,30.98039246,14.06866059,0,0,92,41.96078491,1783,-,-3.125,-,-3.125,47,6.091585,6.98999977,-,0.71499997,3.13725495,14.11764717,8.5,12.19999981
Fri Jul 24 19:09:12 GMT+05:00 2026,24-Jul-2026 19:09:12.602,74.24189525,31.45072564,4.809999942779541,3.7900924682617188,170.97943115234375,138.5,-0.18903299,6.46301413,7.57358265,0.03410536,30.98039246,14.06866059,0,0,92,41.96078491,881,-,-3.125,-,-3.125,47,4.06105666,3.23000002,-,0.71499997,3.13725495,14.11764717,8.5,12.19999981
Fri Jul 24 19:09:13 GMT+05:00 2026,24-Jul-2026 19:09:13.602,74.24192547,31.45069559,4.239999771118164,3.7900924682617188,171.25421142578125,139.0,0.00717847,6.43519735,7.50538731,0.026797,30.98039246,14.06866059,0,0,92,32.54901886,881,-,-9.375,-,-3.125,47,4.06105666,3.23000002,-,0.71499997,3.13725495,14.11764717,1,12.19999981
Fri Jul 24 19:09:14 GMT+05:00 2026,24-Jul-2026 19:09:14.601,74.24194983,31.45067101,3.509999990463257,3.7900924682617188,171.37872314453125,139.6999969482422,-0.02392823,6.80399132,7.18355274,0.02759904,30.98039246,14.06866059,0,0,92,32.54901886,881,-,-9.375,-,-10.15625,47,4.06105666,3.23000002,-,0.68000001,3.13725495,14.11764717,1,12.14999962
Fri Jul 24 19:09:15 GMT+05:00 2026,24-Jul-2026 19:09:15.602,74.24197105,31.45065015,3.0999999046325684,3.7900924682617188,171.387939453125,140.3000030517578,0.04905286,6.63649368,7.17158842,0.01504892,31.37254906,14.06866059,0,0,92,36.07843018,740,-,-9.375,-,-10.15625,47,5.07632083,3.28999996,-,0.68000001,3.13725495,14.11764717,1,12.14999962
Fri Jul 24 19:09:16 GMT+05:00 2026,24-Jul-2026 19:09:16.602,74.24199013,31.45063069,2.869999885559082,3.7900924682617188,171.372802734375,140.89999389648438,0.07058827,6.18514729,7.25892639,-0.00883591,31.37254906,14.06866059,0,0,92,36.07843018,740,-,-10.15625,-,-10.15625,47,5.07632083,3.28999996,-,0.64499998,3.13725495,14.11764717,1,12.32499981
Fri Jul 24 19:09:17 GMT+05:00 2026,24-Jul-2026 19:09:17.601,74.24200659,31.45061299,2.5,3.7900924682617188,170.83551025390625,141.5,-0.15553348,6.75972414,7.01605511,0.0122593,30.98039246,14.06866059,0,99.21875,94,36.07843018,740,-,-10.15625,-,-10.15625,47,4.78624535,3.07999992,-,0.64499998,3.13725495,14.11764717,1,12.32499981
Fri Jul 24 19:09:18 GMT+05:00 2026,24-Jul-2026 19:09:18.601,74.24202,31.45059784,2.0799999237060547,3.7900924682617188,170.7904052734375,142.0,0.15194423,7.16680288,6.68913555,0.01845211,30.98039246,14.06866059,0,99.21875,94,32.15686417,807,-,-7.8125,-,-10.15625,46,4.78624535,3.07999992,-,0.64499998,3.13725495,14.11764717,1,12.32499981
Fri Jul 24 19:09:19 GMT+05:00 2026,24-Jul-2026 19:09:19.601,74.24203215,31.45058289,2.190000057220459,3.7900924682617188,170.6783447265625,142.1999969482422,0.57338011,8.22383213,5.60099983,0.03495437,30.98039246,14.06866059,0,99.21875,94,32.15686417,807,-,-7.8125,-,-0.78125,46,4.78624535,3.07999992,-,0.245,3.13725495,16.47058868,18.5,12.22500038
Fri Jul 24 19:09:20 GMT+05:00 2026,24-Jul-2026 19:09:20.602,74.24205065,31.45056141,3.1600000858306885,3.7900924682617188,170.8470458984375,142.1999969482422,0.33409786,7.28405142,6.4028945,0.00818658,36.47058868,14.06866059,25.88235283,0,94,32.15686417,807,-,-7.8125,-,-0.78125,46,4.78624535,3.07999992,-,0.245,12.54901981,16.47058868,18.5,12.22500038
Fri Jul 24 19:09:21 GMT+05:00 2026,24-Jul-2026 19:09:21.603,74.24207943,31.4505282,4.78000020980835,3.7900924682617188,170.904296875,142.10000610351562,0.08015956,7.01964426,6.78963423,0.01454711,36.47058868,14.06866059,25.88235283,0,94,54.11764526,1732,-,-7.8125,-,-0.78125,46,7.97707559,8.81000042,-,0.245,12.54901981,16.47058868,18.5,12.22500038
Fri Jul 24 19:09:22 GMT+05:00 2026,24-Jul-2026 19:09:22.602,74.24211284,31.45048839,5.230000019073486,3.7900924682617188,170.9388427734375,142.0,-0.14835501,6.78604507,7.1440711,0.0235309,36.47058868,14.06866059,25.88235283,0,94,54.11764526,1732,-,-9.375,-,-10.9375,46,7.97707559,8.81000042,-,0.69,12.54901981,14.11764717,18.5,12.19999981
Fri Jul 24 19:09:23 GMT+05:00 2026,24-Jul-2026 19:09:23.602,74.24214637,31.45045224,5.130000114440918,3.7900924682617188,171.02685546875,141.89999389648438,-0.13040884,6.85902596,6.92482853,0.01264322,31.37254906,14.06866059,0,0,94,54.11764526,1732,-,-9.375,-,-10.9375,46,7.97707559,8.81000042,-,0.69,3.13725495,14.11764717,18.5,12.19999981
Fri Jul 24 19:09:24 GMT+05:00 2026,24-Jul-2026 19:09:24.601,74.24217825,31.45041899,4.929999828338623,3.7900924682617188,170.994873046875,142.0,0.15433706,7.12851763,6.77408075,0.02155107,31.37254906,14.06866059,0,0,94,54.11764526,1002,-,-9.375,-,-10.9375,46,4.06105666,8.81000042,-,0.69,3.13725495,14.11764717,21,12.19999981
Fri Jul 24 19:09:25 GMT+05:00 2026,24-Jul-2026 19:09:25.602,74.24220828,31.45038302,4.96999979019165,3.7900924682617188,170.873046875,142.39999389648438,-0.08733802,6.57786942,7.26849794,0.01832926,31.37254906,14.06866059,0,0,95,54.11764526,1002,-,-9.375,-,-10.9375,46,3.91601893,8.81000042,-,0.69,3.13725495,14.11764717,21,12.19999981
Fri Jul 24 19:09:26 GMT+05:00 2026,24-Jul-2026 19:09:26.601,74.24224032,31.45034878,4.980000019073486,3.7900924682617188,170.912353515625,142.89999389648438,-0.00837488,6.23300409,7.78564692,0.03564626,31.37254906,14.06866059,0,0,95,28.62745094,1002,-,-4.6875,-,-10.9375,46,3.91601893,3.20000005,-,0.69,3.13725495,14.11764717,21,12.19999981
Fri Jul 24 19:09:27 GMT+05:00 2026,24-Jul-2026 19:09:27.602,74.24226692,31.45031963,4.139999866485596,3.7900924682617188,171.12823486328125,143.39999389648438,-0.09690931,5.98295403,7.72702265,0.01523077,31.37254906,14.06866059,0,0,95,28.62745094,1002,-,-4.6875,-,-4.6875,46,3.91601893,3.20000005,-,0.62,3.13725495,14.11764717,21,12.19999981
Fri Jul 24 19:09:28 GMT+05:00 2026,24-Jul-2026 19:09:28.602,74.24228456,31.45029912,2.9700000286102295,3.7900924682617188,171.27349853515625,143.8000030517578,-0.11126626,6.47617435,7.1440711,0.00199509,31.37254906,14.06866059,0,0,95,36.86274338,1002,-,-8.59375,-,-4.6875,46,3.91601893,3.28999996,-,0.62,3.13725495,14.11764717,6,12.19999981
Fri Jul 24 19:09:29 GMT+05:00 2026,24-Jul-2026 19:09:29.602,74.24230012,31.45028219,2.2899999618530273,3.7900924682617188,171.1605224609375,144.0,0.03708875,6.71306372,7.12014294,0.0165391,30.98039246,14.06866059,0,0,95,36.86274338,1002,-,-8.59375,-,-4.6875,46,3.91601893,3.01999998,-,0.62,3.13725495,14.11764717,6,12.19999981
Fri Jul 24 19:09:30 GMT+05:00 2026,24-Jul-2026 19:09:30.602,74.24231313,31.45026694,2.049999952316284,3.7900924682617188,171.1724853515625,144.3000030517578,0.21415763,7.29362249,6.32871675,0.0036031,30.98039246,14.06866059,0,0,95,36.86274338,801,-,-8.59375,-,-4.6875,46,3.91601893,3.01999998,-,0.62,3.13725495,16.47058868,14.5,12.19999981
Fri Jul 24 19:09:31 GMT+05:00 2026,24-Jul-2026 19:09:31.601,74.24232762,31.45025007,2.319999933242798,3.7900924682617188,171.0260009765625,144.39999389648438,0.06939185,7.237391,6.72502804,0.02611619,30.98039246,14.06866059,0,0,95,36.86274338,1311,-,-8.59375,-,-4.6875,46,5.94654726,3.01999998,-,0.62,6.27450991,16.47058868,14.5,12.19999981
Fri Jul 24 19:09:32 GMT+05:00 2026,24-Jul-2026 19:09:32.602,74.24234683,31.45022773,3.009999990463257,3.7900924682617188,171.011962890625,144.3000030517578,0.1902294,7.0244298,6.44357204,-0.00912786,30.98039246,14.06866059,0,0,95,36.86274338,1311,-,0,-,-4.6875,46,5.94654726,3.01999998,-,0.62,6.27450991,16.47058868,16,12.25
Fri Jul 24 19:09:33 GMT+05:00 2026,24-Jul-2026 19:09:33.602,74.24237064,31.45019964,3.7699999809265137,3.7900924682617188,171.01568603515625,144.10000610351562,0.23928227,7.3785677,6.6568327,0.0323047,32.94117737,14.06866059,3.13725495,0,95,36.86274338,1657,-,0,-,-4.6875,46,5.07632083,3.01999998,-,0.62,6.27450991,16.47058868,16,12.25
Fri Jul 24 19:09:34 GMT+05:00 2026,24-Jul-2026 19:09:34.601,74.24239714,31.45016902,4.150000095367432,3.7900924682617188,170.71795654296875,144.1999969482422,0.06101698,6.97268534,7.11416101,0.03445297,32.94117737,14.06866059,3.13725495,0,95,56.86274338,1657,-,0,-,-4.6875,46,5.07632083,3.01999998,-,0.62,6.27450991,16.47058868,25,12.25
Fri Jul 24 19:09:35 GMT+05:00 2026,24-Jul-2026 19:09:35.602,74.24242697,31.45013505,4.650000095367432,3.7900924682617188,170.6412353515625,143.3000030517578,-0.5805586,7.2505517,7.30797958,0.07005745,32.94117737,14.06866059,3.13725495,0,95,56.86274338,1657,-,0,-,-4.6875,46,5.07632083,5.38999987,-,0.62,7.05882359,16.47058868,25,12.25
Fri Jul 24 19:09:36 GMT+05:00 2026,24-Jul-2026 19:09:36.602,74.24245938,31.45009963,4.889999866485596,3.7900924682617188,170.59783935546875,141.60000610351562,-0.2739782,6.62213659,8.06799984,0.08335084,32.94117737,14.06866059,3.13725495,0,95,44.31372452,1657,-,-7.8125,-,-7.8125,46,5.07632083,5.38999987,-,0.67500001,7.05882359,16.47058868,5,12.125
Fri Jul 24 19:09:37 GMT+05:00 2026,24-Jul-2026 19:09:37.601,74.24249056,31.45006634,4.650000095367432,3.7900924682617188,170.4705810546875,142.5,-0.03230311,6.57069111,7.00498819,-0.00195622,32.94117737,14.06866059,3.13725495,0,95,44.31372452,881,-,-7.8125,-,-7.8125,46,4.06105666,5.38999987,-,0.67500001,3.13725495,16.47058868,5,12.125
Fri Jul 24 19:09:38 GMT+05:00 2026,24-Jul-2026 19:09:38.602,74.24251696,31.45003616,4.039999961853027,3.7900924682617188,170.852783203125,142.6999969482422,-0.285045,6.58026218,6.9619174,-0.00405723,32.94117737,14.06866059,3.13725495,0,95,44.31372452,881,-,-7.8125,-,-8.59375,46,4.06105666,5.38999987,-,0.63,3.13725495,14.11764717,5,12.125
Fri Jul 24 19:09:39 GMT+05:00 2026,24-Jul-2026 19:09:39.601,74.24254196,31.45000734,3.859999895095825,3.7900924682617188,170.7889404296875,143.10000610351562,0.20697916,6.75254536,6.48574591,-0.02635437,32.94117737,14.06866059,3.13725495,0,95,33.72549057,851,-,-7.8125,-,-8.59375,46,4.06105666,3.1400001,-,0.63,3.13725495,14.11764717,5,12.125
Fri Jul 24 19:09:40 GMT+05:00 2026,24-Jul-2026 19:09:40.601,74.242566,31.44997924,3.75,3.7900924682617188,170.9066162109375,143.39999389648438,0.16510476,7.74855804,6.89611483,0.07651168,32.94117737,14.06866059,3.13725495,0,95,33.72549057,851,-,-9.375,-,-8.59375,46,4.06105666,3.1400001,-,0.63,3.13725495,18.8235302,5,12.125
Fri Jul 24 19:09:41 GMT+05:00 2026,24-Jul-2026 19:09:41.602,74.24259166,31.44994873,4.090000152587891,3.7900924682617188,170.8861083984375,143.8000030517578,-0.19381863,6.53958416,7.34506798,0.02168578,32.94117737,14.06866059,3.13725495,0,95,33.72549057,851,-,-9.375,-,-8.59375,46,4.06105666,3.1400001,-,0.63,3.13725495,18.8235302,5,12.125
Fri Jul 24 19:09:42 GMT+05:00 2026,24-Jul-2026 19:09:42.602,74.24262053,31.44991419,4.670000076293945,3.7900924682617188,170.9405517578125,144.10000610351562,0.08614162,7.30319405,6.48095989,0.01436937,32.94117737,14.06866059,3.13725495,0,95,33.72549057,851,-,-9.375,-,-8.59375,46,4.06105666,3.1400001,-,0.63,3.13725495,18.8235302,5,12.125
Fri Jul 24 19:09:43 GMT+05:00 2026,24-Jul-2026 19:09:43.602,74.24265089,31.449879,5.119999885559082,3.7900924682617188,170.7734375,144.3000030517578,0.05024927,7.45513821,6.67717171,0.03921491,32.94117737,14.06866059,3.13725495,3.90625,95,33.72549057,851,-,-9.375,-,-8.59375,46,4.06105666,3.1400001,-,0.63,7.05882359,18.8235302,5,12.125
Fri Jul 24 19:09:44 GMT+05:00 2026,24-Jul-2026 19:09:44.602,74.24268711,31.44983891,5.619999885559082,3.7900924682617188,171.02008056640625,144.10000610351562,-0.45613182,6.93679285,7.47906637,0.05987197,33.33333206,14.06866059,3.13725495,3.90625,95,33.72549057,1321,-,-9.375,-,-8.59375,46,4.06105666,7.17000008,-,0.63,7.05882359,14.11764717,5,12.125
Fri Jul 24 19:09:45 GMT+05:00 2026,24-Jul-2026 19:09:45.602,74.24272605,31.4497966,5.940000057220459,3.7900924682617188,171.13775634765625,144.5,0.3915256,6.33469868,7.57747126,0.02657586,33.33333206,14.06866059,3.13725495,0,95,33.72549057,1321,-,-9.375,-,-8.59375,46,4.06105666,7.17000008,-,0.63,3.92156863,14.11764717,5,12.125
Fri Jul 24 19:09:46 GMT+05:00 2026,24-Jul-2026 19:09:46.602,74.24275786,31.44975631,5.53000020980835,3.7900924682617188,171.2344970703125,146.0,0.1698904,6.79322338,7.51735163,0.051974,33.33333206,14.06866059,3.13725495,0,95,33.72549057,1321,-,0,-,-8.59375,46,4.06105666,7.17000008,-,0.63,3.92156863,14.11764717,5,12.125
Fri Jul 24 19:09:47 GMT+05:00 2026,24-Jul-2026 19:09:47.602,74.24278675,31.44971694,5.150000095367432,3.7900924682617188,171.11846923828125,150.5,0.65952176,7.09860754,6.46899605,0.00031364,31.37254906,14.06866059,3.13725495,0,95,33.72549057,1321,-,0,-,-8.59375,46,4.06105666,4.90999985,-,0.63,3.13725495,14.11764717,5,12.125
Fri Jul 24 19:09:48 GMT+05:00 2026,24-Jul-2026 19:09:48.603,74.24281125,31.44967743,5.039999961853027,3.7900924682617188,171.16168212890625,156.1999969482422,1.88165593,7.43599558,7.1368928,0.08700329,31.37254906,14.06866059,7.05882359,-28.90625,95,88.62744904,1321,-,0,-,-8.59375,46,4.06105666,4.90999985,-,0.63,3.13725495,17.25490189,17,12.125
Fri Jul 24 19:09:49 GMT+05:00 2026,24-Jul-2026 19:09:49.601,74.24282439,31.44962724,5.78000020980835,3.7900924682617188,170.84521484375,172.0,3.65473747,6.18275452,6.26411057,-0.00953305,49.41176605,14.06866059,7.05882359,-28.90625,96,88.62744904,1321,-,0,-,-8.59375,46,4.06105666,4.90999985,-,0.63,24.31372643,17.25490189,17,12.125
Fri Jul 24 19:09:50 GMT+05:00 2026,24-Jul-2026 19:09:50.602,74.242813,31.44956802,7.059999942779541,3.7900924682617188,170.31573486328125,193.3000030517578,3.49411917,6.83150864,6.70708179,0.05787212,49.41176605,14.06866059,7.05882359,0,96,88.62744904,1321,-,0,-,-8.59375,46,4.06105666,4.90999985,-,0.63,24.31372643,30.58823586,17,12.17500019
Fri Jul 24 19:09:51 GMT+05:00 2026,24-Jul-2026 19:09:51.601,74.24275799,31.44950054,8.630000114440918,3.7900924682617188,169.9097900390625,218.10000610351562,1.45334065,6.81356239,5.84626389,-0.05390388,49.41176605,14.06866059,7.05882359,0,96,100,1321,-,0,-,-8.59375,46,4.06105666,30.45000076,-,0.63,25.88235283,30.58823586,17,12.17500019
Fri Jul 24 19:09:52 GMT+05:00 2026,24-Jul-2026 19:09:52.601,74.24267027,31.44944474,10.180000305175781,3.7900924682617188,169.9495849609375,233.5,0.17108682,7.48624468,6.17916536,0.00865465,49.41176605,14.06866059,0,0,96,100,1321,-,0,-,-8.59375,45,4.06105666,30.45000076,-,0.63,25.88235283,30.58823586,15.5,12.19999981
Fri Jul 24 19:09:53 GMT+05:00 2026,24-Jul-2026 19:09:53.602,74.24257183,31.44938635,11.59000015258789,3.7900924682617188,169.4052734375,234.10000610351562,0.62123656,7.60857773,6.81954432,0.06245929,49.41176605,14.06866059,0,0,96,100,2285,-,0,-,-8.59375,45,12.90835868,30.45000076,-,0.63,26.27450943,30.58823586,15.5,12.19999981
Fri Jul 24 19:09:54 GMT+05:00 2026,24-Jul-2026 19:09:54.601,74.242461,31.44932059,12.789999961853027,3.7900924682617188,169.023681640625,236.10000610351562,0.66311097,7.19073105,6.31675291,-0.00300318,49.41176605,14.06866059,0,0,96,100,2285,-,0,-,-4.6875,45,12.90835868,30.45000076,-,0.69,26.27450943,30.58823586,15.5,12.17500019
Fri Jul 24 19:09:55 GMT+05:00 2026,24-Jul-2026 19:09:55.602,74.2423365,31.44925106,13.920000076293945,3.7900924682617188,168.8006591796875,238.1999969482422,0.19262223,7.59182787,6.22103977,0.01971763,45.88235474,14.06866059,0,0,96,100,2285,-,0,-,-4.6875,45,13.05339642,31.59000015,-,0.69,29.01960754,30.58823586,15.5,12.17500019
Fri Jul 24 19:09:56 GMT+05:00 2026,24-Jul-2026 19:09:56.602,74.24220603,31.44917829,14.979999542236328,3.7900924682617188,168.70074462890625,236.6999969482422,-0.31256247,6.92841816,5.47537661,-0.08025461,45.88235474,14.06866059,0,0,96,100,2285,-,0,-,-5.46875,44,13.05339642,31.59000015,-,0.64499998,29.01960754,30.19607925,15.5,12.19999981
Fri Jul 24 19:09:57 GMT+05:00 2026,24-Jul-2026 19:09:57.602,74.24207186,31.44909441,15.970000267028809,3.7900924682617188,168.5528564453125,234.5,-0.22372891,6.62333298,7.42522764,0.03352767,45.88235474,14.06866059,0,0,96,100,2285,-,0,-,-5.46875,44,12.03813225,27.05999947,-,0.64499998,25.49019623,30.19607925,15.5,12.19999981
Fri Jul 24 19:09:58 GMT+05:00 2026,24-Jul-2026 19:09:58.603,74.24192843,31.44900368,16.700000762939453,3.7900924682617188,168.44580078125,233.39999389648438,0.04666004,6.04397106,6.77766991,-0.05528945,45.88235474,14.06866059,0,0,96,100,2285,-,-10.15625,-,-10.15625,43,12.03813225,27.05999947,-,0.75,25.49019623,14.11764717,-7,12.27499962
Fri Jul 24 19:09:59 GMT+05:00 2026,24-Jul-2026 19:09:59.602,74.24179051,31.44891397,16.559999465942383,3.7900924682617188,168.1788330078125,233.1999969482422,0.30299118,6.31555605,6.99422073,-0.0198859,45.88235474,14.06866059,0,0,96,30.58823586,2285,-,-10.15625,-,-10.15625,43,4.2060944,3.46000004,-,0.75,3.13725495,14.11764717,-7,12.27499962
Fri Jul 24 19:10:00 GMT+05:00 2026,24-Jul-2026 19:10:00.601,74.24165073,31.44882654,16.360000610351562,3.7900924682617188,168.1632080078125,233.39999389648438,0.09332009,6.49172783,7.12851763,0.00186843,45.88235474,14.06866059,0,0,96,30.58823586,2285,-,0,-,-10.15625,43,4.2060944,3.46000004,-,0.75,3.13725495,14.11764717,1,12.27499962
Fri Jul 24 19:10:01 GMT+05:00 2026,24-Jul-2026 19:10:01.601,74.24151633,31.44873927,16.15999984741211,3.7900924682617188,168.056884765625,233.39999389648438,0.22971097,6.73699236,7.4132638,0.0403859,30.98039246,14.06866059,0,0,98,30.19607925,975,-,0,-,-10.15625,43,4.2060944,3.25999999,-,0.75,3.13725495,14.11764717,1,12.27499962
Fri Jul 24 19:10:02 GMT+05:00 2026,24-Jul-2026 19:10:02.601,74.24138204,31.44864898,15.979999542236328,3.7900924682617188,168.206298828125,232.8000030517578,0.03708875,6.63170815,7.58345318,0.04593259,30.98039246,14.06866059,0,0,98,30.19607925,975,-,0,-,-9.375,44,4.2060944,3.25999999,-,0.745,3.13725495,14.11764717,1,12.17500019
Fri Jul 24 19:10:03 GMT+05:00 2026,24-Jul-2026 19:10:03.602,74.24124994,31.44855786,15.800000190734863,3.7900924682617188,168.48626708984375,232.39999389648438,1.05702937,6.82791948,7.98185825,0.09513515,30.98039246,14.06866059,0,0,98,30.19607925,975,-,0,-,-9.375,44,4.06105666,3.25999999,-,0.745,3.13725495,14.11764717,1,12.17500019
Fri Jul 24 19:10:04 GMT+05:00 2026,24-Jul-2026 19:10:04.602,74.24111873,31.4484722,15.609999656677246,3.7900924682617188,168.54693603515625,232.8000030517578,0.08135597,6.59103012,6.95593548,-0.00414264,30.98039246,14.06866059,0,0,98,29.80392075,966,-,0,-,-8.59375,44,4.06105666,3.25999999,-,0.70499998,3.13725495,14.11764717,1,12.17500019
Fri Jul 24 19:10:05 GMT+05:00 2026,24-Jul-2026 19:10:05.602,74.24098713,31.44839052,15.420000076293945,3.7900924682617188,168.307373046875,233.6999969482422,0.12203395,6.5575304,7.1871419,0.01083559,30.98039246,14.06866059,0,0,98,29.80392075,966,-,0,-,-8.59375,44,4.06105666,3.25999999,-,0.70499998,3.13725495,14.11764717,1,12.17500019
Fri Jul 24 19:10:06 GMT+05:00 2026,24-Jul-2026 19:10:06.601,74.24086085,31.44831165,15.170000076293945,3.7900924682617188,168.119873046875,234.0,0.30179477,6.86261511,9.29761124,0.19738287,30.98039246,14.06866059,0,0,98,30.58823586,954,-,-8.59375,-,-8.59375,44,4.06105666,3.25999999,-,0.70499998,3.13725495,14.11764717,1,12.17500019
Fri Jul 24 19:10:07 GMT+05:00 2026,24-Jul-2026 19:10:07.602,74.24073692,31.4482349,14.619999885559082,3.7900924682617188,168.03192138671875,234.1999969482422,-0.11006984,6.12891626,7.25653362,-0.01269162,30.98039246,14.06866059,0,0,98,30.58823586,954,-,-8.59375,-,-8.59375,44,4.06105666,3.25999999,-,0.70499998,3.13725495,14.11764717,1,12.17500019
Fri Jul 24 19:10:08 GMT+05:00 2026,24-Jul-2026 19:10:08.602,74.2406191,31.44815881,14.100000381469727,3.7900924682617188,167.99639892578125,234.3000030517578,-0.33050862,6.43280458,6.33948469,-0.05973005,30.98039246,14.06866059,0,0,98,30.58823586,954,-,-8.59375,-,-8.59375,44,4.06105666,3.07999992,-,0.70499998,3.13725495,17.25490189,1,12.14999962
Fri Jul 24 19:10:09 GMT+05:00 2026,24-Jul-2026 19:10:09.602,74.24050053,31.44808269,13.869999885559082,3.8096261024475098,167.92193603515625,232.89999389648438,0.13040884,6.74417067,7.01844788,0.0112983,30.98039246,14.06866059,4.31372547,0,98,30.58823586,954,-,-8.59375,-,-8.59375,44,4.06105666,5.59000015,-,0.70499998,6.27450991,17.25490189,1,12.14999962
Fri Jul 24 19:10:10 GMT+05:00 2026,24-Jul-2026 19:10:10.601,74.24038594,31.44800722,13.949999809265137,3.8100197315216064,167.89947509765625,232.5,0.47288159,6.46540689,7.45394182,0.02599078,30.98039246,14.06866059,4.31372547,0,98,30.58823586,954,-,-2.34375,-,-8.59375,44,4.06105666,5.59000015,-,0.70499998,6.27450991,17.25490189,27,12.14999962
Fri Jul 24 19:10:11 GMT+05:00 2026,24-Jul-2026 19:10:11.602,74.24026878,31.44793344,13.930000305175781,3.8099148273468018,167.9654541015625,233.3000030517578,-0.24167509,6.97627449,6.94157839,0.02250713,34.50980377,14.06866059,0,0,98,30.58823586,954,-,-2.34375,-,-3.125,44,4.06105666,5.59000015,-,0.69,9.01960754,17.25490189,27,12.07499981
Fri Jul 24 19:10:12 GMT+05:00 2026,24-Jul-2026 19:10:12.601,74.24014841,31.44785716,14.09000015258789,3.8089892864227295,168.03240966796875,233.39999389648438,0.1902294,6.23420048,7.43719196,0.00843441,34.50980377,14.06866059,0,0,98,67.45098114,1516,-,-7.8125,-,-3.125,44,4.06105666,5.59000015,-,0.69,9.01960754,17.25490189,-7,12.07499981
Fri Jul 24 19:10:13 GMT+05:00 2026,24-Jul-2026 19:10:13.601,74.24003224,31.44778249,13.949999809265137,3.8107025623321533,167.80938720703125,233.1999969482422,0.37477586,6.53958416,7.55085087,0.03797013,34.50980377,14.06866059,0,0,96,67.45098114,1516,-,-7.8125,-,0,44,3.33586797,5.59000015,-,0.73000002,3.13725495,14.11764717,-7,12.27499962
Fri Jul 24 19:10:14 GMT+05:00 2026,24-Jul-2026 19:10:14.601,74.23991781,31.44770875,13.649999618530273,3.845362424850464,167.60882568359375,233.10000610351562,0.40588254,6.5072813,7.33669329,0.01952153,34.50980377,14.06866059,0,0,96,67.45098114,1516,-,0,-,0,45,3.33586797,5.59000015,-,0.73000002,3.13725495,14.11764717,-13,12.75
Fri Jul 24 19:10:15 GMT+05:00 2026,24-Jul-2026 19:10:15.602,74.23980274,31.44763748,13.369999885559082,3.937138080596924,167.49261474609375,233.10000610351562,0.32093734,6.33589506,7.09980392,-0.01043653,34.50980377,14.06866059,0,0,96,67.45098114,1465,-,0,-,0,45,4.64120762,5.59000015,-,0.73000002,3.52941179,14.11764717,-13,12.75
Fri Jul 24 19:10:16 GMT+05:00 2026,24-Jul-2026 19:10:16.602,74.23969336,31.44756676,13.279999732971191,3.8127241134643555,167.3157958984375,233.0,0.36041892,6.80159855,7.25773001,0.03359777,34.50980377,14.06866059,0,0,96,74.50980377,1465,-,0,-,1.5625,45,4.64120762,5.59000015,-,0.245,3.52941179,19.2156868,-13,12.57499981
Fri Jul 24 19:10:17 GMT+05:00 2026,24-Jul-2026 19:10:17.602,74.23957575,31.44749102,13.579999923706055,3.8185153007507324,167.27264404296875,232.89999389648438,0.1160519,6.42562628,7.46710205,0.02327019,34.50980377,14.06866059,14.90196037,0,96,74.50980377,1465,-,0,-,1.5625,45,4.64120762,3.75,-,0.245,7.84313726,19.2156868,-13,12.57499981
Fri Jul 24 19:10:18 GMT+05:00 2026,24-Jul-2026 19:10:18.602,74.23946288,31.44741701,13.520000457763672,3.8184027671813965,167.152587890625,232.8000030517578,-0.32333016,6.36580563,7.36421061,0.01182264,34.50980377,14.06866059,14.90196037,0,96,24.31372643,1465,-,0,-,0,45,4.64120762,3.75,-,0.41499999,7.84313726,14.11764717,-10,12.30000019
Fri Jul 24 19:10:19 GMT+05:00 2026,24-Jul-2026 19:10:19.602,74.23935263,31.44734528,13.220000267028809,3.8123939037323,167.11956787109375,232.6999969482422,-0.15194423,6.51087046,7.50897646,0.03222936,34.50980377,14.06866059,14.90196037,0,95,24.31372643,1305,-,0,-,0,45,3.33586797,3.75,-,0.41499999,3.13725495,14.11764717,-10,12.30000019
Fri Jul 24 19:10:20 GMT+05:00 2026,24-Jul-2026 19:10:20.602,74.23924023,31.44727162,12.960000038146973,3.8192694187164307,166.85858154296875,232.89999389648438,0.56739807,6.79083061,7.04237604,0.01794094,34.50980377,14.06866059,14.90196037,0,95,25.09803963,1305,-,0,-,0,45,3.33586797,3.75,-,0.005,3.13725495,15.68627453,13.5,12.30000019
Fri Jul 24 19:10:21 GMT+05:00 2026,24-Jul-2026 19:10:21.601,74.23913055,31.4472021,12.970000267028809,3.819241523742676,166.70458984375,233.1999969482422,0.36041892,7.12133932,7.13928556,0.04756588,34.90196228,14.06866059,0,-100,95,25.09803963,1305,-,0,-,0,45,8.70226428,3.75,-,0.005,9.8039217,15.68627453,13.5,12.30000019
Fri Jul 24 19:10:22 GMT+05:00 2026,24-Jul-2026 19:10:22.601,74.23902119,31.44713151,13.239999771118164,3.819776773452759,166.5738525390625,233.1999969482422,0.32931221,6.85424042,6.71067095,-0.0026077,34.90196228,14.06866059,0,-100,95,82.35294342,1305,-,-0.78125,-,-3.125,45,8.70226428,3.75,-,0.82999998,9.8039217,18.8235302,25,12.30000019
Fri Jul 24 19:10:23 GMT+05:00 2026,24-Jul-2026 19:10:23.601,74.23890881,31.44706141,13.550000190734863,3.814378023147583,166.42987060546875,233.39999389648438,0.58654064,6.53838778,6.79441977,-0.01793367,35.68627548,14.06866059,14.50980377,-100,95,92.94117737,1495,-,-0.78125,-,-3.125,45,8.70226428,3.75,-,0.82999998,11.37254906,18.8235302,25,12.30000019
Fri Jul 24 19:10:24 GMT+05:00 2026,24-Jul-2026 19:10:24.602,74.2387929,31.44698799,13.960000038146973,3.814507484436035,166.3031005859375,233.6999969482422,-0.68225354,6.76092052,7.42522764,0.04502064,35.68627548,14.06866059,27.05882263,-100,95,92.94117737,1495,-,-0.78125,-,-4.6875,45,8.70226428,3.75,-,0.69,11.37254906,20.3921566,23.5,12.25
Fri Jul 24 19:10:25 GMT+05:00 2026,24-Jul-2026 19:10:25.601,74.23866796,31.4469101,14.229999542236328,3.8094966411590576,166.1029052734375,233.60000610351562,0.16151553,6.40528727,7.5954175,0.03194696,35.68627548,14.06866059,27.05882263,-100,95,92.94117737,1398,-,-0.78125,-,-4.6875,45,8.70226428,3.3499999,-,0.69,3.13725495,20.3921566,23.5,12.25
Fri Jul 24 19:10:26 GMT+05:00 2026,24-Jul-2026 19:10:26.601,74.23854969,31.44683499,13.989999771118164,3.8172223567962646,166.0574951171875,233.3000030517578,-0.37118661,6.52163792,7.47188759,0.0306868,35.68627548,14.06866059,27.05882263,-100,95,92.94117737,1398,-,-0.78125,-,-4.6875,45,8.70226428,3.3499999,-,0.69,3.13725495,14.11764717,-11.5,12.47500038
Fri Jul 24 19:10:27 GMT+05:00 2026,24-Jul-2026 19:10:27.601,74.23843437,31.44676153,13.680000305175781,3.8109679222106934,165.91851806640625,233.0,-0.0526421,6.74656343,7.29003334,0.03153294,35.68627548,14.06866059,27.05882263,-100,95,37.64706039,1383,-,-0.78125,-,-4.6875,45,3.33586797,3.3499999,-,0.69,3.13725495,14.11764717,-11.5,12.47500038
Fri Jul 24 19:10:28 GMT+05:00 2026,24-Jul-2026 19:10:28.601,74.23831568,31.4466852,13.59000015258789,3.817093849182129,165.85748291015625,232.6999969482422,-0.53509498,5.40478802,8.14606571,0.01702547,35.68627548,14.06866059,27.05882263,0,95,37.64706039,1383,-,0,-,-1.5625,45,3.33586797,3.3499999,-,0.045,3.13725495,14.11764717,2.5,12.47500038
Fri Jul 24 19:10:29 GMT+05:00 2026,24-Jul-2026 19:10:29.601,74.23820817,31.4466145,12.539999961853027,3.8186399936676025,165.75994873046875,232.5,-0.63080788,5.60698175,7.96630478,0.01411498,35.68627548,14.06866059,27.05882263,0,94,37.64706039,1156,-,0,-,-1.5625,45,3.48090571,3.3499999,-,0.045,3.13725495,14.11764717,2.5,12.47500038
Fri Jul 24 19:10:30 GMT+05:00 2026,24-Jul-2026 19:10:30.602,74.23811166,31.44655112,11.050000190734863,3.8662853240966797,165.62396240234375,232.1999969482422,0.0215354,5.96022224,7.70070124,0.01164412,35.68627548,14.06866059,27.05882263,0,94,37.64706039,1156,-,0,-,-1.5625,45,3.48090571,3.3499999,-,0.045,3.13725495,14.11764717,2.5,12.94999981
Fri Jul 24 19:10:31 GMT+05:00 2026,24-Jul-2026 19:10:31.602,74.23802559,31.44649501,10.020000457763672,3.810957431793213,165.608154296875,231.8000030517578,0.14715859,6.14327288,7.77368259,0.0291087,31.37254906,14.06866059,27.05882263,0,94,37.64706039,902,-,0,-,-1.5625,45,3.48090571,3.56999993,-,0.045,3.52941179,14.11764717,2.5,12.94999981
Fri Jul 24 19:10:32 GMT+05:00 2026,24-Jul-2026 19:10:32.602,74.23794501,31.44644175,9.4399995803833,3.811558246612549,165.6622314453125,232.1999969482422,-0.60807604,5.71226597,8.11226654,0.03227741,31.37254906,14.06866059,0,0,94,37.64706039,902,-,0,-,-1.5625,45,3.48090571,3.56999993,-,0.045,3.52941179,14.11764717,2.5,13.10000038
Fri Jul 24 19:10:33 GMT+05:00 2026,24-Jul-2026 19:10:33.602,74.23787075,31.44639239,8.3100004196167,3.818242073059082,165.6737060546875,231.3000030517578,-0.27876383,5.70149803,8.20947552,0.03826743,31.37254906,14.06866059,0,0,94,30.58823586,1049,-,-3.90625,-,-1.5625,45,3.48090571,3.3900001,-,0.045,3.52941179,14.11764717,2.5,13.10000038
Fri Jul 24 19:10:34 GMT+05:00 2026,24-Jul-2026 19:10:34.601,74.23780911,31.44634985,7.230000019073486,3.8166637420654297,165.671630859375,230.5,0.1052842,6.09182739,7.67557669,0.01795936,31.37254906,14.06866059,0,0,94,30.58823586,1049,-,-3.90625,-,-3.90625,45,3.48090571,3.3900001,-,0.07,3.13725495,14.11764717,2.5,13.10000038
Fri Jul 24 19:10:35 GMT+05:00 2026,24-Jul-2026 19:10:35.602,74.23775493,31.44631261,6.5,3.810950756072998,165.7154541015625,230.39999389648438,0.40109691,6.40648365,7.43360281,0.0201748,31.37254906,14.06866059,0,0,94,30.19607925,1049,-,-5.46875,-,-3.90625,45,3.91601893,3.17000008,-,0.07,3.13725495,14.11764717,2.5,13.10000038
Fri Jul 24 19:10:36 GMT+05:00 2026,24-Jul-2026 19:10:36.602,74.23770159,31.44627633,6.170000076293945,3.8187901973724365,165.63018798828125,231.0,0.27996024,6.55992317,7.221838,0.01394653,31.37254906,14.06866059,0,0,94,30.19607925,1049,-,-5.46875,-,-3.90625,45,3.91601893,3.17000008,-,0.07,3.13725495,14.11764717,1,12.25
Fri Jul 24 19:10:37 GMT+05:00 2026,24-Jul-2026 19:10:37.601,74.23765093,31.44624342,5.940000057220459,3.8206372261047363,165.63836669921875,231.89999389648438,0.12203395,6.2617178,7.85144949,0.0427888,31.37254906,14.06866059,0,0,94,30.19607925,1049,-,-5.46875,-,-3.90625,45,3.91601893,3.17000008,-,0.07,3.13725495,14.11764717,1,12.25
Fri Jul 24 19:10:38 GMT+05:00 2026,24-Jul-2026 19:10:38.601,74.23760477,31.44621515,5.260000228881836,3.8195064067840576,165.47119140625,232.6999969482422,0.32691941,6.85424042,7.34028244,0.04328591,31.37254906,14.06866059,0,0,94,30.19607925,1049,-,-5.46875,-,-3.90625,45,3.91601893,3.17000008,-,0.07,3.13725495,14.11764717,1,12.25
Fri Jul 24 19:10:39 GMT+05:00 2026,24-Jul-2026 19:10:39.602,74.23756451,31.44618912,4.75,3.8146767616271973,165.4737548828125,233.39999389648438,0.63080788,6.62692213,7.60020304,0.04890019,31.37254906,14.06866059,0,0,94,30.19607925,1049,-,-5.46875,-,-3.90625,45,3.91601893,3.17000008,-,0.07,3.13725495,14.11764717,1,12.25
Fri Jul 24 19:10:40 GMT+05:00 2026,24-Jul-2026 19:10:40.602,74.23752395,31.44616421,4.710000038146973,3.809967279434204,165.52178955078125,233.89999389648438,0.13160525,6.49053144,7.22064161,0.00879514,31.37254906,14.06866059,0,0,94,32.54901886,766,-,-7.8125,-,-3.90625,46,4.93128309,3.07999992,-,0.07,3.13725495,14.11764717,1,12.25
Fri Jul 24 19:10:41 GMT+05:00 2026,24-Jul-2026 19:10:41.602,74.23748385,31.44613838,4.699999809265137,3.820849657058716,165.8060302734375,233.89999389648438,0.49322057,6.83749056,6.77168798,0.00125134,34.90196228,14.06866059,0,0,94,32.54901886,766,-,-7.8125,-,-7.8125,46,4.93128309,3.07999992,-,0.73000002,9.8039217,14.11764717,1,12.25
Fri Jul 24 19:10:42 GMT+05:00 2026,24-Jul-2026 19:10:42.603,74.2374408,31.44611125,5.190000057220459,3.7943778038024902,165.5450439453125,234.3000030517578,1.00319088,7.32712221,6.44476891,0.01895869,34.90196228,14.06866059,0,0,94,32.54901886,766,-,3.125,-,-7.8125,46,9.57249071,13.78999996,-,0.73000002,9.8039217,20.3921566,1,12.25
Fri Jul 24 19:10:43 GMT+05:00 2026,24-Jul-2026 19:10:43.602,74.23739048,31.44608105,6.170000076293945,3.8667590618133545,165.498779296875,234.60000610351562,0.45373899,7.39531755,6.15164804,0.00066441,34.90196228,14.06866059,24.31372643,-0.78125,94,32.54901886,766,-,3.125,-,-1.5625,46,9.57249071,13.78999996,-,0.71499997,11.76470566,20.3921566,1,12.25
Fri Jul 24 19:10:44 GMT+05:00 2026,24-Jul-2026 19:10:44.602,74.23733061,31.44604462,7.25,3.8035454750061035,165.4381103515625,234.10000610351562,0.59970117,6.84227657,6.86381197,0.00882834,34.90196228,14.06866059,24.31372643,-0.78125,94,87.84313965,1641,-,-3.125,-,-1.5625,46,9.57249071,13.78999996,-,0.71499997,11.76470566,17.64705849,26.5,12.25
Fri Jul 24 19:10:45 GMT+05:00 2026,24-Jul-2026 19:10:45.601,74.23726645,31.44600404,7.75,3.817573070526123,165.5985107421875,233.3000030517578,0.49920264,6.93559647,6.82074118,0.01189899,33.72549057,14.06866059,4.70588255,-0.78125,94,87.84313965,1315,-,-3.125,-,-4.6875,46,9.57249071,9.27999973,-,0.685,6.66666651,17.64705849,26.5,12.25
Fri Jul 24 19:10:46 GMT+05:00 2026,24-Jul-2026 19:10:46.602,74.23720095,31.44596197,8.130000114440918,3.805961847305298,165.69329833984375,232.89999389648438,0.39032918,6.92961454,6.84945488,0.01301152,33.72549057,14.06866059,4.70588255,-0.78125,94,100,1315,-,-3.125,-,-3.90625,46,9.57249071,9.27999973,-,0.64499998,6.66666651,17.64705849,24,12.19999981
Fri Jul 24 19:10:47 GMT+05:00 2026,24-Jul-2026 19:10:47.602,74.23713023,31.44591637,8.619999885559082,3.805373191833496,165.80718994140625,233.39999389648438,0.07896315,6.33110952,7.19671297,-0.00388461,30.98039246,14.06866059,11.76470566,-0.78125,92,100,969,-,-3.125,-,-3.90625,46,9.57249071,9.27999973,-,0.64499998,2.74509811,17.64705849,24,12.19999981
Fri Jul 24 19:10:48 GMT+05:00 2026,24-Jul-2026 19:10:48.603,74.23705843,31.4458711,8.520000457763672,3.8042900562286377,165.8968505859375,233.6999969482422,0.09451649,6.18275452,8.30758095,0.07467979,30.98039246,14.06866059,11.76470566,-0.78125,92,100,969,-,0,-,0,46,9.57249071,9.27999973,-,0.64499998,2.74509811,14.11764717,24,12.17500019
Fri Jul 24 19:10:49 GMT+05:00 2026,24-Jul-2026 19:10:49.601,74.2369891,31.44582691,7.690000057220459,3.8714914321899414,165.7745361328125,233.10000610351562,-0.21894327,5.8319068,8.27767086,0.0514285,31.37254906,14.06866059,0,-0.78125,92,100,930,-,0,-,0,46,9.57249071,9.27999973,-,0.64499998,3.13725495,14.11764717,24,12.17500019
Fri Jul 24 19:10:50 GMT+05:00 2026,24-Jul-2026 19:10:50.602,74.23693338,31.44579059,6.269999980926514,3.806561231613159,165.6514892578125,232.6999969482422,-0.12801601,6.37896585,7.18594551,-0.00142288,31.37254906,14.06866059,0,0,92,100,930,-,0,-,0,46,9.57249071,9.27999973,-,0.64499998,3.13725495,14.11764717,1,12.22500038
Fri Jul 24 19:10:51 GMT+05:00 2026,24-Jul-2026 19:10:51.602,74.23688471,31.44575809,5.730000019073486,3.805803060531616,165.6126708984375,232.60000610351562,0.08015956,6.89611483,7.45154905,0.05398935,31.37254906,14.06866059,0,0,94,100,829,-,-7.03125,-,0,46,9.57249071,9.27999973,-,0.64499998,3.13725495,14.11764717,1,12.22500038
Fri Jul 24 19:10:52 GMT+05:00 2026,24-Jul-2026 19:10:52.602,74.2368369,31.44572652,5.599999904632568,3.8099453449249268,165.7279052734375,233.0,0.06699903,6.55154848,6.65443993,-0.02905637,31.37254906,14.06866059,0,0,94,100,829,-,-7.03125,-,-7.8125,46,9.57249071,9.27999973,-,0.60500002,3.13725495,14.11764717,1,12.22500038
Fri Jul 24 19:10:53 GMT+05:00 2026,24-Jul-2026 19:10:53.602,74.23679084,31.44569667,5.489999771118164,3.8099241256713867,165.7723388671875,233.3000030517578,0.17467605,6.55394125,7.23619461,0.01437074,31.37254906,14.06866059,0,0,94,100,828,-,-7.8125,-,-7.8125,46,9.57249071,9.27999973,-,0.60500002,3.13725495,14.11764717,1,12.22500038
Fri Jul 24 19:10:54 GMT+05:00 2026,24-Jul-2026 19:10:54.603,74.23674598,31.44566704,5.420000076293945,3.8116705417633057,165.8089599609375,232.8000030517578,0.22372891,6.97029257,6.53958416,-0.00644374,31.37254906,14.06866059,0,0,94,100,828,-,-7.8125,-,-7.8125,46,9.57249071,9.27999973,-,0.62,6.66666651,14.11764717,1,12.17500019
Fri Jul 24 19:10:55 GMT+05:00 2026,24-Jul-2026 19:10:55.602,74.23669918,31.44563633,5.590000152587891,3.813598394393921,165.80987548828125,232.6999969482422,0.79950184,7.109375,6.6293149,0.01323777,31.37254906,14.06866059,0,0,94,100,1205,-,-0.78125,-,-7.8125,46,6.52669821,9.27999973,-,0.62,6.66666651,14.11764717,8,12.17500019
Fri Jul 24 19:10:56 GMT+05:00 2026,24-Jul-2026 19:10:56.602,74.23665044,31.44560483,6.070000171661377,3.806204080581665,165.713623046875,233.1999969482422,0.49800622,7.15364218,6.31077051,-0.00725853,31.37254906,14.06866059,16.47058868,0,94,100,1205,-,-0.78125,-,-7.8125,46,6.52669821,9.27999973,-,0.62,10.1960783,19.2156868,8,12.17500019
Fri Jul 24 19:10:57 GMT+05:00 2026,24-Jul-2026 19:10:57.602,74.23659239,31.44556819,6.889999866485596,3.8208489418029785,165.63616943359375,233.8000030517578,0.65234327,7.109375,6.95114994,0.03472871,35.68627548,14.06866059,16.47058868,0,94,78.4313736,1722,-,-0.78125,-,-7.8125,46,9.42745297,13.36999989,-,0.62,10.1960783,19.2156868,8,12.17500019
Fri Jul 24 19:10:58 GMT+05:00 2026,24-Jul-2026 19:10:58.602,74.23653063,31.44552923,7.690000057220459,3.8180806636810303,165.55865478515625,233.89999389648438,-0.02273181,7.11176777,6.89252567,0.02855855,35.68627548,14.06866059,16.47058868,0,94,78.4313736,1722,-,-0.78125,-,-3.90625,46,9.42745297,13.36999989,-,0.66500002,10.1960783,19.2156868,28,12.25
Fri Jul 24 19:10:59 GMT+05:00 2026,24-Jul-2026 19:10:59.601,74.23646231,31.44548609,8.430000305175781,3.805382490158081,165.80731201171875,233.8000030517578,0.46331027,7.12612486,6.67717171,0.01559019,35.68627548,14.06866059,16.47058868,0,94,78.4313736,1730,-,-0.78125,-,-3.90625,46,9.42745297,13.36999989,-,0.66500002,10.98039246,19.2156868,28,12.25
Fri Jul 24 19:11:00 GMT+05:00 2026,24-Jul-2026 19:11:00.602,74.23638611,31.44543755,9.0,3.8114264011383057,165.74365234375,233.3000030517578,0.65114689,7.03998327,6.56470871,0.00246954,35.68627548,14.06866059,28.23529434,0,94,78.4313736,1730,-,-4.6875,-,-3.90625,46,9.42745297,13.36999989,-,0.66500002,10.98039246,21.1764698,23,12.22500038
Fri Jul 24 19:11:01 GMT+05:00 2026,24-Jul-2026 19:11:01.601,74.23630646,31.44538595,9.729999542236328,3.8107166290283203,165.60693359375,232.89999389648438,0.51355958,7.20987368,6.45583534,0.00691336,35.68627548,14.06866059,28.23529434,0,94,78.4313736,1730,-,-4.6875,-,-3.90625,46,11.31294356,13.88000011,-,0.66500002,12.54901981,21.1764698,23,12.22500038
Fri Jul 24 19:11:02 GMT+05:00 2026,24-Jul-2026 19:11:02.602,74.2362234,31.44532999,10.460000038146973,3.832367181777954,165.834228515625,232.6999969482422,0.285045,7.05075121,6.85902596,0.02213567,35.68627548,14.06866059,29.41176414,0,94,78.4313736,1730,-,-5.46875,-,-3.90625,45,11.31294356,13.88000011,-,0.66500002,12.54901981,21.1764698,23,12.17500019
Fri Jul 24 19:11:03 GMT+05:00 2026,24-Jul-2026 19:11:03.601,74.23613156,31.44527055,11.149999618530273,3.8058929443359375,165.855224609375,233.0,0.25722843,6.72263527,6.35862684,-0.03737068,36.86274338,14.06866059,29.41176414,0,95,78.4313736,1729,-,-5.46875,-,-3.90625,45,11.02286809,15.64000034,-,0.66500002,13.33333302,21.1764698,23,12.17500019
Fri Jul 24 19:11:04 GMT+05:00 2026,24-Jul-2026 19:11:04.601,74.23603449,31.4452078,11.850000381469727,3.8064393997192383,165.9534912109375,233.5,0.14356937,6.5228343,6.86620474,-0.01548719,36.86274338,14.06866059,29.41176414,0,95,78.4313736,1729,-,-5.46875,-,-3.90625,45,11.02286809,15.64000034,-,0.62,13.33333302,21.1764698,25.5,12.17500019
Fri Jul 24 19:11:05 GMT+05:00 2026,24-Jul-2026 19:11:05.602,74.23592997,31.44514142,12.020000457763672,3.809004068374634,166.0029296875,234.0,-0.03708875,6.81834793,7.10100031,0.02252334,31.37254906,14.06866059,29.41176414,0,95,78.4313736,1190,-,-5.46875,-,-3.90625,45,3.48090571,15.64000034,-,0.62,3.52941179,21.1764698,25.5,12.17500019
Fri Jul 24 19:11:06 GMT+05:00 2026,24-Jul-2026 19:11:06.602,74.23582987,31.44507886,11.920000076293945,3.8153164386749268,166.07647705078125,234.0,-0.04067798,6.41126919,7.00977373,-0.01263827,31.37254906,14.06866059,0,0,95,78.4313736,1190,-,7.03125,-,-3.90625,45,3.48090571,15.64000034,-,0.62,3.52941179,16.86274529,20.5,12.14999962
Fri Jul 24 19:11:07 GMT+05:00 2026,24-Jul-2026 19:11:07.602,74.23572975,31.44501609,11.800000190734863,3.8045740127563477,165.91058349609375,233.39999389648438,-0.24646074,6.25214624,7.11057138,-0.01550031,31.37254906,14.06866059,0,0,95,27.45098114,1156,-,7.03125,-,-3.90625,45,3.77098119,3.28999996,-,0.62,3.13725495,16.86274529,20.5,12.14999962
Fri Jul 24 19:11:08 GMT+05:00 2026,24-Jul-2026 19:11:08.603,74.23562977,31.44495057,11.539999961853027,3.8189151287078857,165.73193359375,232.5,-0.02632105,5.74456882,7.69950485,-0.00175321,31.37254906,14.06866059,0,0,95,27.45098114,1156,-,7.03125,-,-3.90625,45,3.77098119,3.28999996,-,0.62,3.13725495,14.11764717,20.5,12.14999962
Fri Jul 24 19:11:09 GMT+05:00 2026,24-Jul-2026 19:11:09.602,74.23553877,31.44489003,10.699999809265137,3.818645715713501,165.69073486328125,232.3000030517578,-0.21655045,5.41435957,8.59711266,0.05491322,31.37254906,14.06866059,0,0,95,27.45098114,999,-,7.03125,-,-3.90625,45,3.77098119,3.3900001,-,0.62,3.52941179,14.11764717,20.5,12.14999962
Fri Jul 24 19:11:10 GMT+05:00 2026,24-Jul-2026 19:11:10.603,74.23545993,31.44483736,9.229999542236328,3.811157464981079,165.71112060546875,232.10000610351562,-0.41665024,5.49810839,7.79402161,-0.00778615,31.37254906,14.06866059,0,0,95,27.45098114,999,-,7.03125,-,0,46,3.77098119,3.3900001,-,0,3.52941179,14.11764717,20.5,12.14999962
Fri Jul 24 19:11:11 GMT+05:00 2026,24-Jul-2026 19:11:11.602,74.23538989,31.44479055,8.149999618530273,3.812732696533203,165.8485107421875,232.1999969482422,0.26799613,5.88574553,7.74137926,0.01068717,31.37254906,14.06866059,0,0,95,27.45098114,1020,-,7.03125,-,0,46,3.77098119,3.3499999,-,0,3.52941179,14.11764717,20.5,12.14999962
Fri Jul 24 19:11:12 GMT+05:00 2026,24-Jul-2026 19:11:12.601,74.2353271,31.44475008,7.119999885559082,3.8141801357269287,165.930419921875,232.39999389648438,-0.15314065,6.05234575,7.37617493,-0.00825214,31.37254906,14.06866059,0,0,95,27.45098114,1020,-,-2.34375,-,0,46,3.77098119,3.3499999,-,0,3.52941179,14.11764717,20.5,12.5
Fri Jul 24 19:11:13 GMT+05:00 2026,24-Jul-2026 19:11:13.601,74.23526853,31.44471284,6.489999771118164,3.818882465362549,165.95513916015625,232.3000030517578,-0.12083755,6.49531698,7.73539734,0.04073709,30.98039246,14.06866059,0,0,95,27.45098114,1020,-,-6.25,-,0,46,4.06105666,3.3499999,-,0,3.13725495,14.11764717,20.5,12.5
Fri Jul 24 19:11:14 GMT+05:00 2026,24-Jul-2026 19:11:14.602,74.23521755,31.44468051,5.960000038146973,3.812795877456665,165.8896484375,232.39999389648438,-0.20817557,5.74935484,8.07876778,0.02999979,30.98039246,14.06866059,0,0,95,27.45098114,1020,-,-6.25,-,-6.25,46,4.06105666,3.3499999,-,0.85500002,3.13725495,14.11764717,1,12.19999981
Fri Jul 24 19:11:15 GMT+05:00 2026,24-Jul-2026 19:11:15.602,74.23517457,31.44465268,4.710000038146973,3.8059051036834717,165.73260498046875,231.89999389648438,-0.36759737,5.54237556,8.4451685,0.04938847,30.98039246,14.06866059,0,0,95,27.45098114,737,-,-7.8125,-,-6.25,46,4.64120762,3.3499999,-,0.85500002,3.13725495,14.11764717,1,12.19999981
Fri Jul 24 19:11:16 GMT+05:00 2026,24-Jul-2026 19:11:16.602,74.23514267,31.4446318,3.180000066757202,3.8209168910980225,165.705810546875,231.5,-0.00478565,6.3251276,7.27687263,0.00183213,31.37254906,14.06866059,0,0,95,27.45098114,737,-,-7.8125,-,-8.59375,46,4.64120762,3.3499999,-,0.755,3.13725495,14.11764717,1,12.19999981
Fri Jul 24 19:11:17 GMT+05:00 2026,24-Jul-2026 19:11:17.602,74.2351211,31.4446175,2.3399999141693115,3.7976138591766357,165.737548828125,231.1999969482422,0.32931221,6.43878651,7.50778008,0.02777869,31.37254906,14.06866059,0,0,95,33.72549057,725,-,-9.375,-,-8.59375,46,4.64120762,2.96000004,-,0.755,3.13725495,14.11764717,1,12.19999981
Fri Jul 24 19:11:18 GMT+05:00 2026,24-Jul-2026 19:11:18.601,74.23510375,31.44460567,2.0199999809265137,3.8127377033233643,165.649169921875,231.10000610351562,0.14955142,6.65802908,7.2792654,0.02471596,31.37254906,14.06866059,0,0,95,33.72549057,725,-,-9.375,-,-8.59375,46,4.64120762,2.96000004,-,0.69999999,3.13725495,14.11764717,1,12.35000038
Fri Jul 24 19:11:19 GMT+05:00 2026,24-Jul-2026 19:11:19.601,74.23508705,31.4445946,1.9900000095367432,3.812711715698242,165.60504150390625,231.0,0.42861435,6.63051176,7.18474913,0.01656502,31.37254906,14.06866059,0,0,95,34.50980377,725,-,-6.25,-,-8.59375,46,4.64120762,2.96000004,-,0.69999999,3.13725495,14.11764717,1,12.35000038
Fri Jul 24 19:11:20 GMT+05:00 2026,24-Jul-2026 19:11:20.602,74.23506892,31.44458397,2.049999952316284,3.812803268432617,165.49072265625,231.10000610351562,0.59730834,7.41206741,6.43639374,0.02152485,31.37254906,14.06866059,0.39215687,-100,95,34.50980377,725,-,-6.25,-,-7.03125,46,4.64120762,2.96000004,-,0.67000002,7.45098019,14.90196037,1,12.19999981
Fri Jul 24 19:11:21 GMT+05:00 2026,24-Jul-2026 19:11:21.602,74.23504715,31.44457027,2.8399999141693115,3.812668800354004,165.49920654296875,231.3000030517578,0.55663037,7.10578585,6.41725111,-0.0033462,31.37254906,14.06866059,0.39215687,-100,95,62.74509811,725,-,-6.25,-,-7.03125,46,7.2518869,2.96000004,-,0.67000002,7.45098019,17.25490189,26,12.19999981
Fri Jul 24 19:11:22 GMT+05:00 2026,24-Jul-2026 19:11:22.601,74.23501826,31.44455176,3.7100000381469727,3.805753707885742,165.50982666015625,231.6999969482422,0.20817557,7.17996359,6.79920578,0.0272184,31.37254906,14.06866059,0.39215687,-100,95,62.74509811,725,-,-6.25,-,-7.03125,46,7.2518869,2.96000004,-,0.67000002,7.84313726,17.25490189,26,12.125
Fri Jul 24 19:11:23 GMT+05:00 2026,24-Jul-2026 19:11:23.602,74.23498325,31.44452893,4.309999942779541,3.8122425079345703,165.50115966796875,231.8000030517578,0.25603202,6.68674278,7.41804934,0.03737634,31.37254906,14.06866059,0.39215687,-100,95,49.41176605,725,-,-6.25,-,-5.46875,47,7.2518869,8.19999981,-,0.65499997,7.84313726,15.68627453,26,12.19999981
Fri Jul 24 19:11:24 GMT+05:00 2026,24-Jul-2026 19:11:24.602,74.23494482,31.4445039,4.550000190734863,3.80989408493042,165.5316162109375,231.8000030517578,0.40468612,6.68793917,6.89970398,-0.00061274,32.15686417,14.06866059,0.39215687,-100,95,49.41176605,725,-,-6.25,-,-5.46875,47,5.07632083,5.28999996,-,0.65499997,5.09803915,15.68627453,26,12.19999981
Fri Jul 24 19:11:25 GMT+05:00 2026,24-Jul-2026 19:11:25.602,74.23490566,31.44447858,4.78000020980835,3.809971809387207,165.4603271484375,232.0,0.45373899,6.92602491,6.55394125,-0.00789148,32.15686417,14.06866059,0.39215687,-100,95,48.23529434,725,-,-1.5625,-,-5.46875,47,5.07632083,5.28999996,-,0.65499997,5.09803915,16.86274529,20.5,12.14999962
Fri Jul 24 19:11:26 GMT+05:00 2026,24-Jul-2026 19:11:26.602,74.23486265,31.44445134,5.21999979019165,3.8133442401885986,165.35968017578125,232.60000610351562,0.3807579,6.64008284,7.29721165,0.02546757,31.37254906,14.06866059,0.39215687,7.03125,95,48.23529434,725,-,-1.5625,-,-5.46875,47,3.91601893,5.28999996,-,0.65499997,3.13725495,16.86274529,20.5,12.14999962
Fri Jul 24 19:11:27 GMT+05:00 2026,24-Jul-2026 19:11:27.603,74.23481792,31.44442282,5.159999847412109,3.7973122596740723,165.4090576171875,232.6999969482422,0.25842485,6.28205681,7.13330317,-0.01171541,31.37254906,14.06866059,0.39215687,7.03125,95,29.41176414,1025,-,-5.46875,-,-5.46875,47,3.91601893,3.23000002,-,0.65499997,3.13725495,16.86274529,1.5,12.14999962
Fri Jul 24 19:11:28 GMT+05:00 2026,24-Jul-2026 19:11:28.602,74.23477736,31.44439687,4.760000228881836,3.793534517288208,165.326171875,232.1999969482422,0.70259255,6.45075083,7.42762041,0.02438504,31.37254906,14.06866059,0.39215687,0,95,29.41176414,1025,-,-5.46875,-,-7.03125,47,3.91601893,3.23000002,-,0.72500002,3.13725495,14.11764717,1.5,12.14999962
Fri Jul 24 19:11:29 GMT+05:00 2026,24-Jul-2026 19:11:29.601,74.23473699,31.4443715,4.630000114440918,3.811143398284912,165.2789306640625,232.60000610351562,0.68584281,6.83868694,7.51735163,0.05729812,31.37254906,14.06866059,0.39215687,0,96,29.41176414,957,-,-9.375,-,-7.03125,47,3.91601893,3.23000002,-,0.72500002,3.13725495,14.11764717,1.5,12.14999962
Fri Jul 24 19:11:30 GMT+05:00 2026,24-Jul-2026 19:11:30.602,74.23469758,31.4443478,4.570000171661377,3.8146393299102783,165.1878662109375,234.0,-0.32213375,6.76929522,6.97029257,0.01000237,31.37254906,14.06866059,0,0,96,29.41176414,957,-,-9.375,-,-5.46875,47,3.91601893,3.23000002,-,0.67500001,3.13725495,14.11764717,16.5,12.14999962
Fri Jul 24 19:11:31 GMT+05:00 2026,24-Jul-2026 19:11:31.602,74.23465867,31.44432397,4.590000152587891,3.8132882118225098,165.15185546875,234.0,-0.06580263,5.48494768,8.44157887,0.04522175,31.37254906,14.06866059,0,0,96,29.41176414,957,-,-9.375,-,-5.46875,47,3.91601893,3.28999996,-,0.67500001,3.13725495,14.11764717,16.5,12.14999962
Fri Jul 24 19:11:32 GMT+05:00 2026,24-Jul-2026 19:11:32.601,74.23462653,31.44430365,3.240000009536743,3.816930055618286,165.1297607421875,232.89999389648438,-0.42143589,5.26809835,8.25254631,0.01795453,31.37254906,14.06866059,0,0,96,29.41176414,957,-,-2.34375,-,-4.6875,47,3.91601893,3.28999996,-,0.63999999,3.13725495,14.11764717,16.5,12.14999962
Fri Jul 24 19:11:33 GMT+05:00 2026,24-Jul-2026 19:11:33.602,74.23461196,31.44429385,1.100000023841858,3.8671298027038574,165.03363037109375,232.6999969482422,-0.00478565,6.17796898,7.74018288,0.02852303,31.37254906,14.06866059,0,0,96,29.41176414,727,-,-2.34375,-,-4.6875,47,5.07632083,3.01999998,-,0.63999999,3.13725495,14.11764717,16.5,12.14999962
Fri Jul 24 19:11:34 GMT+05:00 2026,24-Jul-2026 19:11:34.601,74.23460627,31.44429053,0.3700000047683716,3.9522218704223633,165.022216796875,232.6999969482422,0.25004998,6.78604507,7.11176777,0.02135628,31.37254906,14.06866059,0,0,96,34.11764526,727,-,-9.375,-,-4.6875,47,5.07632083,3.01999998,-,0.63999999,3.13725495,14.11764717,16.5,12.14999962
Fri Jul 24 19:11:35 GMT+05:00 2026,24-Jul-2026 19:11:35.601,74.23460379,31.44428966,0.2199999988079071,3.7962310314178467,164.9921875,232.6999969482422,0.18903299,6.8482585,6.90090036,0.01023668,31.37254906,14.06866059,0,0,96,34.11764526,727,-,-9.375,-,-9.375,47,5.07632083,3.01999998,-,0.67500001,3.13725495,14.11764717,16.5,12.19999981
Fri Jul 24 19:11:36 GMT+05:00 2026,24-Jul-2026 19:11:36.601,74.23459997,31.44428795,0.4300000071525574,3.7931318283081055,164.94610595703125,232.6999969482422,0.17108682,6.81236601,6.97986364,0.0133729,30.98039246,14.06866059,0,0,96,34.11764526,727,-,-9.375,-,-9.375,47,5.22135857,3.1099999,-,0.67500001,3.13725495,14.11764717,16.5,12.19999981
Fri Jul 24 19:11:37 GMT+05:00 2026,24-Jul-2026 19:11:37.601,74.23459428,31.44428465,0.5199999809265137,3.81431245803833,164.91943359375,232.6999969482422,0.1902294,6.50010252,7.39053202,0.0224821,30.98039246,14.06866059,0,0,96,36.07843018,728,-,-7.8125,-,-9.375,48,5.22135857,3.1099999,-,0.67500001,3.13725495,14.11764717,4,12.14999962
Fri Jul 24 19:11:38 GMT+05:00 2026,24-Jul-2026 19:11:38.602,74.23459237,31.44428348,0.1599999964237213,3.8056209087371826,164.83331298828125,232.6999969482422,0.11126626,6.76450968,7.03878689,0.0142054,30.98039246,14.06866059,0,0,96,36.07843018,728,-,-7.8125,-,-7.03125,48,5.22135857,3.1099999,-,0.64999998,3.13725495,14.11764717,4,12.14999962
Fri Jul 24 19:11:39 GMT+05:00 2026,24-Jul-2026 19:11:39.602,74.23459009,31.44428223,0.20000000298023224,3.812335729598999,164.8477783203125,232.6999969482422,0.2213361,6.70468903,7.35583591,0.03382248,30.98039246,14.06866059,0,0,96,36.07843018,733,-,-7.8125,-,-7.03125,48,5.22135857,3.01999998,-,0.64999998,3.13725495,14.11764717,4,12.14999962
Fri Jul 24 19:11:40 GMT+05:00 2026,24-Jul-2026 19:11:40.602,74.23459038,31.44428239,0.0,3.800058364868164,164.8465576171875,0.0,0.34486556,6.70229626,7.29960442,0.02978915,30.98039246,14.06866059,0,0,96,34.11764526,733,-,-7.03125,-,-7.03125,48,5.22135857,3.01999998,-,0.64999998,3.13725495,14.11764717,4,12.14999962
Fri Jul 24 19:11:41 GMT+05:00 2026,24-Jul-2026 19:11:41.602,74.23459038,31.44428239,0.0,3.8146514892578125,164.8465576171875,0.0,0.38913277,6.86859751,6.97627449,0.01775932,30.98039246,14.06866059,0,0,96,34.11764526,733,-,-7.03125,-,-7.8125,48,5.22135857,3.01999998,-,0.625,3.13725495,14.11764717,4.5,12.10000038
Fri Jul 24 19:11:42 GMT+05:00 2026,24-Jul-2026 19:11:42.601,74.23458708,31.44428119,0.3400000035762787,3.7946372032165527,164.63232421875,232.89999389648438,0.42143589,6.81236601,7.10458946,0.02327734,30.98039246,14.06866059,0,0,96,34.11764526,733,-,-7.03125,-,-7.8125,48,5.07632083,3.01999998,-,0.625,3.13725495,14.11764717,4.5,12.10000038
Fri Jul 24 19:11:43 GMT+05:00 2026,24-Jul-2026 19:11:43.601,74.23458206,31.44427823,0.6700000166893005,3.8101892471313477,164.56646728515625,232.8000030517578,0.25244278,7.03878689,6.77886677,0.01548773,30.98039246,14.06866059,0,0,96,34.11764526,725,-,-7.03125,-,-7.8125,48,5.07632083,3.1099999,-,0.625,3.13725495,14.11764717,9,12.10000038
Fri Jul 24 19:11:44 GMT+05:00 2026,24-Jul-2026 19:11:44.601,74.23457323,31.44427246,1.1299999952316284,3.8058762550354004,164.60626220703125,232.89999389648438,0.45972106,7.40249586,6.27009249,0.00900704,30.98039246,14.06866059,0,-100,98,34.11764526,725,-,-7.03125,-,-7.8125,48,6.52669821,3.1099999,-,0.61000001,6.66666651,14.11764717,9,12.10000038
Fri Jul 24 19:11:45 GMT+05:00 2026,24-Jul-2026 19:11:45.602,74.23455692,31.44426181,2.2300000190734863,3.8099422454833984,164.62933349609375,232.8000030517578,0.16031912,6.66281462,7.27328348,0.02461284,30.98039246,14.06866059,0,-100,98,55.68627548,725,-,0.78125,-,-7.8125,48,6.52669821,3.1099999,-,0.61000001,6.66666651,14.11764717,9,12.10000038
Fri Jul 24 19:11:46 GMT+05:00 2026,24-Jul-2026 19:11:46.602,74.23453648,31.44424847,2.609999895095825,3.805400848388672,164.71380615234375,232.8000030517578,0.16510476,6.81475878,7.50299454,0.05235523,31.37254906,14.06866059,0,0,98,55.68627548,725,-,0.78125,-,-7.8125,48,6.52669821,3.1099999,-,0.61000001,3.13725495,14.11764717,9,12.10000038
Fri Jul 24 19:11:47 GMT+05:00 2026,24-Jul-2026 19:11:47.602,74.2345149,31.44423448,2.5999999046325684,3.8059263229370117,164.7498779296875,232.6999969482422,0.25962126,7.06869698,7.04117966,0.03638893,31.37254906,14.06866059,0,0,98,55.68627548,725,-,-3.125,-,-1.5625,48,6.52669821,3.1099999,-,0.73500001,3.13725495,14.11764717,15.5,12.22500038
Fri Jul 24 19:11:48 GMT+05:00 2026,24-Jul-2026 19:11:48.602,74.23448948,31.44421767,2.9200000762939453,3.8188958168029785,164.69390869140625,232.1999969482422,-0.12442677,5.7254262,8.15085125,0.03444785,31.37254906,14.06866059,0,0,98,29.41176414,1050,-,-3.125,-,-1.5625,48,6.52669821,3.1099999,-,0.73500001,3.13725495,14.11764717,15.5,12.22500038
Fri Jul 24 19:11:49 GMT+05:00 2026,24-Jul-2026 19:11:49.601,74.23446978,31.44420481,2.109999895095825,3.818166494369507,164.73101806640625,232.0,0.12442677,5.94706154,7.86341333,0.02407974,31.37254906,14.06866059,0,0,98,29.41176414,1050,-,-3.125,-,-4.6875,48,6.52669821,3.1099999,-,0.66500002,3.13725495,14.11764717,2,12.14999962
Fri Jul 24 19:11:50 GMT+05:00 2026,24-Jul-2026 19:11:50.603,74.23445727,31.44419664,1.25,3.8107903003692627,164.633056640625,232.0,0.12562318,6.25573587,7.62532759,0.0244897,31.37254906,14.06866059,0,0,98,29.41176414,1050,-,-3.125,-,-4.6875,48,5.07632083,3.1099999,-,0.66500002,3.13725495,14.11764717,2,12.14999962
Fri Jul 24 19:11:51 GMT+05:00 2026,24-Jul-2026 19:11:51.603,74.23445035,31.44419175,0.6399999856948853,3.8141427040100098,164.669677734375,232.0,0.15074782,6.33828831,7.59302425,0.02735347,31.37254906,14.06866059,0,0,98,29.41176414,1050,-,-7.8125,-,-4.6875,49,5.07632083,3.1099999,-,0.66500002,3.13725495,14.11764717,2,12.14999962
Fri Jul 24 19:11:52 GMT+05:00 2026,24-Jul-2026 19:11:52.602,74.23444701,31.44418975,0.2199999988079071,3.8124778270721436,164.69598388671875,232.10000610351562,0.38554356,6.55872679,7.11775017,0.02026325,31.37254906,14.06866059,0,0,98,34.90196228,726,-,-7.8125,-,-4.6875,49,5.07632083,3.17000008,-,0.66500002,3.13725495,14.11764717,2,12.14999962
Fri Jul 24 19:11:53 GMT+05:00 2026,24-Jul-2026 19:11:53.602,74.23444731,31.44418995,0.0,3.800097703933716,164.69879150390625,0.0,0.2213361,6.70468903,7.23260546,0.02457649,31.37254906,14.06866059,0,0,98,34.90196228,726,-,-9.375,-,-4.6875,49,5.07632083,3.17000008,-,0.66500002,3.13725495,14.11764717,5.5,12.19999981
Fri Jul 24 19:11:54 GMT+05:00 2026,24-Jul-2026 19:11:54.602,74.23444731,31.44418995,0.0,3.809288501739502,164.69879150390625,0.0,0.51714879,6.99900627,7.09741116,0.03646392,31.37254906,14.06866059,0,0,98,32.54901886,727,-,-8.59375,-,-4.6875,49,5.07632083,3.17000008,-,0.66500002,3.13725495,14.11764717,5.5,12.19999981
Fri Jul 24 19:11:55 GMT+05:00 2026,24-Jul-2026 19:11:55.602,74.23444437,31.44418865,0.23000000417232513,3.809279203414917,164.48046875,232.1999969482422,0.45972106,6.90090036,7.0878396,0.02848953,31.37254906,14.06866059,0,0,98,32.54901886,727,-,-8.59375,-,-8.59375,49,5.07632083,3.17000008,-,0.67000002,3.13725495,14.11764717,4,12.25
Fri Jul 24 19:11:56 GMT+05:00 2026,24-Jul-2026 19:11:56.601,74.23444032,31.44418601,0.6499999761581421,3.7947373390197754,164.52001953125,232.1999969482422,0.28624141,6.94397116,6.79920578,0.01009548,31.37254906,14.06866059,0,0,98,35.29411697,723,-,-8.59375,-,-8.59375,49,5.07632083,3.17000008,-,0.67000002,3.13725495,14.11764717,4,12.25
Fri Jul 24 19:11:57 GMT+05:00 2026,24-Jul-2026 19:11:57.602,74.2344337,31.44418133,0.9800000190734863,3.810579538345337,164.712158203125,232.3000030517578,0.30418757,6.9834528,6.80638409,0.01353961,31.37254906,14.06866059,0,0,98,35.29411697,723,-,-8.59375,-,-8.59375,49,5.07632083,3.17000008,-,0.65499997,3.13725495,14.11764717,6.5,12.25
Fri Jul 24 19:11:58 GMT+05:00 2026,24-Jul-2026 19:11:58.602,74.23442349,31.44417488,1.3799999952316284,3.810119152069092,164.77471923828125,232.39999389648438,0.46689951,7.14646387,6.52163792,0.00637615,32.54901886,14.06866059,0,0,98,35.29411697,1152,-,-8.59375,-,-8.59375,49,6.23662273,3.17000008,-,0.65499997,5.88235283,14.11764717,6.5,12.25
Fri Jul 24 19:11:59 GMT+05:00 2026,24-Jul-2026 19:11:59.602,74.23440771,31.44416415,2.2200000286102295,3.8050732612609863,164.9957275390625,232.60000610351562,0.5315057,7.08425045,7.17757082,0.04844362,32.54901886,14.06866059,0,99.21875,98,35.29411697,1152,-,-1.5625,-,-0.78125,49,6.23662273,3.17000008,-,0.58999997,5.88235283,15.68627453,6.5,12.25
Fri Jul 24 19:12:00 GMT+05:00 2026,24-Jul-2026 19:12:00.602,74.23438668,31.44415114,2.7699999809265137,3.80476450920105,165.0899658203125,232.89999389648438,0.67268229,6.94756031,7.10578585,0.03435034,32.54901886,14.06866059,0,99.21875,98,43.13725662,1271,-,-1.5625,-,-0.78125,49,5.51143404,5.69999981,-,0.58999997,5.88235283,15.68627453,6.5,12.25
Fri Jul 24 19:12:01 GMT+05:00 2026,24-Jul-2026 19:12:01.601,74.23436048,31.44413463,3.240000009536743,3.809997081756592,165.177490234375,233.3000030517578,0.48843491,7.27806902,6.75733137,0.03259414,32.54901886,14.06866059,6.27450991,-45.3125,98,43.13725662,1271,-,-1.5625,-,-0.78125,49,5.51143404,5.69999981,-,0.58999997,5.88235283,15.68627453,24,12.14999962
Fri Jul 24 19:12:02 GMT+05:00 2026,24-Jul-2026 19:12:02.601,74.23432868,31.44411439,3.940000057220459,3.8099441528320312,165.22607421875,233.1999969482422,0.01794617,6.23659325,7.37617493,0.00364494,30.98039246,14.06866059,6.27450991,-45.3125,100,43.13725662,1271,-,-1.5625,-,-0.78125,49,3.77098119,5.69999981,-,0.58999997,3.13725495,15.68627453,24,12.14999962
Fri Jul 24 19:12:03 GMT+05:00 2026,24-Jul-2026 19:12:03.601,74.23429884,31.44409522,3.569999933242798,3.8122193813323975,165.10272216796875,233.0,-0.0215354,5.65603447,7.9782691,0.01591873,30.98039246,14.06866059,0,99.21875,100,43.13725662,1271,-,-1.5625,-,-0.78125,49,3.77098119,5.69999981,-,0.58999997,3.13725495,14.11764717,2,12.19999981
Fri Jul 24 19:12:04 GMT+05:00 2026,24-Jul-2026 19:12:04.601,74.23427224,31.44407763,2.7100000381469727,3.8185112476348877,165.06524658203125,232.6999969482422,0.05383851,5.8103714,8.1819582,0.04196888,31.37254906,14.06866059,0,99.21875,100,32.54901886,1271,-,-1.5625,-,-0.78125,49,3.77098119,3.23000002,-,0.58999997,3.13725495,14.11764717,2,12.19999981
Fri Jul 24 19:12:05 GMT+05:00 2026,24-Jul-2026 19:12:05.602,74.23425633,31.44406691,1.5,3.8183326721191406,165.05718994140625,232.10000610351562,0.30059835,6.64726114,7.00738096,0.00404823,31.37254906,14.06866059,0,99.21875,100,32.54901886,1271,-,-1.5625,-,-4.6875,49,3.77098119,3.23000002,-,0.30500001,3.13725495,14.11764717,2,12.19999981
Fri Jul 24 19:12:06 GMT+05:00 2026,24-Jul-2026 19:12:06.602,74.23424493,31.44405996,1.1299999952316284,3.8163270950317383,165.08203125,231.6999969482422,0.31615168,6.6006012,7.09501839,0.00735158,31.37254906,14.06866059,0,99.21875,100,32.54901886,718,-,-1.5625,-,-4.6875,49,5.07632083,3.23000002,-,0.30500001,3.13725495,14.11764717,2,12.19999981
Fri Jul 24 19:12:07 GMT+05:00 2026,24-Jul-2026 19:12:07.602,74.23423583,31.44405399,1.1399999856948853,3.8113491535186768,165.07269287109375,231.8000030517578,0.28384858,6.71665335,7.19192743,0.02253562,31.37254906,14.06866059,0,99.21875,100,32.54901886,718,-,-1.5625,-,-8.59375,49,5.07632083,3.23000002,-,0.72000003,3.13725495,14.11764717,2,12.19999981
Fri Jul 24 19:12:08 GMT+05:00 2026,24-Jul-2026 19:12:08.602,74.23422613,31.44404782,1.2200000286102295,3.812429666519165,165.0914306640625,230.8000030517578,0.15314065,6.02841759,7.68873739,0.01507401,31.37254906,14.06866059,0,99.21875,100,32.54901886,718,-,-7.8125,-,-8.59375,49,5.07632083,3.23000002,-,0.72000003,3.13725495,14.11764717,2,12.19999981
Fri Jul 24 19:12:09 GMT+05:00 2026,24-Jul-2026 19:12:09.602,74.23421825,31.44404233,0.75,3.812511682510376,165.0709228515625,230.0,0.10169496,6.08704185,7.67079115,0.01727021,31.37254906,14.06866059,0,99.21875,100,32.54901886,718,-,-7.8125,-,-7.8125,49,5.07632083,3.23000002,-,0.63,3.13725495,14.11764717,6,12.19999981
Fri Jul 24 19:12:10 GMT+05:00 2026,24-Jul-2026 19:12:10.602,74.2342161,31.44404102,0.0,3.812299966812134,164.9952392578125,0.0,0.42741793,6.68315363,7.26490879,0.02619606,30.98039246,14.06866059,0,99.21875,100,32.54901886,718,-,-7.8125,-,-7.8125,49,5.07632083,3.01999998,-,0.63,3.13725495,14.11764717,6,12.19999981
Fri Jul 24 19:12:11 GMT+05:00 2026,24-Jul-2026 19:12:11.602,74.23421607,31.44404101,0.0,3.796281099319458,164.9962158203125,0.0,0.44536412,6.58504772,7.26012278,0.01917917,30.98039246,14.06866059,0,99.21875,100,32.54901886,718,-,-7.8125,-,-7.8125,49,5.07632083,3.01999998,-,0.60500002,3.13725495,14.11764717,6,12.17500019
Fri Jul 24 19:12:12 GMT+05:00 2026,24-Jul-2026 19:12:12.603,74.23421607,31.44404101,0.0,3.814652442932129,164.9962158203125,0.0,0.20937198,6.64726114,7.10817862,0.01128083,30.98039246,14.06866059,0,99.21875,100,32.54901886,724,-,-7.8125,-,-7.8125,49,5.07632083,3.01999998,-,0.60500002,3.13725495,14.11764717,6,12.17500019
Fri Jul 24 19:12:13 GMT+05:00 2026,24-Jul-2026 19:12:13.602,74.23421607,31.44404101,0.0,3.81465482711792,164.9962158203125,0.0,0.23928227,6.59461927,7.1153574,0.00823116,30.98039246,14.06866059,0,99.21875,100,32.54901886,724,-,-7.8125,-,-8.59375,49,5.07632083,3.01999998,-,0.69,3.13725495,14.11764717,6,12.17500019
Fri Jul 24 19:12:14 GMT+05:00 2026,24-Jul-2026 19:12:14.602,74.23421607,31.44404101,0.0,3.814652442932129,164.9962158203125,0.0,0.21415763,6.58385134,7.09860754,0.00617349,30.98039246,14.06866059,0,99.21875,100,32.54901886,723,-,-7.8125,-,-8.59375,49,5.07632083,2.93000007,-,0.69,3.13725495,14.11764717,6,12.17500019
Fri Jul 24 19:12:15 GMT+05:00 2026,24-Jul-2026 19:12:15.602,74.23421607,31.44404101,0.0,3.8092763423919678,164.9962158203125,0.0,0.42263231,6.61854744,7.35105038,0.02823466,30.98039246,14.06866059,0,99.21875,100,32.54901886,723,-,-7.8125,-,-8.59375,49,5.07632083,2.93000007,-,0.69,3.13725495,14.11764717,6,12.17500019
Fri Jul 24 19:12:16 GMT+05:00 2026,24-Jul-2026 19:12:16.602,74.23421607,31.44404101,0.0,3.8092763423919678,164.9962158203125,0.0,0.41904306,6.65922546,7.34985399,0.03090554,30.98039246,14.06866059,0,99.21875,100,32.54901886,723,-,-8.59375,-,-8.59375,49,5.07632083,2.93000007,-,0.69,3.13725495,14.11764717,6,12.17500019
Fri Jul 24 19:12:17 GMT+05:00 2026,24-Jul-2026 19:12:17.601,74.23421607,31.44404101,0.0,3.814652442932129,164.9962158203125,0.0,0.53868419,6.81236601,7.12133932,0.02509075,30.98039246,14.06866059,0,0,100,32.54901886,723,-,-8.59375,-,-8.59375,49,5.07632083,2.93000007,-,0.64999998,3.13725495,14.11764717,6,12.17500019
Fri Jul 24 19:12:18 GMT+05:00 2026,24-Jul-2026 19:12:18.601,74.2342129,31.44404098,0.33000001311302185,3.7952516078948975,164.538330078125,230.0,0.45134616,6.81475878,6.94397116,0.01184231,30.98039246,14.06866059,0,0,100,34.50980377,717,-,-8.59375,-,-8.59375,50,5.07632083,3.17000008,-,0.64999998,3.13725495,14.11764717,6,12.17500019
Fri Jul 24 19:12:19 GMT+05:00 2026,24-Jul-2026 19:12:19.601,74.23420844,31.4440383,0.6399999856948853,3.8052761554718018,164.5189208984375,230.1999969482422,0.39750767,6.87936497,7.02921581,0.02240998,30.98039246,14.06866059,0,0,100,34.50980377,717,-,-8.59375,-,-8.59375,50,5.07632083,3.17000008,-,0.64999998,3.13725495,14.11764717,6,12.19999981
Fri Jul 24 19:12:20 GMT+05:00 2026,24-Jul-2026 19:12:20.602,74.23419953,31.44403362,1.0099999904632568,3.8164992332458496,164.37078857421875,230.8000030517578,0.55184472,6.76211691,7.16919565,0.02517408,30.98039246,14.06866059,0,0,101,34.50980377,717,-,-7.8125,-,-8.59375,50,5.07632083,3.17000008,-,0.64999998,3.13725495,14.11764717,6,12.19999981
Fri Jul 24 19:12:21 GMT+05:00 2026,24-Jul-2026 19:12:21.602,74.23418905,31.44402685,1.3300000429153442,3.8168370723724365,164.394775390625,231.5,0.44057846,6.86022234,6.88295412,0.01062977,30.98039246,14.06866059,0,99.21875,101,34.50980377,717,-,-7.8125,-,-8.59375,50,5.07632083,3.17000008,-,0.64999998,3.13725495,14.11764717,6,12.17500019
Fri Jul 24 19:12:22 GMT+05:00 2026,24-Jul-2026 19:12:22.602,74.23417679,31.4440193,1.5199999809265137,3.810694932937622,164.43231201171875,232.39999389648438,0.49441698,6.71306372,7.39651394,0.0384602,30.98039246,14.06866059,0,99.21875,101,34.50980377,748,-,-7.8125,-,-8.59375,50,5.22135857,3.17000008,-,0.64999998,3.13725495,14.11764717,6,12.17500019
Fri Jul 24 19:12:23 GMT+05:00 2026,24-Jul-2026 19:12:23.602,74.2341627,31.44401037,1.7100000381469727,3.8084559440612793,164.43603515625,232.6999969482422,0.43100718,6.79681253,7.01216698,0.0154441,30.98039246,14.06866059,0,99.21875,101,34.50980377,748,-,-7.8125,-,-8.59375,50,5.22135857,3.17000008,-,0.64999998,3.13725495,14.11764717,1,12.19999981
Fri Jul 24 19:12:24 GMT+05:00 2026,24-Jul-2026 19:12:24.602,74.2341475,31.44400055,1.8200000524520874,3.813119888305664,164.3946533203125,232.3000030517578,0.32333016,6.65802908,7.00379181,0.00461334,31.37254906,14.06866059,0,99.21875,101,34.50980377,748,-,-7.03125,-,-8.59375,50,4.93128309,3.1099999,-,0.64999998,3.13725495,14.11764717,1,12.19999981
Fri Jul 24 19:12:25 GMT+05:00 2026,24-Jul-2026 19:12:25.602,74.23413204,31.44399054,1.8799999952316284,3.810244083404541,164.4354248046875,232.10000610351562,0.40947178,6.65085077,7.07707214,0.00986779,31.37254906,14.06866059,0,99.21875,101,34.50980377,748,-,-7.03125,-,-7.03125,50,4.93128309,3.1099999,-,0.65499997,3.13725495,14.11764717,1,12.14999962
Fri Jul 24 19:12:26 GMT+05:00 2026,24-Jul-2026 19:12:26.602,74.23411724,31.44398142,1.75,3.8111653327941895,164.370361328125,232.10000610351562,0.37357944,6.79681253,7.18594551,0.02798909,31.37254906,14.06866059,0,99.21875,101,35.68627548,748,-,-7.03125,-,-7.03125,50,5.07632083,3.28999996,-,0.65499997,3.13725495,14.11764717,1,12.14999962
Fri Jul 24 19:12:27 GMT+05:00 2026,24-Jul-2026 19:12:27.602,74.23410211,31.44397163,1.8200000524520874,3.8104453086853027,164.3248291015625,232.1999969482422,0.28983065,6.76450968,7.13210678,0.02145666,31.37254906,14.06866059,0,99.21875,101,35.68627548,748,-,-7.03125,-,-7.03125,50,5.07632083,3.28999996,-,0.66000003,3.13725495,14.11764717,1,12.14999962
Fri Jul 24 19:12:28 GMT+05:00 2026,24-Jul-2026 19:12:28.602,74.23408556,31.44396082,1.909999966621399,3.8183109760284424,164.31396484375,232.1999969482422,0.50518471,7.13928556,6.72622442,0.02019733,31.37254906,14.06866059,0,99.21875,100,35.68627548,748,-,-7.03125,-,-7.03125,50,6.091585,5.38999987,-,0.66000003,3.13725495,14.11764717,1,12.14999962
Fri Jul 24 19:12:29 GMT+05:00 2026,24-Jul-2026 19:12:29.602,74.23406532,31.44394773,2.5199999809265137,3.816272258758545,164.3453369140625,231.89999389648438,0.40947178,6.57547665,7.33190775,0.02379602,31.37254906,14.06866059,0,99.21875,100,35.68627548,748,-,-7.03125,-,-7.03125,50,6.091585,5.38999987,-,0.66000003,3.13725495,14.50980377,19.5,12.17500019
Fri Jul 24 19:12:30 GMT+05:00 2026,24-Jul-2026 19:12:30.601,74.23404498,31.44393407,2.569999933242798,3.810568332672119,164.3477783203125,232.10000610351562,0.36400816,6.53360224,7.36062145,0.02295691,31.37254906,14.06866059,0,99.21875,100,30.98039246,748,-,-7.03125,-,-7.03125,50,4.06105666,3.1099999,-,0.66000003,3.13725495,14.50980377,1.5,12.17500019
Fri Jul 24 19:12:31 GMT+05:00 2026,24-Jul-2026 19:12:31.601,74.23402336,31.44392046,2.4800000190734863,3.8055789470672607,164.38800048828125,232.1999969482422,0.30179477,6.49890614,7.1153574,0.0018059,31.37254906,14.06866059,0,99.21875,100,30.98039246,748,-,-7.03125,-,-3.90625,50,4.06105666,3.1099999,-,0.60000002,3.13725495,14.11764717,1.5,12.17500019
Fri Jul 24 19:12:32 GMT+05:00 2026,24-Jul-2026 19:12:32.601,74.23400296,31.4439071,2.359999895095825,3.8124020099639893,164.3336181640625,232.10000610351562,0.49441698,6.67118931,7.30439043,0.02865463,31.37254906,14.06866059,0,99.21875,100,39.2156868,973,-,-7.8125,-,-3.90625,50,4.06105666,3.1099999,-,0.60000002,3.13725495,14.11764717,6,12.17500019
Fri Jul 24 19:12:33 GMT+05:00 2026,24-Jul-2026 19:12:33.601,74.23398178,31.44389352,2.4200000762939453,3.8166210651397705,164.19122314453125,232.1999969482422,0.37238303,6.52044153,7.3008008,0.0175463,31.37254906,14.06866059,0,99.21875,100,39.2156868,973,-,-7.8125,-,-3.90625,50,4.06105666,3.1099999,-,0.60000002,3.13725495,14.11764717,6,12.17500019
Fri Jul 24 19:12:34 GMT+05:00 2026,24-Jul-2026 19:12:34.601,74.23396216,31.4438806,2.359999895095825,3.8116564750671387,164.1961669921875,232.3000030517578,0.25244278,6.63769007,7.37378216,0.03066975,31.37254906,14.06866059,0,99.21875,100,39.2156868,876,-,-7.03125,-,-3.90625,50,4.06105666,3.23000002,-,0.60000002,3.13725495,14.11764717,6,12.17500019
Fri Jul 24 19:12:35 GMT+05:00 2026,24-Jul-2026 19:12:35.601,74.23394315,31.44386803,2.2699999809265137,3.807936191558838,164.2994384765625,232.1999969482422,0.23210379,6.28684235,7.39531755,0.00872689,31.37254906,14.06866059,0,99.21875,100,39.2156868,876,-,-7.03125,-,-3.90625,50,4.06105666,3.23000002,-,0.60000002,3.13725495,14.11764717,6,12.05000019
Fri Jul 24 19:12:36 GMT+05:00 2026,24-Jul-2026 19:12:36.603,74.2339257,31.44385671,1.9299999475479126,3.814201831817627,164.35491943359375,232.0,0.37597227,6.49531698,7.42642403,0.02545363,31.37254906,14.06866059,0,99.21875,100,39.2156868,763,-,-7.03125,-,-3.90625,50,4.78624535,3.23000002,-,0.60000002,3.13725495,14.11764717,6,12.05000019
Fri Jul 24 19:12:37 GMT+05:00 2026,24-Jul-2026 19:12:37.602,74.23391043,31.4438467,1.7400000095367432,3.809385299682617,164.2716064453125,231.89999389648438,0.42861435,6.34785938,7.68873739,0.03630525,31.37254906,14.06866059,0,99.21875,100,39.2156868,763,-,-7.03125,-,-7.8125,50,4.78624535,3.23000002,-,0.61500001,3.13725495,14.11764717,6,12.19999981
Fri Jul 24 19:12:38 GMT+05:00 2026,24-Jul-2026 19:12:38.601,74.23389878,31.44383829,1.409999966621399,3.8051064014434814,164.3966064453125,231.6999969482422,0.45254257,6.6293149,7.05792952,0.00714028,31.37254906,14.06866059,0,99.21875,98,39.2156868,763,-,-7.03125,-,-7.8125,50,4.78624535,3.23000002,-,0.61500001,3.13725495,14.11764717,6,12.19999981
Fri Jul 24 19:12:39 GMT+05:00 2026,24-Jul-2026 19:12:39.602,74.23388613,31.44382968,1.5,3.848562479019165,164.34564208984375,231.60000610351562,-0.01316052,7.03519773,7.03639412,0.03328401,31.37254906,14.06866059,0,99.21875,98,35.29411697,763,-,-7.8125,-,-7.8125,51,4.78624535,3.23000002,-,0.61500001,3.13725495,14.11764717,4.5,12.14999962
Fri Jul 24 19:12:40 GMT+05:00 2026,24-Jul-2026 19:12:40.601,74.23387325,31.44382069,1.590000033378601,3.8070266246795654,164.30078125,231.5,0.13878371,6.43639374,7.3785677,0.0171985,31.37254906,14.06866059,0,99.21875,98,35.29411697,748,-,-7.8125,-,-7.8125,51,5.07632083,3.23000002,-,0.61500001,3.13725495,14.11764717,4.5,12.14999962
Fri Jul 24 19:12:41 GMT+05:00 2026,24-Jul-2026 19:12:41.601,74.23385913,31.44381137,1.600000023841858,3.8136796951293945,164.25006103515625,231.3000030517578,0.06580263,6.41485834,7.12612486,-0.0035947,31.37254906,14.06866059,0,99.21875,98,35.29411697,748,-,-7.8125,-,-7.03125,51,5.07632083,3.23000002,-,0.64999998,3.13725495,14.11764717,4.5,12.14999962
Fri Jul 24 19:12:42 GMT+05:00 2026,24-Jul-2026 19:12:42.602,74.23384623,31.4438031,1.4500000476837158,3.8116695880889893,164.241943359375,231.0,0.36161533,6.36341286,7.38694239,0.01355374,31.37254906,14.06866059,0,99.21875,98,34.11764526,733,-,-7.8125,-,-7.03125,51,5.07632083,3.1400001,-,0.64999998,3.13725495,14.11764717,4.5,12.14999962
Fri Jul 24 19:12:43 GMT+05:00 2026,24-Jul-2026 19:12:43.602,74.2338346,31.4437953,1.3300000429153442,3.8143489360809326,164.258056640625,230.8000030517578,0.35802609,6.4028945,7.62293482,0.03445822,31.37254906,14.06866059,0,99.21875,98,34.11764526,733,-,-7.03125,-,-7.03125,51,5.07632083,3.1400001,-,0.64999998,3.13725495,14.90196037,1,12.10000038
Fri Jul 24 19:12:44 GMT+05:00 2026,24-Jul-2026 19:12:44.601,74.2338248,31.44378854,1.090000033378601,3.8688173294067383,164.247802734375,230.6999969482422,0.31256247,6.39451933,7.51495838,0.02534992,31.37254906,14.06866059,0,99.21875,98,46.27450943,745,-,-7.03125,-,-7.03125,51,5.07632083,4.30999994,-,0.64999998,4.31372547,14.90196037,1,12.10000038
Fri Jul 24 19:12:45 GMT+05:00 2026,24-Jul-2026 19:12:45.602,74.23381716,31.44378326,0.8600000143051147,3.8259449005126953,164.315185546875,230.60000610351562,0.40229329,6.72383165,6.94157839,0.00498366,31.37254906,14.06866059,0,99.21875,98,46.27450943,745,-,-5.46875,-,-7.03125,51,5.07632083,4.30999994,-,0.64999998,4.31372547,14.90196037,3.5,12.125
Fri Jul 24 19:12:46 GMT+05:00 2026,24-Jul-2026 19:12:46.602,74.23380933,31.44377722,1.0,3.8080012798309326,164.3466796875,230.10000610351562,0.47168517,6.48574591,7.50419092,0.03120857,31.76470566,14.06866059,0,99.21875,98,43.92156982,728,-,-5.46875,-,-7.03125,51,5.07632083,4.30999994,-,0.64999998,3.92156863,14.90196037,3.5,12.125
Fri Jul 24 19:12:47 GMT+05:00 2026,24-Jul-2026 19:12:47.602,74.23380157,31.44377148,0.9300000071525574,3.808008909225464,164.2802734375,229.60000610351562,0.33050862,6.22343254,7.53769064,0.01598734,31.76470566,14.06866059,0,99.21875,98,43.92156982,728,-,-5.46875,-,-5.46875,51,5.07632083,4.30999994,-,0.65499997,3.92156863,14.90196037,3.5,12.10000038
Fri Jul 24 19:12:48 GMT+05:00 2026,24-Jul-2026 19:12:48.602,74.23379573,31.44376719,0.5799999833106995,3.8089427947998047,164.3060302734375,229.3000030517578,0.15433706,6.218647,7.47308445,0.0101611,31.76470566,14.06866059,0,99.21875,98,43.92156982,731,-,-5.46875,-,-5.46875,51,5.07632083,4.11999989,-,0.65499997,3.92156863,14.90196037,3.5,12.10000038
Fri Jul 24 19:12:49 GMT+05:00 2026,24-Jul-2026 19:12:49.601,74.23379404,31.44376588,0.0,3.815103769302368,164.2672119140625,0.0,0.40588254,6.65204716,7.07946491,0.01011348,31.76470566,14.06866059,0,99.21875,98,43.92156982,731,-,-5.46875,-,-5.46875,51,5.07632083,4.11999989,-,0.65499997,3.92156863,14.90196037,4,12.10000038
Fri Jul 24 19:12:50 GMT+05:00 2026,24-Jul-2026 19:12:50.602,74.2337941,31.44376598,0.0,3.7962262630462646,164.2728271484375,0.0,0.2656033,6.61495829,7.29840803,0.02345234,31.76470566,14.06866059,0,99.21875,98,43.92156982,731,-,-5.46875,-,-5.46875,51,6.38166047,3.71000004,-,0.65499997,3.92156863,14.90196037,4,12.10000038
Fri Jul 24 19:12:51 GMT+05:00 2026,24-Jul-2026 19:12:51.602,74.2337941,31.44376598,0.0,3.8092780113220215,164.2728271484375,0.0,0.24287149,6.6077795,7.12133932,0.00959915,31.76470566,14.06866059,0,99.21875,98,43.52941132,731,-,-5.46875,-,-5.46875,51,6.38166047,3.71000004,-,0.65499997,3.92156863,14.50980377,4,12.10000038
Fri Jul 24 19:12:52 GMT+05:00 2026,24-Jul-2026 19:12:52.602,74.2337941,31.44376598,0.0,3.8146533966064453,164.2728271484375,0.0,0.22253251,6.61735106,7.05673313,0.00540024,31.76470566,14.06866059,0,99.21875,96,43.52941132,730,-,-5.46875,-,-5.46875,51,6.38166047,3.71000004,-,0.65499997,3.92156863,14.50980377,4,12.10000038
Fri Jul 24 19:12:53 GMT+05:00 2026,24-Jul-2026 19:12:53.601,74.2337941,31.44376598,0.0,3.8092775344848633,164.2728271484375,0.0,0.26679972,6.62572575,6.97986364,0.00040263,31.76470566,14.06866059,0,99.21875,96,45.88235474,730,-,-5.46875,-,-5.46875,51,6.38166047,3.71000004,-,0.65499997,3.92156863,14.90196037,4,12.19999981
Fri Jul 24 19:12:54 GMT+05:00 2026,24-Jul-2026 19:12:54.601,74.2337941,31.44376598,0.0,3.8092780113220215,164.2728271484375,0.0,0.50997031,6.74417067,7.15483904,0.02262777,31.76470566,14.06866059,0,99.21875,96,45.88235474,730,-,-5.46875,-,-5.46875,51,6.38166047,4.07999992,-,0.65499997,3.92156863,14.90196037,4,12.19999981
Fri Jul 24 19:12:55 GMT+05:00 2026,24-Jul-2026 19:12:55.601,74.2337941,31.44376598,0.0,3.809277057647705,164.2728271484375,0.0,0.54346985,6.84227657,6.86022234,0.00823218,31.76470566,14.06866059,0,99.21875,96,45.88235474,726,-,-5.46875,-,-6.25,51,6.38166047,4.07999992,-,0.64499998,3.92156863,14.90196037,6.5,12.17500019
Fri Jul 24 19:12:56 GMT+05:00 2026,24-Jul-2026 19:12:56.601,74.23378981,31.44376204,0.5299999713897705,3.7927439212799072,164.420166015625,229.3000030517578,0.39032918,6.88295412,6.75015259,0.00252885,31.76470566,14.06866059,0,99.21875,96,45.88235474,713,-,-5.46875,-,-6.25,51,6.38166047,4,-,0.64499998,3.92156863,14.90196037,6.5,12.17500019
Fri Jul 24 19:12:57 GMT+05:00 2026,24-Jul-2026 19:12:57.602,74.23378483,31.44375767,0.8299999833106995,3.8073370456695557,164.54864501953125,229.1999969482422,0.48245287,6.62572575,7.40608501,0.03317171,31.76470566,14.06866059,0,99.21875,96,42.35293961,713,-,-5.46875,-,-6.25,52,6.38166047,4,-,0.64499998,3.92156863,14.50980377,6.5,12.125
Fri Jul 24 19:12:58 GMT+05:00 2026,24-Jul-2026 19:12:58.602,74.23377844,31.44375216,0.949999988079071,3.8071248531341553,164.5985107421875,228.6999969482422,0.27517462,6.20787907,7.85144949,0.0396859,31.76470566,14.06866059,0,99.21875,96,42.35293961,713,-,-5.46875,-,-6.25,52,6.67173595,4,-,0.63499999,3.92156863,14.50980377,6.5,12.125
Fri Jul 24 19:12:59 GMT+05:00 2026,24-Jul-2026 19:12:59.602,74.23377477,31.44374923,0.38999998569488525,3.8063931465148926,164.6453857421875,227.89999389648438,0.37836507,6.73100996,7.00977373,0.01039273,31.76470566,14.06866059,0,99.21875,96,43.13725662,711,-,-5.46875,-,-6.25,52,6.67173595,4,-,0.63499999,3.92156863,14.50980377,6.5,12.125
Fri Jul 24 19:13:00 GMT+05:00 2026,24-Jul-2026 19:13:00.601,74.23377136,31.44374622,0.4699999988079071,3.812716007232666,164.68536376953125,227.5,0.32691941,6.82552671,6.94995356,0.01253891,31.76470566,14.06866059,0,99.21875,96,45.49019623,709,-,-5.46875,-,-6.25,52,6.52669821,4,-,0.63499999,3.92156863,14.50980377,6.5,12.125
Fri Jul 24 19:13:01 GMT+05:00 2026,24-Jul-2026 19:13:01.601,74.23376698,31.44374265,0.7400000095367432,3.8077828884124756,164.6612548828125,227.0,0.51834518,6.88534737,6.95832825,0.01826668,31.76470566,14.06866059,0,99.21875,96,45.49019623,709,-,-5.46875,-,-6.25,52,6.52669821,4,-,0.63,3.92156863,14.50980377,6.5,12.19999981
Fri Jul 24 19:13:02 GMT+05:00 2026,24-Jul-2026 19:13:02.601,74.23376051,31.44373724,1.0099999904632568,3.8052079677581787,164.764892578125,226.1999969482422,0.31495529,6.68076086,7.14766026,0.01683998,31.76470566,14.06866059,0,99.21875,96,45.49019623,709,-,-5.46875,-,-6.25,52,6.52669821,3.77999997,-,0.63,3.92156863,14.50980377,6.5,12.19999981
Fri Jul 24 19:13:03 GMT+05:00 2026,24-Jul-2026 19:13:03.602,74.23375275,31.44373007,1.1399999856948853,3.8050544261932373,164.8148193359375,225.3000030517578,0.31016964,6.62692213,6.82074118,-0.01107359,31.76470566,14.06866059,0,99.21875,96,45.49019623,709,-,-5.46875,-,-6.25,52,6.52669821,3.77999997,-,0.625,4.31372547,14.50980377,6.5,12.19999981
Fri Jul 24 19:13:04 GMT+05:00 2026,24-Jul-2026 19:13:04.602,74.23374417,31.44372284,1.1399999856948853,3.805043935775757,164.79376220703125,224.8000030517578,0.11724831,6.66520739,7.06750059,0.0093531,31.76470566,14.06866059,0,99.21875,96,45.49019623,723,-,-5.46875,-,-6.25,53,6.67173595,3.97000003,-,0.625,4.31372547,14.50980377,7,12.19999981
Fri Jul 24 19:13:05 GMT+05:00 2026,24-Jul-2026 19:13:05.603,74.23373679,31.44371591,1.0499999523162842,3.804654598236084,164.93426513671875,224.5,0.12921242,6.65443993,6.98464918,0.00248456,31.76470566,14.06866059,0,99.21875,96,45.49019623,723,-,-5.46875,-,-6.25,53,6.67173595,3.97000003,-,0.625,3.92156863,14.90196037,7,12.19999981
Fri Jul 24 19:13:06 GMT+05:00 2026,24-Jul-2026 19:13:06.602,74.23372821,31.44370889,1.1399999856948853,3.8052127361297607,164.9136962890625,224.3000030517578,0.19381863,6.69392157,7.15842819,0.0182367,31.76470566,14.06866059,0,99.21875,96,43.92156982,723,-,-5.46875,-,-6.25,53,6.67173595,3.8900001,-,0.625,3.92156863,14.90196037,7,12.19999981
Fri Jul 24 19:13:07 GMT+05:00 2026,24-Jul-2026 19:13:07.602,74.23372048,31.44370231,1.1100000143051147,3.805020332336426,165.08404541015625,224.1999969482422,0.16749759,6.80040216,6.81116962,0.00027364,31.76470566,14.06866059,0,99.21875,96,43.92156982,723,-,-5.46875,-,-6.25,53,6.81677369,3.8900001,-,0.61500001,4.31372547,14.90196037,7,12.19999981
Fri Jul 24 19:13:08 GMT+05:00 2026,24-Jul-2026 19:13:08.603,74.23371137,31.44369458,1.2599999904632568,3.805185317993164,165.09271240234375,223.89999389648438,0.06101698,6.70947456,7.05792952,0.01169449,31.76470566,14.06866059,0,99.21875,96,43.92156982,727,-,-6.25,-,-6.25,53,6.81677369,3.8900001,-,0.61500001,4.31372547,14.90196037,6,12.19999981
Fri Jul 24 19:13:09 GMT+05:00 2026,24-Jul-2026 19:13:09.602,74.23370245,31.44368665,1.2599999904632568,3.805199146270752,165.1297607421875,223.6999969482422,0.26679972,6.85184765,6.94516754,0.01388615,31.76470566,14.06866059,0,99.21875,96,43.92156982,727,-,-6.25,-,-6.25,53,6.81677369,3.8900001,-,0.64999998,4.31372547,14.90196037,6,12.125
Fri Jul 24 19:13:10 GMT+05:00 2026,24-Jul-2026 19:13:10.602,74.23369264,31.44367831,1.3799999952316284,3.804858446121216,165.19976806640625,224.0,0.50997031,6.64486837,7.21107006,0.01992315,31.76470566,14.06866059,0,99.21875,96,43.92156982,726,-,-6.25,-,-6.25,53,6.81677369,3.8900001,-,0.64499998,4.31372547,14.90196037,5,12.125
Fri Jul 24 19:13:11 GMT+05:00 2026,24-Jul-2026 19:13:11.602,74.23368145,31.44366882,1.5199999809265137,3.805471658706665,165.0791015625,225.10000610351562,0.22612174,6.65204716,7.23619461,0.02121741,31.76470566,14.06866059,0,99.21875,96,43.92156982,726,-,-6.25,-,-6.25,53,6.81677369,3.93000007,-,0.64499998,4.31372547,14.90196037,5,12.125
Fri Jul 24 19:13:12 GMT+05:00 2026,24-Jul-2026 19:13:12.601,74.23366988,31.44365932,1.5499999523162842,3.8044471740722656,165.1331787109375,226.3000030517578,0.13519448,6.79681253,7.02921581,0.01581889,31.76470566,14.06866059,0,99.21875,96,43.92156982,726,-,-6.25,-,-6.25,53,6.81677369,3.93000007,-,0.64499998,4.31372547,14.90196037,4,12.02499962
Fri Jul 24 19:13:13 GMT+05:00 2026,24-Jul-2026 19:13:13.602,74.23365855,31.44365037,1.4900000095367432,3.805237054824829,165.17633056640625,227.0,0.27038896,6.48813868,7.41804934,0.02397746,31.76470566,14.06866059,0,99.21875,96,43.92156982,731,-,-6.25,-,-6.25,53,6.81677369,3.93000007,-,0.64499998,4.31372547,14.90196037,4,12.02499962
Fri Jul 24 19:13:14 GMT+05:00 2026,24-Jul-2026 19:13:14.603,74.2336479,31.44364142,1.3899999856948853,3.8054862022399902,165.2086181640625,227.6999969482422,0.11964113,6.6006012,7.00857735,0.00046873,31.76470566,14.06866059,0,99.21875,96,43.92156982,731,-,-5.46875,-,-6.25,54,6.81677369,3.93000007,-,0.64499998,4.31372547,14.90196037,4,12.14999962
Fri Jul 24 19:13:15 GMT+05:00 2026,24-Jul-2026 19:13:15.602,74.23363733,31.44363314,1.350000023841858,3.808203935623169,165.2083740234375,228.39999389648438,0.25962126,6.50369215,7.17158842,0.00624663,31.76470566,14.06866059,0,99.21875,96,49.01960754,731,-,-5.46875,-,-6.25,54,6.81677369,4.15999985,-,0.64499998,4.31372547,14.90196037,4,12.14999962
Fri Jul 24 19:13:16 GMT+05:00 2026,24-Jul-2026 19:13:16.601,74.23362657,31.44362499,1.3799999952316284,3.8101284503936768,165.2418212890625,228.3000030517578,0.17108682,6.45344257,7.4072814,0.02059847,31.76470566,14.06866059,0,99.21875,96,49.01960754,731,-,-5.46875,-,-5.46875,54,6.81677369,4.15999985,-,0.63999999,4.31372547,14.90196037,4,12.05000019
Fri Jul 24 19:13:17 GMT+05:00 2026,24-Jul-2026 19:13:17.602,74.23361589,31.44361674,1.340000033378601,3.8051979541778564,165.26507568359375,227.6999969482422,0.22372891,6.81116962,7.06151867,0.01936895,31.76470566,14.06866059,0,99.21875,96,49.01960754,731,-,-5.46875,-,-5.46875,54,6.81677369,4.15999985,-,0.63999999,4.31372547,14.90196037,4,12.05000019
Fri Jul 24 19:13:18 GMT+05:00 2026,24-Jul-2026 19:13:18.602,74.23360607,31.44360916,1.399999976158142,3.8050432205200195,165.417236328125,228.10000610351562,0.04307081,6.87218666,6.93679285,0.01437455,31.76470566,14.06866059,0,99.21875,96,45.09803772,727,-,-5.46875,-,-5.46875,54,6.81677369,4.15999985,-,0.62,4.31372547,14.90196037,3,12.17500019
Fri Jul 24 19:13:19 GMT+05:00 2026,24-Jul-2026 19:13:19.602,74.23359344,31.44359981,1.6699999570846558,3.806929588317871,165.31378173828125,228.1999969482422,0.18544376,7.2003026,6.67597532,0.02009708,33.33333206,14.06866059,0,99.21875,96,45.09803772,727,-,-5.46875,-,-5.46875,54,7.68700011,6.75,-,0.62,7.05882359,14.90196037,3,12.17500019
Fri Jul 24 19:13:20 GMT+05:00 2026,24-Jul-2026 19:13:20.603,74.23357696,31.4435867,2.4000000953674316,3.803210735321045,165.3468017578125,227.5,0.37597227,7.00857735,6.90568638,0.02270228,33.33333206,14.06866059,0,99.21875,96,60,727,-,-1.5625,-,-1.5625,54,7.68700011,6.75,-,0.63,7.05882359,16.86274529,3,12.17500019
Fri Jul 24 19:13:21 GMT+05:00 2026,24-Jul-2026 19:13:21.603,74.23355512,31.44356979,2.890000104904175,3.805300235748291,165.334716796875,227.5,0.23210379,6.86022234,6.82433033,0.0056724,33.33333206,14.06866059,3.92156863,0,95,60,1301,-,-1.5625,-,-1.5625,54,7.68700011,6.75,-,0.63,7.05882359,16.86274529,3,12.17500019
Fri Jul 24 19:13:22 GMT+05:00 2026,24-Jul-2026 19:13:22.602,74.2335308,31.44355065,3.299999952316284,3.80802845954895,165.349853515625,227.5,0.56859446,6.7417779,6.95593548,0.00815415,33.33333206,14.06866059,4.31372547,0,95,57.25490189,1301,-,-1.5625,-,-2.34375,54,7.68700011,6.75,-,0.63999999,7.05882359,16.86274529,3,12.05000019
Fri Jul 24 19:13:23 GMT+05:00 2026,24-Jul-2026 19:13:23.602,74.23350269,31.44352969,3.640000104904175,3.8072891235351562,165.34002685546875,229.1999969482422,0.49322057,6.98106003,6.36460924,-0.01670426,33.33333206,14.06866059,4.31372547,0,95,57.25490189,1301,-,-1.5625,-,-2.34375,54,7.39692464,10.72999954,-,0.63999999,7.45098019,16.86274529,3,12.05000019
Fri Jul 24 19:13:24 GMT+05:00 2026,24-Jul-2026 19:13:24.602,74.23346704,31.44350714,4.210000038146973,3.8172805309295654,165.2957763671875,233.1999969482422,0.20578274,6.75852776,7.4766736,0.04659516,33.33333206,14.06866059,4.31372547,0,95,68.62744904,1301,-,-0.78125,-,-2.34375,54,7.39692464,10.72999954,-,0.63999999,7.45098019,18.43137169,28,12.07499981
Fri Jul 24 19:13:25 GMT+05:00 2026,24-Jul-2026 19:13:25.602,74.23342907,31.44348472,4.599999904632568,3.8068902492523193,165.23907470703125,235.5,0.43340001,7.13210678,6.89611483,0.0312646,33.33333206,14.06866059,4.31372547,6.25,94,68.62744904,1308,-,-0.78125,-,-2.34375,54,7.39692464,9.35000038,-,0.63999999,8.23529434,18.43137169,28,12.07499981
Fri Jul 24 19:13:26 GMT+05:00 2026,24-Jul-2026 19:13:26.602,74.23338479,31.44345941,5.210000038146973,3.85132098197937,165.3734130859375,236.5,0.26081768,7.00020266,6.98225641,0.02720982,33.33333206,14.06866059,3.52941179,6.25,94,68.62744904,1308,-,-5.46875,-,-4.6875,54,7.39692464,9.35000038,-,0.64999998,8.23529434,17.25490189,25.5,12.07499981
Fri Jul 24 19:13:27 GMT+05:00 2026,24-Jul-2026 19:13:27.602,74.23333466,31.44343155,5.699999809265137,3.7965052127838135,165.3094482421875,237.10000610351562,0.26919255,6.6293149,7.06510782,0.00697756,33.33333206,14.06866059,3.52941179,6.25,94,45.09803772,1308,-,-5.46875,-,-4.6875,54,5.65647178,5.69999981,-,0.64999998,5.88235283,17.25490189,25.5,12.07499981
Fri Jul 24 19:13:28 GMT+05:00 2026,24-Jul-2026 19:13:28.602,74.23328178,31.44340267,6.03000020980835,3.810030460357666,165.247314453125,237.5,0.20458634,7.44795942,6.59222651,0.03311175,33.33333206,14.06866059,3.52941179,6.25,94,45.09803772,1308,-,-3.125,-,0,54,5.65647178,5.69999981,-,0.27500001,5.88235283,17.25490189,24,12.17500019
Fri Jul 24 19:13:29 GMT+05:00 2026,24-Jul-2026 19:13:29.603,74.23322222,31.44337014,6.929999828338623,3.8097822666168213,165.1514892578125,237.60000610351562,0.50757748,7.50179815,6.57428026,0.03712243,35.68627548,14.06866059,3.52941179,6.25,94,83.13725281,1638,-,-3.90625,-,0,54,10.00760392,13.02999973,-,0.27500001,11.37254906,17.25490189,24,12.17500019
Fri Jul 24 19:13:30 GMT+05:00 2026,24-Jul-2026 19:13:30.602,74.23315561,31.44333275,7.849999904632568,3.806121587753296,165.116943359375,236.0,-2.78434825,7.7593255,10.83918762,0.40716702,35.68627548,14.06866059,3.52941179,6.25,94,83.13725281,1638,-,-3.90625,-,0,56,10.00760392,13.02999973,-,0.27500001,12.15686321,20.7843132,24,12.19999981
Fri Jul 24 19:13:31 GMT+05:00 2026,24-Jul-2026 19:13:31.601,74.2330857,31.44328957,8.4399995803833,3.806835174560547,165.15814208984375,233.3000030517578,0.50279188,6.60179758,6.45703173,-0.03826493,35.68627548,14.06866059,3.52941179,6.25,92,100,1732,-,-4.6875,-,0,56,10.15264166,14.77000046,-,0.27500001,12.15686321,20.7843132,24,12.19999981
Fri Jul 24 19:13:32 GMT+05:00 2026,24-Jul-2026 19:13:32.602,74.23300931,31.44323854,8.90999984741211,3.8106324672698975,165.0145263671875,231.5,0.4764708,7.25294447,7.30319405,0.06933922,35.68627548,14.06866059,28.62745094,0,92,100,1732,-,-4.6875,-,0,56,10.15264166,14.77000046,-,0.27500001,12.15686321,20.3921566,23.5,12.14999962
Fri Jul 24 19:13:33 GMT+05:00 2026,24-Jul-2026 19:13:33.602,74.23293499,31.44318891,9.510000228881836,3.8112456798553467,164.97894287109375,232.1999969482422,0.45373899,6.85424042,6.34546661,-0.02773327,37.25490189,14.06866059,28.62745094,0,92,100,1530,-,-4.6875,-,0,56,11.74805678,14.77000046,-,0.27500001,14.11764717,20.3921566,23.5,12.14999962
Fri Jul 24 19:13:34 GMT+05:00 2026,24-Jul-2026 19:13:34.602,74.23285155,31.44313481,10.170000076293945,3.8062469959259033,164.8861083984375,233.10000610351562,0.5422734,6.36819839,6.81715155,-0.02844131,37.25490189,14.06866059,28.62745094,0,92,100,1530,-,-5.46875,-,0,56,11.74805678,14.77000046,-,0.27500001,14.11764717,20.3921566,22.5,12.19999981
Fri Jul 24 19:13:35 GMT+05:00 2026,24-Jul-2026 19:13:35.602,74.23276282,31.44307852,10.670000076293945,3.811413049697876,164.8831787109375,233.1999969482422,0.24287149,7.08664322,7.2003026,0.04913598,35.29411697,14.06866059,28.62745094,0.78125,92,100,1530,-,-5.46875,-,0,56,11.74805678,14.77000046,-,0.27500001,10.5882349,20.3921566,22.5,12.19999981
Fri Jul 24 19:13:36 GMT+05:00 2026,24-Jul-2026 19:13:36.603,74.23267012,31.44301743,11.069999694824219,3.8134262561798096,164.85302734375,232.5,0.25004998,7.03519773,7.2290163,0.04757816,35.29411697,14.06866059,15.68627453,0.78125,92,100,1530,-,-5.46875,-,0,56,11.74805678,14.77000046,-,0.27500001,10.5882349,19.2156868,26.5,12.19999981
Fri Jul 24 19:13:37 GMT+05:00 2026,24-Jul-2026 19:13:37.602,74.23257672,31.44295489,11.380000114440918,3.807468891143799,164.81024169921875,231.60000610351562,-0.41545382,7.00139904,6.83390141,0.01722306,34.11764526,14.06866059,15.68627453,0.78125,92,73.33333588,1614,-,-5.46875,-,0,56,11.74805678,9.63000011,-,0.27500001,8.23529434,19.2156868,26.5,12.19999981
Fri Jul 24 19:13:38 GMT+05:00 2026,24-Jul-2026 19:13:38.602,74.2324846,31.44288881,11.569999694824219,3.807363271713257,164.84893798828125,229.3000030517578,-0.18424734,6.96431017,7.26969433,0.04539782,34.11764526,14.06866059,8.62745094,0.78125,92,73.33333588,1614,-,-5.46875,-,-6.25,53,11.74805678,9.63000011,-,0.63999999,8.23529434,17.64705849,26.5,12.22500038
Fri Jul 24 19:13:39 GMT+05:00 2026,24-Jul-2026 19:13:39.601,74.23239607,31.44281719,11.829999923706055,3.80594539642334,164.939697265625,225.8000030517578,-0.40947178,7.06869698,6.73579597,0.01519471,34.11764526,14.06866059,8.62745094,1.5625,92,73.33333588,1264,-,-5.46875,-,-6.25,53,8.55722654,9.63000011,-,0.63999999,8.23529434,17.64705849,26.5,12.22500038
Fri Jul 24 19:13:40 GMT+05:00 2026,24-Jul-2026 19:13:40.602,74.23230624,31.44273535,12.069999694824219,3.809842586517334,165.04010009765625,222.60000610351562,-0.22492532,7.11057138,7.34746122,0.06152993,34.11764526,14.06866059,8.62745094,1.5625,92,73.33333588,1264,-,-7.03125,-,-7.03125,53,8.55722654,9.63000011,-,0.63,8.23529434,17.25490189,26.5,12.22500038
Fri Jul 24 19:13:41 GMT+05:00 2026,24-Jul-2026 19:13:41.602,74.23222606,31.4426548,12.270000457763672,3.804725408554077,165.1016845703125,219.8000030517578,-0.34127632,7.06032228,7.22423077,0.04928869,34.11764526,14.06866059,8.62745094,-2.34375,92,67.45098114,1281,-,-7.03125,-,-7.03125,53,7.97707559,9.63000011,-,0.63,7.84313726,17.25490189,26.5,12.22500038
Fri Jul 24 19:13:42 GMT+05:00 2026,24-Jul-2026 19:13:42.602,74.23214584,31.44256683,12.5,3.8066978454589844,165.1129150390625,217.39999389648438,-0.97567344,7.18594551,6.86141872,0.03667861,34.11764526,14.06866059,8.62745094,-2.34375,92,67.45098114,1281,-,-7.03125,-,-6.25,52,7.97707559,9.63000011,-,0.61000001,7.84313726,17.25490189,26.5,12.19999981
Fri Jul 24 19:13:43 GMT+05:00 2026,24-Jul-2026 19:13:43.602,74.23207341,31.44247143,12.739999771118164,3.8100838661193848,165.01123046875,211.8000030517578,-1.8218354,7.14766026,6.49292421,0.02071351,34.50980377,14.06866059,10.1960783,-3.125,92,67.45098114,1281,-,-7.03125,-,-6.25,52,9.42745297,12.27999973,-,0.61000001,8.62745094,17.25490189,26.5,12.19999981
Fri Jul 24 19:13:44 GMT+05:00 2026,24-Jul-2026 19:13:44.602,74.23201352,31.44236624,12.930000305175781,3.8066537380218506,164.87945556640625,203.89999389648438,-1.14077818,7.26490879,6.57547665,0.02460104,34.50980377,14.06866059,10.1960783,-3.125,92,94.11764526,1281,-,-7.03125,-,-6.25,52,9.42745297,12.27999973,-,0.61000001,8.62745094,17.25490189,23.5,12.69999981
Fri Jul 24 19:13:45 GMT+05:00 2026,24-Jul-2026 19:13:45.602,74.23196792,31.44225235,13.140000343322754,3.8115170001983643,164.798583984375,196.6999969482422,-1.01276219,7.13808918,6.18514729,-0.01268601,34.50980377,14.06866059,25.09803963,-3.125,92,100,1281,-,-7.03125,-,-6.25,52,9.42745297,12.27999973,-,0.61000001,12.54901981,17.25490189,23.5,12.69999981
Fri Jul 24 19:13:46 GMT+05:00 2026,24-Jul-2026 19:13:46.602,74.23193865,31.44213938,13.430000305175781,3.819859027862549,164.78363037109375,190.6999969482422,-0.78155571,7.18115997,7.02323341,0.04601353,34.50980377,14.06866059,25.09803963,-3.125,92,100,1281,-,-6.25,-,-5.46875,52,9.42745297,12.27999973,-,0.62,12.54901981,21.56862831,21.5,12.69999981
Fri Jul 24 19:13:47 GMT+05:00 2026,24-Jul-2026 19:13:47.602,74.23192224,31.44201838,13.710000038146973,3.8088371753692627,165.0009765625,185.5,-1.83140659,6.67358255,5.5471611,-0.07690769,36.86274338,14.06866059,25.09803963,-0.78125,92,100,1281,-,-6.25,-,-5.46875,52,11.74805678,12.27999973,-,0.62,13.33333302,21.56862831,21.5,12.69999981
Fri Jul 24 19:13:48 GMT+05:00 2026,24-Jul-2026 19:13:48.602,74.23191247,31.44188654,14.010000228881836,3.8081347942352295,165.1295166015625,182.60000610351562,0.64277196,6.8769722,6.75613451,0.00389755,36.86274338,14.06866059,25.09803963,-0.78125,94,100,1503,-,-4.6875,-,-5.46875,51,11.74805678,12.27999973,-,0.62,13.33333302,26.66666603,12,13.85000038
Fri Jul 24 19:13:49 GMT+05:00 2026,24-Jul-2026 19:13:49.601,74.23190545,31.44175768,14.460000038146973,3.8083293437957764,165.199462890625,182.39999389648438,-0.40827537,7.43599558,6.68076086,0.03884333,41.5686264,14.06866059,33.33333206,-0.78125,94,100,1503,-,-4.6875,-,-3.90625,51,13.05339642,12.27999973,-,0.62,20.7843132,26.66666603,12,13.85000038
Fri Jul 24 19:13:50 GMT+05:00 2026,24-Jul-2026 19:13:50.602,74.2319039,31.44162855,14.930000305175781,3.8046929836273193,165.31622314453125,180.10000610351562,-0.72053874,7.08305407,6.44237566,-0.00223142,41.5686264,14.06866059,33.33333206,-0.78125,94,100,1592,-,-4.6875,-,-3.90625,51,13.05339642,17.84000015,-,0.62,20.7843132,26.66666603,12,13.85000038
Fri Jul 24 19:13:51 GMT+05:00 2026,24-Jul-2026 19:13:51.602,74.2319128,31.44148848,15.4399995803833,3.8048388957977295,165.35980224609375,175.60000610351562,0.50877392,6.86381197,7.42163849,0.05078715,38.03921509,14.06866059,34.11764526,-0.78125,94,100,1592,-,-4.6875,-,-3.90625,51,10.73279261,17.84000015,-,0.62,18.8235302,26.66666603,12,13.85000038
Fri Jul 24 19:13:52 GMT+05:00 2026,24-Jul-2026 19:13:52.602,74.23192361,31.44134785,15.649999618530273,3.806572914123535,165.36358642578125,176.1999969482422,0.78634137,6.20787907,7.11775017,-0.01491845,38.03921509,14.06866059,34.11764526,-0.78125,94,62.35293961,1592,-,-4.6875,-,0,51,10.73279261,17.84000015,-,0.77999997,18.8235302,26.66666603,-7,13.85000038
Fri Jul 24 19:13:53 GMT+05:00 2026,24-Jul-2026 19:13:53.602,74.23193193,31.44120431,15.380000114440918,3.809147357940674,165.40625,177.3000030517578,-0.07657032,6.75613451,7.59661388,0.0553506,31.37254906,14.06866059,0,-0.78125,94,23.52941132,1592,-,-4.6875,-,0,51,10.73279261,17.84000015,-,0.77999997,3.52941179,26.66666603,-7,13.85000038
Fri Jul 24 19:13:54 GMT+05:00 2026,24-Jul-2026 19:13:54.602,74.23193868,31.44107284,15.039999961853027,3.805323600769043,165.46844482421875,177.89999389648438,-0.32931221,6.77647352,7.22303438,0.02915853,31.37254906,14.06866059,0,0,94,23.52941132,1592,-,0,-,0,50,10.73279261,17.84000015,-,0,3.52941179,26.66666603,-7,13.85000038
Fri Jul 24 19:13:55 GMT+05:00 2026,24-Jul-2026 19:13:55.601,74.23194541,31.44093735,14.720000267028809,3.804865837097168,165.6319580078125,177.3000030517578,-0.10648061,6.2748785,7.14885664,-0.01130515,31.37254906,14.06866059,0,0,94,23.52941132,1592,-,0,-,0,50,3.0457925,17.84000015,-,0,3.13725495,26.66666603,-7,13.85000038
Fri Jul 24 19:13:56 GMT+05:00 2026,24-Jul-2026 19:13:56.602,74.23195353,31.44080351,14.369999885559082,3.80936861038208,165.6357421875,177.0,-0.29820552,6.65922546,7.64686298,0.05308694,31.37254906,14.06866059,0,0,94,23.52941132,1592,-,0,-,0,50,3.0457925,17.84000015,-,0,3.13725495,26.66666603,-7,14.10000038
Fri Jul 24 19:13:57 GMT+05:00 2026,24-Jul-2026 19:13:57.603,74.23196033,31.44067738,13.960000038146973,3.810525894165039,165.66009521484375,177.39999389648438,-0.67507511,6.89731121,7.48504829,0.05882818,32.15686417,14.06866059,0,0,94,23.52941132,1370,-,0,-,0,50,4.2060944,4.75,-,0,4.70588255,26.66666603,-7,14.10000038
Fri Jul 24 19:13:58 GMT+05:00 2026,24-Jul-2026 19:13:58.602,74.23196597,31.44055897,13.550000190734863,3.8045973777770996,165.60791015625,177.6999969482422,-0.30897322,6.52403116,7.95194769,0.06796831,32.15686417,14.06866059,0,0,94,23.52941132,1370,-,0,-,0,50,4.2060944,4.75,-,0,4.70588255,26.66666603,-13,14.07499981
Fri Jul 24 19:13:59 GMT+05:00 2026,24-Jul-2026 19:13:59.602,74.23197201,31.44043818,13.079999923706055,3.8048572540283203,165.74774169921875,177.8000030517578,-0.59730834,5.29561567,7.90648413,-0.00905091,31.76470566,14.06866059,0,0,94,25.88235283,1370,-,0,-,0,50,4.2060944,4.75,-,0,4.31372547,26.66666603,-13,14.07499981
Fri Jul 24 19:14:00 GMT+05:00 2026,24-Jul-2026 19:14:00.602,74.2319771,31.44032704,12.15999984741211,3.804558753967285,165.81488037109375,177.6999969482422,-0.17228323,5.88813829,8.24417114,0.05186778,31.76470566,14.06866059,0,0,94,25.88235283,1370,-,0,-,0,50,4.2060944,4.75,-,0,3.52941179,14.11764717,-13,14.07499981
Fri Jul 24 19:14:01 GMT+05:00 2026,24-Jul-2026 19:14:01.602,74.23198248,31.4402242,10.699999809265137,3.811249017715454,165.8621826171875,178.0,-0.16031912,7.14526749,8.08714199,0.11917347,31.76470566,14.06866059,0,0,94,25.88235283,1030,-,0,-,0,50,3.77098119,3.3900001,-,0,3.52941179,14.11764717,-13,14.07499981
Fri Jul 24 19:14:02 GMT+05:00 2026,24-Jul-2026 19:14:02.602,74.23198624,31.44013288,10.329999923706055,3.8048970699310303,165.878173828125,178.39999389648438,0.42023948,6.64247561,7.56760073,0.04632705,31.76470566,14.06866059,0,0,94,25.88235283,1030,-,0,-,0,50,3.77098119,3.3900001,-,0,4.70588255,14.11764717,1,14.07499981
Fri Jul 24 19:14:03 GMT+05:00 2026,24-Jul-2026 19:14:03.602,74.23199089,31.44004219,9.739999771118164,3.8046112060546875,165.822998046875,178.1999969482422,-0.11964113,5.5471611,8.03689289,0.01452625,31.76470566,14.06866059,0,0,94,25.88235283,933,-,0,-,0,51,5.65647178,4.67000008,-,0,4.70588255,14.11764717,1,14.07499981
Fri Jul 24 19:14:04 GMT+05:00 2026,24-Jul-2026 19:14:04.602,74.23199481,31.43995967,8.520000457763672,3.8109471797943115,165.7340087890625,178.3000030517578,0.17587246,5.23579502,6.72383165,-0.1121158,31.76470566,14.06866059,0,0,94,25.88235283,933,-,0,-,-0.78125,51,5.65647178,4.67000008,-,0.07,4.31372547,14.11764717,1,14.07499981
Fri Jul 24 19:14:05 GMT+05:00 2026,24-Jul-2026 19:14:05.602,74.23199766,31.43989154,7.260000228881836,3.8092901706695557,166.0728759765625,178.89999389648438,0.93619186,6.54556656,10.24786091,0.26220912,31.76470566,14.06866059,0,0,94,43.92156982,912,-,-1.5625,-,-0.78125,51,5.22135857,4.51000023,-,0.07,4.31372547,14.11764717,1,14.07499981
Fri Jul 24 19:14:06 GMT+05:00 2026,24-Jul-2026 19:14:06.602,74.23200089,31.43982821,7.03000020980835,3.80908203125,165.961181640625,178.89999389648438,0.64516479,6.92363214,7.52811909,0.06366807,31.76470566,14.06866059,0,0,94,43.92156982,912,-,-1.5625,-,-2.34375,51,5.22135857,4.51000023,-,0.85500002,4.31372547,14.11764717,1,14.07499981
Fri Jul 24 19:14:07 GMT+05:00 2026,24-Jul-2026 19:14:07.602,74.23200373,31.43976742,6.889999866485596,3.8052966594696045,165.9241943359375,178.5,0.52791649,6.66879654,7.24337339,0.02408856,31.76470566,14.06866059,0,0,92,53.72549057,952,-,-1.5625,-,-2.34375,51,5.22135857,4.51000023,-,0.85500002,4.31372547,14.11764717,1,14.07499981
Fri Jul 24 19:14:08 GMT+05:00 2026,24-Jul-2026 19:14:08.601,74.2320076,31.43970563,6.909999847412109,3.8045713901519775,166.07965087890625,178.3000030517578,0.13878371,6.65802908,6.47856712,-0.03391755,31.76470566,14.06866059,0,0,92,53.72549057,952,-,-1.5625,-,2.34375,51,5.22135857,4.51000023,-,0.58499998,4.31372547,19.2156868,18,14.17500019
Fri Jul 24 19:14:09 GMT+05:00 2026,24-Jul-2026 19:14:09.602,74.2320103,31.43963924,7.329999923706055,3.808992624282837,166.05072021484375,178.5,0.07776674,7.29481888,6.81236601,0.03647405,35.29411697,14.06866059,18.8235302,0,92,53.72549057,952,-,-1.5625,-,2.34375,51,11.31294356,12.19999981,-,0.58499998,10.98039246,19.2156868,18,14.17500019
Fri Jul 24 19:14:10 GMT+05:00 2026,24-Jul-2026 19:14:10.602,74.23201323,31.43956954,7.96999979019165,3.8093199729919434,166.0645751953125,178.6999969482422,0.54705906,7.1440711,6.7202425,0.02036327,35.29411697,14.06866059,18.8235302,0,92,98.8235321,1302,-,-3.90625,-,2.34375,51,11.31294356,12.19999981,-,0.58499998,10.98039246,20.3921566,21,14.14999962
Fri Jul 24 19:14:11 GMT+05:00 2026,24-Jul-2026 19:14:11.601,74.2320159,31.43949524,8.649999618530273,3.8048954010009766,166.04180908203125,179.0,0.88833541,7.31635427,7.0591259,0.05930203,35.29411697,14.06866059,21.56862831,0,92,98.8235321,1302,-,-3.90625,-,-4.6875,51,11.31294356,13.36999989,-,0.69499999,12.94117641,20.3921566,21,14.14999962
Fri Jul 24 19:14:12 GMT+05:00 2026,24-Jul-2026 19:14:12.601,74.23201825,31.4394102,9.380000114440918,3.809417247772217,166.03729248046875,179.1999969482422,0.10648061,7.14766026,6.13011265,-0.0210678,35.29411697,14.06866059,21.56862831,0,92,98.8235321,1411,-,-4.6875,-,-4.6875,51,11.31294356,13.36999989,-,0.69499999,12.94117641,21.56862831,22,14.14999962
Fri Jul 24 19:14:13 GMT+05:00 2026,24-Jul-2026 19:14:13.601,74.23202036,31.43932169,10.100000381469727,3.808215618133545,166.1602783203125,179.5,0.5590232,7.17398119,6.30598497,-0.00568295,37.25490189,14.06866059,29.41176414,0,92,98.8235321,1411,-,-4.6875,-,-4.6875,51,11.31294356,13.36999989,-,0.63999999,14.11764717,21.56862831,22,14.14999962
Fri Jul 24 19:14:14 GMT+05:00 2026,24-Jul-2026 19:14:14.601,74.23202156,31.43922681,10.8100004196167,3.80892014503479,166.25384521484375,179.8000030517578,0.81864446,7.02921581,6.43280458,-0.00612479,37.25490189,14.06866059,29.41176414,0,92,96.07843018,1657,-,-4.6875,-,-4.6875,51,11.31294356,15.44999981,-,0.63999999,14.11764717,21.56862831,22,14.14999962
Fri Jul 24 19:14:15 GMT+05:00 2026,24-Jul-2026 19:14:15.601,74.23202172,31.4391266,11.510000228881836,3.8039965629577637,166.36273193359375,180.10000610351562,0.42622152,6.97747087,6.66879654,0.0038361,37.25490189,14.06866059,31.37254906,1.5625,92,96.07843018,1657,-,-4.6875,-,-4.6875,51,11.31294356,15.44999981,-,0.63,14.90196037,21.56862831,22,14.14999962
Fri Jul 24 19:14:16 GMT+05:00 2026,24-Jul-2026 19:14:16.601,74.23202134,31.43902018,12.029999732971191,3.832319974899292,166.3489990234375,180.5,0.63320071,7.15483904,6.91765022,0.03554314,37.25490189,14.06866059,31.37254906,1.5625,94,95.68627167,1657,-,-4.6875,-,-4.6875,51,11.4579813,15.44999981,-,0.63,14.90196037,21.56862831,22,14.14999962
Fri Jul 24 19:14:17 GMT+05:00 2026,24-Jul-2026 19:14:17.601,74.23202135,31.43890491,12.5600004196167,3.865741729736328,166.314208984375,179.89999389648438,0.18305093,6.87457943,6.68793917,-0.00314033,37.25490189,14.06866059,31.37254906,0,94,95.68627167,1657,-,-4.6875,-,-4.6875,51,11.4579813,15.44999981,-,0.63,15.29411793,22.74509811,22,14.05000019
Fri Jul 24 19:14:18 GMT+05:00 2026,24-Jul-2026 19:14:18.602,74.23202289,31.43879107,13.119999885559082,3.80521559715271,166.41876220703125,179.1999969482422,0.09332009,7.15962458,7.21346283,0.05506593,37.25490189,14.06866059,31.37254906,0,94,93.72548676,1896,-,-4.6875,-,-4.6875,50,11.4579813,17.84000015,-,0.63,15.29411793,22.74509811,22,14.05000019
Fri Jul 24 19:14:19 GMT+05:00 2026,24-Jul-2026 19:14:19.602,74.23202628,31.43866946,13.539999961853027,3.8094608783721924,166.40399169921875,178.3000030517578,0.54466623,7.32712221,7.2720871,0.07278508,38.03921509,14.06866059,31.37254906,0,94,93.72548676,1896,-,-4.6875,-,-4.6875,50,11.74805678,16.22999954,-,0.63499999,15.29411793,22.74509811,22,14.05000019
Fri Jul 24 19:14:20 GMT+05:00 2026,24-Jul-2026 19:14:20.602,74.232031,31.43854147,13.949999809265137,3.8131768703460693,166.46099853515625,177.89999389648438,0.72771716,6.57547665,6.52403116,-0.03386813,38.03921509,14.06866059,31.37254906,0,94,93.72548676,1896,-,-4.6875,-,-6.25,50,11.74805678,16.22999954,-,0.64499998,15.29411793,22.35294151,22,14.10000038
Fri Jul 24 19:14:21 GMT+05:00 2026,24-Jul-2026 19:14:21.602,74.23203677,31.43841402,14.329999923706055,3.809175729751587,166.6080322265625,177.89999389648438,0.30897322,6.78365231,6.62333298,-0.0140397,38.03921509,14.06866059,30.98039246,0,94,93.72548676,1896,-,-4.6875,-,-6.25,50,12.03813225,15.26000023,-,0.64499998,14.50980377,22.35294151,22,14.10000038
Fri Jul 24 19:14:22 GMT+05:00 2026,24-Jul-2026 19:14:22.603,74.23204162,31.43828453,14.800000190734863,3.804685354232788,166.5733642578125,178.0,0.29700911,7.37138939,7.43599558,0.08675867,38.03921509,14.06866059,30.98039246,0,94,93.72548676,1896,-,-4.6875,-,-5.46875,50,12.03813225,15.26000023,-,0.63999999,14.50980377,22.35294151,22,14.19999981
Fri Jul 24 19:14:23 GMT+05:00 2026,24-Jul-2026 19:14:23.603,74.23204652,31.4381487,15.260000228881836,3.8047218322753906,166.593017578125,178.0,0.08853444,6.74536705,7.18474913,0.02362543,35.68627548,14.06866059,29.41176414,0,94,93.72548676,1584,-,-4.6875,-,-5.46875,50,10.2976794,15.26000023,-,0.63999999,10.98039246,22.35294151,22,14.19999981
Fri Jul 24 19:14:24 GMT+05:00 2026,24-Jul-2026 19:14:24.603,74.2320528,31.43801038,15.569999694824219,3.8046844005584717,166.6583251953125,177.60000610351562,-0.01316052,6.67597532,6.70827818,-0.01625663,35.68627548,14.06866059,29.41176414,0,94,87.05882263,1584,-,-6.25,-,-5.46875,50,10.2976794,15.26000023,-,0.63999999,10.98039246,22.35294151,26,14.125
Fri Jul 24 19:14:25 GMT+05:00 2026,24-Jul-2026 19:14:25.602,74.23206089,31.43786402,15.890000343322754,3.8099281787872314,166.958984375,177.10000610351562,0.2958127,6.36819839,6.67477894,-0.04011661,35.68627548,14.06866059,29.41176414,0,94,87.05882263,1584,-,-6.25,-,-5.46875,50,10.2976794,13.27999973,-,0.63999999,10.98039246,22.35294151,26,14.125
Fri Jul 24 19:14:26 GMT+05:00 2026,24-Jul-2026 19:14:26.602,74.2320688,31.43772176,16.209999084472656,3.805938243865967,167.0965576171875,177.10000610351562,-0.22971097,7.36660337,7.19551659,0.06897408,35.68627548,14.06866059,29.41176414,0,94,85.49019623,1629,-,-5.46875,-,-5.46875,50,10.2976794,13.27999973,-,0.63999999,10.98039246,19.6078434,26,14.125
Fri Jul 24 19:14:27 GMT+05:00 2026,24-Jul-2026 19:14:27.602,74.23207705,31.43757523,16.469999313354492,3.806950807571411,167.1551513671875,177.0,-0.32452658,6.52163792,6.5575304,-0.03766716,35.68627548,14.06866059,18.03921509,0,94,85.49019623,1629,-,-5.46875,-,-5.46875,50,5.07632083,13.27999973,-,0.63499999,5.88235283,19.6078434,26,14.125
Fri Jul 24 19:14:28 GMT+05:00 2026,24-Jul-2026 19:14:28.602,74.23208959,31.43742326,16.420000076293945,3.813272714614868,167.26446533203125,175.3000030517578,0.90508515,5.50050116,6.5288167,-0.10588503,35.68627548,14.06866059,18.03921509,0,94,49.80392075,1629,-,-5.46875,-,-6.25,49,5.07632083,13.27999973,-,0.68000001,5.88235283,15.68627453,24,14.125
Fri Jul 24 19:14:29 GMT+05:00 2026,24-Jul-2026 19:14:29.602,74.23210072,31.43727735,16.209999084472656,3.809730291366577,167.480712890625,176.10000610351562,0.82343012,7.42522764,7.66241646,0.10988885,33.72549057,14.06866059,2.35294127,0,94,49.80392075,1301,-,-5.46875,-,-6.25,49,5.07632083,13.27999973,-,0.68000001,7.84313726,15.68627453,24,14.125
Fri Jul 24 19:14:30 GMT+05:00 2026,24-Jul-2026 19:14:30.601,74.23210665,31.4371333,16.190000534057617,3.80710768699646,167.41522216796875,178.6999969482422,-0.69182485,6.23420048,6.97388172,-0.02486277,33.72549057,14.06866059,2.35294127,0,94,49.80392075,1301,-,-12.5,-,-10.9375,50,5.07632083,13.27999973,-,0.77999997,7.84313726,15.68627453,-4,14.05000019
Fri Jul 24 19:14:31 GMT+05:00 2026,24-Jul-2026 19:14:31.601,74.23210864,31.43698878,16.040000915527344,3.8053979873657227,167.3651123046875,179.60000610351562,-0.27876383,6.09182739,6.73699236,-0.05469155,31.76470566,14.06866059,2.35294127,0,94,41.17647171,1301,-,-5.46875,-,-10.9375,50,5.22135857,13.27999973,-,0.77999997,4.31372547,15.68627453,-4,14.05000019
Fri Jul 24 19:14:32 GMT+05:00 2026,24-Jul-2026 19:14:32.602,74.23211055,31.43684599,15.880000114440918,3.804136276245117,167.3572998046875,178.89999389648438,-0.34606197,6.63290453,7.33310413,0.02755421,31.76470566,14.06866059,0,0,94,41.17647171,1301,-,-5.46875,-,-3.125,50,5.22135857,13.27999973,-,0.345,4.31372547,14.90196037,1,14.05000019
Fri Jul 24 19:14:33 GMT+05:00 2026,24-Jul-2026 19:14:33.602,74.23211442,31.43670094,15.59000015258789,3.8095455169677734,167.5263671875,178.0,-0.36879379,5.79960394,7.58464956,-0.00699234,31.76470566,14.06866059,0,0,94,40.7843132,1301,-,-5.46875,-,-3.125,50,5.22135857,4.11999989,-,0.345,4.31372547,14.90196037,1,14.05000019
Fri Jul 24 19:14:34 GMT+05:00 2026,24-Jul-2026 19:14:34.602,74.23211969,31.43656888,14.680000305175781,3.8062984943389893,167.5694580078125,177.6999969482422,0.14476576,5.74097967,8.42602539,0.05844396,31.76470566,14.06866059,0,0,94,40.7843132,1301,-,-5.46875,-,-3.125,50,5.22135857,4.11999989,-,0.345,4.31372547,14.90196037,1,14.10000038
Fri Jul 24 19:14:35 GMT+05:00 2026,24-Jul-2026 19:14:35.601,74.2321253,31.43644621,13.260000228881836,3.8047080039978027,167.62420654296875,177.89999389648438,-0.02392823,5.59262466,8.54088116,0.05967766,31.76470566,14.06866059,0,0,94,31.76470566,1059,-,-5.46875,-,-3.125,50,5.22135857,4.11999989,-,0.345,4.31372547,14.90196037,1,14.10000038
Fri Jul 24 19:14:36 GMT+05:00 2026,24-Jul-2026 19:14:36.602,74.23213115,31.43633469,11.479999542236328,3.809157609939575,167.70269775390625,178.10000610351562,-0.39032918,5.36291361,7.63130951,-0.0293771,31.37254906,14.06866059,0,0,94,31.76470566,1059,-,-5.46875,-,-3.90625,50,4.35113214,4.11999989,-,0.41999999,3.52941179,14.50980377,1,14.10000038
Fri Jul 24 19:14:37 GMT+05:00 2026,24-Jul-2026 19:14:37.602,74.23213531,31.43623985,10.149999618530273,3.8095579147338867,167.708984375,178.39999389648438,-0.39870408,6.15164804,8.19033241,0.06395549,31.37254906,14.06866059,0,0,94,31.76470566,932,-,-5.46875,-,-3.90625,50,4.35113214,3.31999993,-,0.41999999,3.52941179,14.50980377,1,14.10000038
Fri Jul 24 19:14:38 GMT+05:00 2026,24-Jul-2026 19:14:38.601,74.23213822,31.43615618,9.170000076293945,3.827573537826538,167.807861328125,178.6999969482422,-0.09092726,6.71784973,7.94118023,0.07933921,31.37254906,14.06866059,0,0,94,31.76470566,932,-,-5.46875,-,-4.6875,50,4.35113214,3.31999993,-,0.41499999,3.52941179,14.50980377,1,14.10000038
Fri Jul 24 19:14:39 GMT+05:00 2026,24-Jul-2026 19:14:39.602,74.23214108,31.43607948,8.34000015258789,3.8043761253356934,167.8641357421875,178.6999969482422,-0.16510476,5.94466877,8.16281509,0.0485006,31.37254906,14.06866059,0,0,94,31.76470566,1033,-,-5.46875,-,-4.6875,50,4.2060944,3.31999993,-,0.41499999,3.52941179,14.50980377,1,14.10000038
Fri Jul 24 19:14:40 GMT+05:00 2026,24-Jul-2026 19:14:40.603,74.23214432,31.4360109,7.21999979019165,3.8062474727630615,167.9622802734375,178.60000610351562,-0.30658039,5.83788919,8.26690292,0.0511151,31.37254906,14.06866059,0,0,94,31.76470566,1033,-,-5.46875,-,-5.46875,50,4.2060944,3.31999993,-,0.5,3.52941179,14.50980377,1,14.05000019
Fri Jul 24 19:14:41 GMT+05:00 2026,24-Jul-2026 19:14:41.601,74.23214727,31.43595398,5.659999847412109,3.8115768432617188,167.9525146484375,178.5,-0.02991028,5.7254262,8.25015354,0.04267293,31.37254906,14.06866059,0,0,94,34.90196228,1033,-,-5.46875,-,-5.46875,50,4.2060944,3.3499999,-,0.5,3.52941179,14.50980377,2.5,14.05000019
Fri Jul 24 19:14:42 GMT+05:00 2026,24-Jul-2026 19:14:42.602,74.23214917,31.43591326,4.21999979019165,3.804619789123535,167.878662109375,178.39999389648438,0.00119641,6.3969121,8.03450012,0.06589478,32.15686417,14.06866059,0,0,94,34.90196228,1033,-,-5.46875,-,-6.25,50,4.2060944,3.3499999,-,0.69,4.70588255,14.50980377,2.5,14.02499962
Fri Jul 24 19:14:43 GMT+05:00 2026,24-Jul-2026 19:14:43.602,74.23215105,31.43587921,3.559999942779541,3.8069794178009033,167.92462158203125,178.39999389648438,0.49322057,6.31316328,7.41446018,0.01294136,32.15686417,14.06866059,0,0,94,34.90196228,733,-,-5.46875,-,-6.25,50,4.2060944,4.71000004,-,0.69,4.70588255,14.90196037,2.5,14.14999962
Fri Jul 24 19:14:44 GMT+05:00 2026,24-Jul-2026 19:14:44.602,74.23215234,31.43584876,3.2200000286102295,3.795269012451172,167.994384765625,179.10000610351562,0.45254257,6.5072813,7.2720871,0.01481736,32.15686417,14.06866059,0,0,94,34.90196228,741,-,-5.46875,-,-5.46875,50,7.2518869,4.19999981,-,0.64499998,4.31372547,14.90196037,2.5,14.14999962
Fri Jul 24 19:14:45 GMT+05:00 2026,24-Jul-2026 19:14:45.602,74.23215215,31.43582074,3.109999895095825,3.8083877563476562,168.01275634765625,180.1999969482422,0.25603202,6.32991314,7.26490879,0.00157899,32.15686417,14.06866059,0,0,94,49.01960754,741,-,-5.46875,-,-5.46875,50,7.2518869,4.19999981,-,0.63,4.31372547,14.90196037,2.5,14.14999962
Fri Jul 24 19:14:46 GMT+05:00 2026,24-Jul-2026 19:14:46.602,74.23215098,31.43579458,2.759999990463257,3.8081068992614746,167.96923828125,182.3000030517578,0.03349952,6.12293386,7.32113981,-0.0081014,32.15686417,14.06866059,0,0,94,49.01960754,725,-,-5.46875,-,-5.46875,50,7.10684916,4.19999981,-,0.63,4.31372547,14.90196037,2.5,14.14999962
Fri Jul 24 19:14:47 GMT+05:00 2026,24-Jul-2026 19:14:47.602,74.23214868,31.43577392,2.0999999046325684,3.8064706325531006,167.7935791015625,186.39999389648438,0.14237295,5.9291153,7.69950485,0.00971371,32.15686417,14.06866059,0,0,94,49.01960754,725,-,-5.46875,-,-5.46875,51,7.10684916,4.19999981,-,0.62,4.31372547,14.90196037,5,14.17500019
Fri Jul 24 19:14:48 GMT+05:00 2026,24-Jul-2026 19:14:48.601,74.23214477,31.43575985,1.350000023841858,3.8089749813079834,167.83648681640625,191.39999389648438,-0.08135597,6.19352245,7.64207745,0.02175802,32.15686417,14.06866059,0,0,94,51.37254715,715,-,-5.46875,-,-5.46875,51,7.10684916,4.19999981,-,0.62,4.31372547,14.90196037,5,14.17500019
Fri Jul 24 19:14:49 GMT+05:00 2026,24-Jul-2026 19:14:49.601,74.2321408,31.43575129,0.7799999713897705,3.8166680335998535,167.87744140625,196.5,-0.02392823,6.56111956,7.71864748,0.05166739,32.15686417,14.06866059,0,0,94,51.37254715,715,-,-4.6875,-,-5.46875,51,7.10684916,4.19999981,-,0.62,4.31372547,14.90196037,4.5,14.19999981
Fri Jul 24 19:14:50 GMT+05:00 2026,24-Jul-2026 19:14:50.602,74.23213766,31.4357465,0.4399999976158142,3.805407762527466,167.85833740234375,199.60000610351562,-0.03589234,6.76211691,6.96670294,0.00869268,32.15686417,14.06866059,0,0,94,51.37254715,741,-,-4.6875,-,-5.46875,51,7.10684916,4.19999981,-,0.62,3.52941179,14.90196037,4.5,14.19999981
Fri Jul 24 19:14:51 GMT+05:00 2026,24-Jul-2026 19:14:51.603,74.23213532,31.43574378,0.3499999940395355,3.806399345397949,167.8173828125,201.5,-0.02392823,6.76211691,7.01844788,0.01248068,32.15686417,14.06866059,0,0,94,38.4313736,741,-,-4.6875,-,-5.46875,51,7.10684916,4.19999981,-,0.62,3.52941179,14.11764717,4.5,14.02499962
Fri Jul 24 19:14:52 GMT+05:00 2026,24-Jul-2026 19:14:52.602,74.23213302,31.43574054,0.46000000834465027,3.811721086502075,167.8782958984375,203.60000610351562,-0.29700911,6.664011,7.00857735,0.00530058,31.37254906,14.06866059,0,0,94,38.4313736,720,-,-4.6875,-,-5.46875,51,5.65647178,4.19999981,-,0.62,3.52941179,14.11764717,4.5,14.02499962
Fri Jul 24 19:14:53 GMT+05:00 2026,24-Jul-2026 19:14:53.602,74.23213044,31.43573735,0.4399999976158142,3.805934190750122,167.93670654296875,206.10000610351562,0.03349952,6.84107971,7.03160858,0.01904625,31.37254906,14.06866059,0,0,94,38.4313736,720,-,-5.46875,-,-5.46875,52,5.65647178,4.19999981,-,0.62,3.52941179,14.11764717,6,13.85000038
Fri Jul 24 19:14:54 GMT+05:00 2026,24-Jul-2026 19:14:54.601,74.23212551,31.43573241,0.8100000023841858,3.8057541847229004,167.945068359375,210.0,0.12801601,6.58983374,7.58823872,0.04357213,31.37254906,14.06866059,0,0,94,38.4313736,708,-,-5.46875,-,-5.46875,52,5.65647178,3.56999993,-,0.62,3.52941179,14.11764717,6,13.85000038
Fri Jul 24 19:14:55 GMT+05:00 2026,24-Jul-2026 19:14:55.601,74.23211724,31.43572676,1.0299999713897705,3.8079843521118164,167.98455810546875,216.39999389648438,-0.20817557,6.7142601,7.12851763,0.01746237,31.37254906,14.06866059,0,0,94,38.4313736,708,-,-5.46875,-,-5.46875,52,5.65647178,3.56999993,-,0.62,3.52941179,15.29411793,6,13.85000038
Fri Jul 24 19:14:56 GMT+05:00 2026,24-Jul-2026 19:14:56.601,74.23210588,31.43572025,1.2899999618530273,3.80820369720459,168.14837646484375,223.60000610351562,0.16749759,6.70109987,7.28285503,0.02798253,32.15686417,14.06866059,0,0,94,38.4313736,708,-,-5.46875,-,-5.46875,52,7.2518869,4.63000011,-,0.62,4.70588255,15.29411793,6,13.85000038
Fri Jul 24 19:14:57 GMT+05:00 2026,24-Jul-2026 19:14:57.602,74.23209236,31.4357144,1.5,3.8058834075927734,168.115478515625,232.6999969482422,0.49441698,6.75374174,7.09980392,0.01914853,32.15686417,14.06866059,0,0,94,38.4313736,708,-,-4.6875,-,-5.46875,52,7.2518869,4.63000011,-,0.62,4.70588255,14.90196037,6,14.10000038
Fri Jul 24 19:14:58 GMT+05:00 2026,24-Jul-2026 19:14:58.602,74.2320745,31.43571121,1.8799999952316284,3.848384380340576,168.1204833984375,246.6999969482422,0.52791649,6.9332037,6.90209675,0.01770461,33.33333206,14.06866059,0,0,94,38.4313736,708,-,-4.6875,-,-5.46875,52,7.39692464,4.63000011,-,0.62,6.66666651,14.90196037,6,14.10000038
Fri Jul 24 19:14:59 GMT+05:00 2026,24-Jul-2026 19:14:59.603,74.23204871,31.43571001,2.680000066757202,3.8126296997070312,168.191650390625,262.5,0.25004998,7.1656065,7.07826853,0.04603702,33.33333206,14.06866059,0,0,94,38.4313736,708,-,0.78125,-,-5.46875,52,7.39692464,7.11000013,-,0.62,6.66666651,14.90196037,24,14.07499981
Fri Jul 24 19:15:00 GMT+05:00 2026,24-Jul-2026 19:15:00.602,74.23201517,31.43571216,3.359999895095825,3.8129498958587646,168.14093017578125,272.29998779296875,0.58773708,7.54127979,7.38813925,0.09683853,34.11764526,14.06866059,7.05882359,0,94,38.4313736,708,-,0.78125,-,-5.46875,52,7.39692464,9.35000038,-,0.62,8.23529434,14.90196037,24,14.07499981
Fri Jul 24 19:15:01 GMT+05:00 2026,24-Jul-2026 19:15:01.602,74.23197696,31.43571382,3.799999952316284,3.807996988296509,168.10809326171875,273.1000061035156,-0.55184472,7.25773001,6.7417779,0.03033811,34.11764526,14.06866059,7.05882359,0,94,65.09803772,708,-,0.78125,-,-5.46875,53,7.39692464,9.35000038,-,0.62,8.23529434,14.90196037,27,14.07499981
Fri Jul 24 19:15:02 GMT+05:00 2026,24-Jul-2026 19:15:02.602,74.23193369,31.43571621,4.25,3.809708833694458,167.9912109375,272.8999938964844,-1.34057891,7.26969433,7.85025311,0.11817974,33.72549057,14.06866059,5.88235283,0,94,65.09803772,708,-,0.78125,-,-5.46875,53,5.80150952,9.35000038,-,0.62,7.45098019,14.90196037,27,14.07499981
Fri Jul 24 19:15:03 GMT+05:00 2026,24-Jul-2026 19:15:03.601,74.23188685,31.4357172,4.610000133514404,3.808448314666748,167.9561767578125,272.0,0.27517462,6.37896585,7.2852478,0.00648171,33.72549057,14.06866059,5.88235283,0,94,65.09803772,1804,-,-1.5625,-,-3.125,53,5.80150952,9.35000038,-,0.59500003,7.45098019,14.11764717,27,14.07499981
Fri Jul 24 19:15:04 GMT+05:00 2026,24-Jul-2026 19:15:04.601,74.23183887,31.43571914,4.599999904632568,3.8086113929748535,167.867919921875,271.0,-0.15194423,7.14885664,7.68873739,0.08931655,33.72549057,14.06866059,0,0,94,65.09803772,1804,-,-1.5625,-,-3.125,53,4.2060944,9.35000038,-,0.59500003,3.13725495,14.11764717,27,14.07499981
Fri Jul 24 19:15:05 GMT+05:00 2026,24-Jul-2026 19:15:05.602,74.23179132,31.43571757,4.440000057220459,3.8074324131011963,167.932861328125,267.70001220703125,-0.26799613,6.19471884,7.01725149,-0.02644378,33.72549057,14.06866059,0,0,94,65.09803772,1804,-,-5.46875,-,-7.03125,53,4.2060944,9.35000038,-,0.75999999,3.13725495,14.11764717,27,14.07499981
Fri Jul 24 19:15:06 GMT+05:00 2026,24-Jul-2026 19:15:06.602,74.23174694,31.43571397,4.110000133514404,3.8085744380950928,167.82391357421875,263.8999938964844,-0.3484548,6.15643358,7.66361284,0.02168745,31.37254906,14.06866059,0,0,94,34.90196228,813,-,-5.46875,-,-7.03125,53,4.2060944,9.35000038,-,0.75999999,3.52941179,14.11764717,27,14.07499981
Fri Jul 24 19:15:07 GMT+05:00 2026,24-Jul-2026 19:15:07.602,74.23171026,31.43571011,3.259999990463257,3.859632730484009,167.79595947265625,262.1000061035156,0.81146598,5.91116905,8.056036,0.04091376,31.37254906,14.06866059,0,0,94,34.90196228,813,-,-5.46875,-,-7.03125,54,4.2060944,9.35000038,-,0.75999999,3.52941179,14.50980377,1,14.125
Fri Jul 24 19:15:08 GMT+05:00 2026,24-Jul-2026 19:15:08.602,74.23168116,31.43570787,2.4100000858306885,3.8203372955322266,167.836181640625,262.6000061035156,-0.32452658,5.98773956,7.7593255,0.01863295,31.37254906,14.06866059,0,0,94,36.86274338,719,-,-5.46875,-,-7.03125,54,5.51143404,9.35000038,-,0.75999999,3.52941179,14.50980377,1,14.125
Fri Jul 24 19:15:09 GMT+05:00 2026,24-Jul-2026 19:15:09.601,74.23166412,31.43570688,1.399999976158142,3.81909441947937,167.991943359375,266.1000061035156,0.69302124,6.66281462,7.25294447,0.02543467,31.37254906,14.06866059,0,0,94,36.86274338,719,-,-7.8125,-,-7.03125,54,5.51143404,9.35000038,-,0.75999999,3.52941179,14.50980377,6.5,14.27499962
Fri Jul 24 19:15:10 GMT+05:00 2026,24-Jul-2026 19:15:10.602,74.23164871,31.4357085,1.409999966621399,3.824549674987793,168.04974365234375,271.3999938964844,0.44656053,7.16082096,6.46421051,0.00343078,32.15686417,14.06866059,0,0,94,74.90196228,840,-,-3.90625,-,-7.03125,54,5.51143404,9.35000038,-,0.75999999,5.09803915,14.50980377,6.5,14.27499962
Fri Jul 24 19:15:11 GMT+05:00 2026,24-Jul-2026 19:15:11.602,74.23163127,31.43571242,1.8300000429153442,3.810155153274536,168.110595703125,277.79998779296875,-0.13998012,7.31994343,5.92432976,-0.0209586,32.15686417,14.06866059,0,0,94,74.90196228,840,-,-3.90625,-,-3.125,54,5.51143404,9.35000038,-,0.38999999,5.09803915,16.86274529,17,14.27499962
Fri Jul 24 19:15:12 GMT+05:00 2026,24-Jul-2026 19:15:12.602,74.23160592,31.43571588,2.759999990463257,3.8056437969207764,167.94561767578125,279.20001220703125,-0.4956134,7.88016319,6.10020208,0.03609771,32.15686417,14.06866059,0,0,94,85.49019623,1473,-,-3.90625,-,-3.125,54,9.57249071,10.89000034,-,0.38999999,9.4117651,16.86274529,17,14.27499962
Fri Jul 24 19:15:13 GMT+05:00 2026,24-Jul-2026 19:15:13.602,74.23156955,31.43571645,3.819999933242798,3.8097541332244873,167.9063720703125,272.1000061035156,0.19740787,7.34746122,6.57428026,0.02422971,32.15686417,14.06866059,0,0,94,85.49019623,1473,-,-3.90625,-,-3.125,54,9.57249071,10.89000034,-,0.38999999,9.4117651,16.86274529,17,14.27499962
Fri Jul 24 19:15:14 GMT+05:00 2026,24-Jul-2026 19:15:14.602,74.23152436,31.4357161,4.710000038146973,3.8050408363342285,167.92034912109375,266.0,-0.37597227,7.31156874,6.08823824,-0.01036561,32.15686417,14.06866059,0,0,94,85.49019623,1473,-,-3.90625,-,-3.125,54,9.57249071,10.89000034,-,0.38999999,9.4117651,16.86274529,17,14.27499962
Fri Jul 24 19:15:15 GMT+05:00 2026,24-Jul-2026 19:15:15.602,74.23147015,31.43571254,5.449999809265137,3.7954444885253906,168.0491943359375,264.5,0.28145576,7.39890671,7.36780024,0.08377618,32.15686417,14.06866059,0,0,94,85.49019623,1473,-,-5.46875,-,-3.125,54,9.57249071,10.89000034,-,0.38999999,9.4117651,16.86274529,23,14.27499962
Fri Jul 24 19:15:16 GMT+05:00 2026,24-Jul-2026 19:15:16.603,74.23140777,31.43570845,6.150000095367432,3.8071258068084717,168.08544921875,264.79998779296875,0.50398827,6.7489562,5.62253523,-0.08409917,32.15686417,14.06866059,24.31372643,-1.5625,94,85.49019623,1473,-,-5.46875,-,-3.125,54,9.57249071,10.89000034,-,0.38999999,10.98039246,20.3921566,23,14.14999962
Fri Jul 24 19:15:17 GMT+05:00 2026,24-Jul-2026 19:15:17.602,74.23133867,31.43570409,6.909999847412109,3.8071510791778564,168.01947021484375,265.5,-0.43100718,6.7489562,5.37368155,-0.10049599,32.15686417,14.06866059,24.31372643,-1.5625,94,83.52941132,1614,-,-4.6875,-,-3.125,54,10.15264166,10.89000034,-,0.38999999,10.98039246,20.3921566,23,14.14999962
Fri Jul 24 19:15:18 GMT+05:00 2026,24-Jul-2026 19:15:18.602,74.23126086,31.43569925,7.699999809265137,3.808427095413208,168.12640380859375,265.6000061035156,0.23090738,7.29721165,5.18913507,-0.06794137,35.68627548,14.06866059,22.74509811,-1.5625,94,83.52941132,1614,-,-4.6875,-,-3.90625,54,10.15264166,10.89000034,-,0.63999999,11.37254906,20.3921566,27,14.14999962
Fri Jul 24 19:15:19 GMT+05:00 2026,24-Jul-2026 19:15:19.601,74.23117574,31.43569389,8.420000076293945,3.808431625366211,168.12237548828125,265.70001220703125,0.09332009,7.08305407,6.4941206,-0.00138813,35.68627548,14.06866059,22.74509811,-1.5625,94,89.01960754,1854,-,-4.6875,-,-3.90625,54,9.42745297,14.05000019,-,0.63999999,11.37254906,20.3921566,27,14.14999962
Fri Jul 24 19:15:20 GMT+05:00 2026,24-Jul-2026 19:15:20.602,74.2310852,31.43568993,8.949999809265137,3.802959442138672,168.2318115234375,267.20001220703125,0.28863424,8.27767086,7.45274544,0.1547907,35.68627548,14.06866059,22.74509811,-1.5625,94,89.01960754,1854,-,-4.6875,-,-3.90625,54,9.42745297,14.05000019,-,0.63999999,11.37254906,20.3921566,24.5,14.14999962
Fri Jul 24 19:15:21 GMT+05:00 2026,24-Jul-2026 19:15:21.603,74.23098436,31.43568631,9.520000457763672,3.807856321334839,168.1175537109375,267.5,0.40468612,6.71904612,6.80758047,-0.0051049,35.68627548,14.06866059,22.74509811,-1.5625,94,94.90196228,1446,-,-6.25,-,-3.90625,54,9.42745297,12.52999973,-,0.63999999,11.37254906,20.3921566,24,14.14999962
Fri Jul 24 19:15:22 GMT+05:00 2026,24-Jul-2026 19:15:22.602,74.23088147,31.4356824,10.0600004196167,3.808584213256836,168.175537109375,267.1000061035156,-0.12083755,6.59820843,7.57358265,0.04299611,31.37254906,14.06866059,22.74509811,38.28125,94,94.90196228,1446,-,-6.25,-,-3.90625,54,9.42745297,12.52999973,-,0.63999999,3.13725495,20,24,14.14999962
Fri Jul 24 19:15:23 GMT+05:00 2026,24-Jul-2026 19:15:23.602,74.23077728,31.43568041,9.930000305175781,3.8092079162597656,168.0662841796875,268.6000061035156,-0.44177487,6.64367199,7.22064161,0.0202207,31.37254906,14.06866059,22.74509811,38.28125,94,94.90196228,1399,-,0,-,-3.90625,53,9.42745297,3.3499999,-,0.63999999,3.13725495,20,-12,14.14999962
Fri Jul 24 19:15:24 GMT+05:00 2026,24-Jul-2026 19:15:24.603,74.23067105,31.43567915,9.59000015258789,3.884097099304199,167.919921875,269.29998779296875,0.47766721,6.75015259,7.18953466,0.02545303,31.37254906,14.06866059,0,0,94,94.90196228,1399,-,0,-,-3.90625,53,9.42745297,3.3499999,-,0.63999999,7.05882359,20,-12,14.14999962
Fri Jul 24 19:15:25 GMT+05:00 2026,24-Jul-2026 19:15:25.602,74.23057262,31.43567927,9.710000038146973,3.8076069355010986,167.98828125,269.70001220703125,0.46331027,7.15483904,7.31156874,0.06287163,31.37254906,14.06866059,0,0,94,78.8235321,1530,-,0,-,-3.90625,53,9.42745297,11.28999996,-,0.63999999,7.05882359,20,-12,14.14999962
Fri Jul 24 19:15:26 GMT+05:00 2026,24-Jul-2026 19:15:26.601,74.23046802,31.43567688,10.140000343322754,3.806624412536621,167.899169921875,268.20001220703125,0.52193445,6.97268534,6.51445961,-0.00682902,31.37254906,14.06866059,23.52941132,-0.78125,95,78.8235321,1530,-,0,-,-1.5625,53,10.44271714,11.28999996,-,0.85500002,11.37254906,20,-12,14.14999962
Fri Jul 24 19:15:27 GMT+05:00 2026,24-Jul-2026 19:15:27.601,74.23035908,31.43567333,10.569999694824219,3.8072669506073,167.950439453125,267.70001220703125,0.4657031,7.1787672,6.85424042,0.03188545,31.37254906,14.06866059,23.52941132,-0.78125,95,88.62744904,1530,-,0,-,-1.5625,52,10.44271714,13.19999981,-,0.85500002,11.37254906,20,-12,14.10000038
Fri Jul 24 19:15:28 GMT+05:00 2026,24-Jul-2026 19:15:28.602,74.23024715,31.43566987,11.039999961853027,3.801905870437622,167.8017578125,267.79998779296875,-0.30658039,8.01535797,7.91605568,0.1677869,35.68627548,14.06866059,23.52941132,-0.78125,95,88.62744904,1530,-,0,-,-5.46875,52,10.44271714,13.27999973,-,0.67500001,11.37254906,20,-12,14.10000038
Fri Jul 24 19:15:29 GMT+05:00 2026,24-Jul-2026 19:15:29.602,74.23012475,31.435667,11.420000076293945,3.80596661567688,167.7913818359375,268.20001220703125,0.56261241,6.60179758,7.84307432,0.04113585,35.68627548,14.06866059,23.52941132,-0.78125,95,83.92156982,1668,-,-6.25,-,-5.46875,52,10.44271714,13.27999973,-,0.67500001,11.37254906,20,-5,14.10000038
Fri Jul 24 19:15:30 GMT+05:00 2026,24-Jul-2026 19:15:30.601,74.230008,31.43566424,11.039999961853027,3.807267904281616,167.84814453125,268.5,0.91106725,6.64247561,10.43958569,0.28374547,31.37254906,14.06866059,0,-0.78125,95,83.92156982,1668,-,-6.25,-,-5.46875,52,4.49616988,13.27999973,-,0.67500001,3.52941179,20,-5,14.10000038
Fri Jul 24 19:15:31 GMT+05:00 2026,24-Jul-2026 19:15:31.601,74.2299001,31.43566275,9.869999885559082,3.8054680824279785,167.642822265625,280.6000061035156,-3.23330164,10.36391354,1.24965167,0.13299042,31.37254906,14.06866059,0,-0.78125,95,83.92156982,906,-,-10.9375,-,-5.46875,52,4.49616988,3.3900001,-,0.67500001,3.52941179,20,-5,14.125
Fri Jul 24 19:15:32 GMT+05:00 2026,24-Jul-2026 19:15:32.602,74.22989525,31.43566287,7.599999904632568,9.676778793334961,167.51165771484375,263.0,2.33659124,2.68863535,10.51496029,0.15069491,31.37254906,14.06866059,0,0,95,83.92156982,906,-,-10.9375,-,-10.15625,52,4.49616988,3.3900001,-,0.71499997,3.13725495,20,-5,14.125
Fri Jul 24 19:15:33 GMT+05:00 2026,24-Jul-2026 19:15:33.601,74.22972654,31.43565477,7.119999885559082,3.7900924682617188,167.80975341796875,264.6000061035156,1.90319133,4.27956343,8.81156921,0.11174126,31.37254906,14.06866059,0,0,95,33.72549057,906,-,-10.9375,-,-10.15625,52,4.49616988,3.3900001,-,0.71499997,3.13725495,14.11764717,-5,14.125
GPS Time, Device Time, Longitude, Latitude,GPS Speed (Meters/second), Horizontal Dilution of Precision, Altitude, Bearing, G(x), G(y), G(z), G(calibrated), Absolute Throttle Position B(%),Barometric pressure (from vehicle)(psi),EGR Commanded(%),EGR Error(%),Engine Coolant Temperature(°C),Engine Load(%),Engine RPM(rpm),Fuel Trim Bank 1 Long Term(%),Fuel Trim Bank 1 Short Term(%),Fuel trim Bank 1 Sensor 1(%),Fuel trim Bank 1 Sensor 2(%),Intake Air Temperature(°C),Intake Manifold Pressure(psi),Mass Air Flow Rate(g/s),O2 Bank 1 Sensor 1 Voltage(V),O2 Bank 1 Sensor 2 Voltage(V),Relative Throttle Position(%),Throttle Position(Manifold)(%),Timing Advance(°),Voltage (Control Module)(V)
Fri Jul 24 19:15:35 GMT+05:00 2026,24-Jul-2026 19:15:35.092,74.22961455,31.43565327,3.5,3.7900924682617188,167.53717041015625,266.5,0.77677006,4.17517662,8.00219727,-0.05752558,31.37254906,14.06866059,0,0,95,33.72549057,707,-,-10.9375,-,-10.15625,52,5.07632083,3.28999996,-,0.71499997,3.52941179,14.11764717,-5,14.125
Fri Jul 24 19:15:36 GMT+05:00 2026,24-Jul-2026 19:15:36.091,74.22958736,31.43565226,1.7599999904632568,3.7900924682617188,166.95111083984375,267.79998779296875,0.59730834,4.2388854,8.02492905,-0.05385464,31.37254906,14.06866059,0,0,95,33.72549057,707,-,-10.9375,-,-8.59375,52,5.07632083,3.28999996,-,0.61500001,3.52941179,14.11764717,7,14.30000019
Fri Jul 24 19:15:37 GMT+05:00 2026,24-Jul-2026 19:15:37.092,74.22955673,31.43565013,2.25,3.7900924682617188,167.082275390625,270.79998779296875,0.64157557,6.664011,5.59860659,-0.09137118,31.37254906,14.06866059,0,0,95,33.72549057,757,-,-7.8125,-,-8.59375,52,5.51143404,3.28999996,-,0.61500001,3.52941179,14.11764717,7,14.30000019
